time="2026-07-12T22:33:28+08:00" level=warning msg="C:\\Users\\25453\\Desktop\\HRISenior\\HRISenior\\HRI-SeniorCare\\xiaozhi-esp32-server\\main\\xiaozhi-server\\docker-compose.yml: the attribute `version` is obsolete, it will be ignored, please remove it to avoid potential confusion"
 Image ghcr.nju.edu.cn/xinnan-tech/xiaozhi-esp32-server:server_latest Pulling 
 b8e130f83bb7 Pulling fs layer 0B
 7b8f8b8edfb4 Pulling fs layer 0B
 10d13ed35878 Pulling fs layer 0B
 c30266668039 Pulling fs layer 0B
 aecf3e6b3e04 Pulling fs layer 0B
 44df7c9b0118 Pulling fs layer 0B
 206356c42440 Pulling fs layer 0B
 36b527d1cae8 Pulling fs layer 0B
 7fe6b2798913 Pulling fs layer 0B
 80af3a31ab5a Pulling fs layer 0B
 7fe6b2798913 Downloading 252B
 7fe6b2798913 Download complete 0B
 c30266668039 Downloading 130B
 7b8f8b8edfb4 Download complete 0B
 c30266668039 Download complete 0B
 b8e130f83bb7 Downloading 1.049MB
 b8e130f83bb7 Downloading 1.049MB
 b8e130f83bb7 Downloading 1.049MB
 b8e130f83bb7 Downloading 1.049MB
 b8e130f83bb7 Downloading 1.049MB
 b8e130f83bb7 Downloading 1.049MB
 b8e130f83bb7 Downloading 1.049MB
 b8e130f83bb7 Downloading 1.049MB
 44df7c9b0118 Downloading 1.049MB
 b8e130f83bb7 Downloading 1.049MB
 44df7c9b0118 Downloading 1.049MB
 10d13ed35878 Downloading 1.049MB
 b8e130f83bb7 Downloading 1.049MB
 44df7c9b0118 Downloading 1.049MB
 10d13ed35878 Downloading 1.049MB
 b8e130f83bb7 Downloading 1.049MB
 44df7c9b0118 Downloading 1.049MB
 10d13ed35878 Downloading 1.049MB
 b8e130f83bb7 Downloading 1.049MB
 44df7c9b0118 Downloading 1.049MB
 b8e130f83bb7 Downloading 2.097MB
 44df7c9b0118 Downloading 1.049MB
 10d13ed35878 Downloading 1.049MB
 44df7c9b0118 Downloading 1.049MB
 10d13ed35878 Downloading 1.049MB
 b8e130f83bb7 Downloading 2.097MB
 44df7c9b0118 Downloading 1.049MB
 10d13ed35878 Downloading 1.049MB
 b8e130f83bb7 Downloading 2.097MB
 b8e130f83bb7 Downloading 2.097MB
 44df7c9b0118 Downloading 1.049MB
 10d13ed35878 Downloading 1.049MB
 b8e130f83bb7 Downloading 2.097MB
 44df7c9b0118 Downloading 2.097MB
 10d13ed35878 Downloading 1.049MB
 b8e130f83bb7 Downloading 2.097MB
 44df7c9b0118 Downloading 2.097MB
 206356c42440 Downloading 1.049MB
 b8e130f83bb7 Downloading 2.097MB
 44df7c9b0118 Downloading 2.097MB
 206356c42440 Downloading 1.049MB
 36b527d1cae8 Downloading 1.049MB
 aecf3e6b3e04 Downloading 1.049MB
 10d13ed35878 Download complete 0B
 b8e130f83bb7 Downloading 2.097MB
 44df7c9b0118 Downloading 2.097MB
 206356c42440 Downloading 1.049MB
 36b527d1cae8 Downloading 1.049MB
 aecf3e6b3e04 Downloading 1.049MB
 44df7c9b0118 Downloading 2.097MB
 206356c42440 Downloading 1.049MB
 36b527d1cae8 Downloading 1.049MB
 aecf3e6b3e04 Downloading 1.049MB
 b8e130f83bb7 Downloading 2.097MB
 8377cb7bc408 Download complete 0B
 b8e130f83bb7 Downloading 2.097MB
 44df7c9b0118 Downloading 3.146MB
 206356c42440 Downloading 1.049MB
 36b527d1cae8 Downloading 1.049MB
 aecf3e6b3e04 Downloading 1.049MB
 b8e130f83bb7 Downloading 2.097MB
 44df7c9b0118 Downloading 3.146MB
 206356c42440 Downloading 1.049MB
 36b527d1cae8 Downloading 1.049MB
 aecf3e6b3e04 Download complete 0B
 206356c42440 Downloading 1.049MB
 36b527d1cae8 Downloading 1.049MB
 b8e130f83bb7 Downloading 2.097MB
 44df7c9b0118 Downloading 3.146MB
 b8e130f83bb7 Downloading 2.097MB
 44df7c9b0118 Downloading 3.146MB
 206356c42440 Downloading 1.049MB
 36b527d1cae8 Downloading 1.049MB
 b8e130f83bb7 Downloading 3.146MB
 44df7c9b0118 Downloading 3.146MB
 206356c42440 Downloading 1.049MB
 36b527d1cae8 Downloading 1.049MB
 b8e130f83bb7 Downloading 3.146MB
 44df7c9b0118 Downloading 3.146MB
 206356c42440 Downloading 1.049MB
 36b527d1cae8 Downloading 2.097MB
 44df7c9b0118 Downloading 4.194MB
 206356c42440 Downloading 1.049MB
 36b527d1cae8 Downloading 2.097MB
 b8e130f83bb7 Downloading 3.146MB
 44df7c9b0118 Downloading 4.194MB
 206356c42440 Downloading 1.049MB
 36b527d1cae8 Downloading 2.097MB
 b8e130f83bb7 Downloading 3.146MB
 b8e130f83bb7 Downloading 3.146MB
 44df7c9b0118 Downloading 4.194MB
 206356c42440 Downloading 2.097MB
 36b527d1cae8 Downloading 2.097MB
 b8e130f83bb7 Downloading 3.146MB
 44df7c9b0118 Downloading 4.194MB
 206356c42440 Downloading 2.097MB
 36b527d1cae8 Downloading 2.097MB
 b8e130f83bb7 Downloading 3.146MB
 44df7c9b0118 Downloading 4.194MB
 206356c42440 Downloading 2.097MB
 36b527d1cae8 Downloading 2.097MB
 b8e130f83bb7 Downloading 3.146MB
 44df7c9b0118 Downloading 5.243MB
 206356c42440 Downloading 2.097MB
 36b527d1cae8 Downloading 2.097MB
 b8e130f83bb7 Downloading 4.194MB
 44df7c9b0118 Downloading 5.243MB
 206356c42440 Downloading 2.097MB
 36b527d1cae8 Downloading 3.146MB
 b8e130f83bb7 Downloading 4.194MB
 44df7c9b0118 Downloading 5.243MB
 206356c42440 Downloading 2.097MB
 36b527d1cae8 Downloading 3.146MB
 b8e130f83bb7 Downloading 4.194MB
 44df7c9b0118 Downloading 5.243MB
 206356c42440 Downloading 2.097MB
 36b527d1cae8 Downloading 3.146MB
 b8e130f83bb7 Downloading 4.194MB
 44df7c9b0118 Downloading 5.243MB
 206356c42440 Downloading 2.097MB
 36b527d1cae8 Downloading 3.146MB
 b8e130f83bb7 Downloading 5.243MB
 44df7c9b0118 Downloading 5.243MB
 206356c42440 Downloading 2.097MB
 36b527d1cae8 Downloading 3.146MB
 b8e130f83bb7 Downloading 5.243MB
 44df7c9b0118 Downloading 5.243MB
 206356c42440 Downloading 2.097MB
 36b527d1cae8 Downloading 3.146MB
 b8e130f83bb7 Downloading 5.243MB
 44df7c9b0118 Downloading 5.243MB
 206356c42440 Downloading 2.097MB
 36b527d1cae8 Downloading 3.146MB
 44df7c9b0118 Downloading 5.243MB
 206356c42440 Downloading 2.097MB
 36b527d1cae8 Downloading 4.194MB
 b8e130f83bb7 Downloading 5.243MB
 b8e130f83bb7 Downloading 5.243MB
 44df7c9b0118 Downloading 6.291MB
 206356c42440 Downloading 2.097MB
 36b527d1cae8 Downloading 4.194MB
 b8e130f83bb7 Downloading 5.243MB
 44df7c9b0118 Downloading 6.291MB
 206356c42440 Downloading 2.097MB
 36b527d1cae8 Downloading 4.194MB
 206356c42440 Downloading 2.097MB
 36b527d1cae8 Downloading 4.194MB
 b8e130f83bb7 Downloading 6.291MB
 44df7c9b0118 Downloading 6.291MB
 b8e130f83bb7 Downloading 6.291MB
 44df7c9b0118 Downloading 6.291MB
 206356c42440 Downloading 2.097MB
 36b527d1cae8 Downloading 4.194MB
 44df7c9b0118 Downloading 6.291MB
 206356c42440 Downloading 2.097MB
 36b527d1cae8 Downloading 4.194MB
 b8e130f83bb7 Downloading 6.291MB
 206356c42440 Downloading 2.097MB
 36b527d1cae8 Downloading 4.194MB
 b8e130f83bb7 Downloading 6.291MB
 44df7c9b0118 Downloading 6.291MB
 44df7c9b0118 Downloading 6.291MB
 206356c42440 Downloading 3.146MB
 36b527d1cae8 Downloading 5.243MB
 b8e130f83bb7 Downloading 6.291MB
 b8e130f83bb7 Downloading 6.291MB
 44df7c9b0118 Downloading 7.34MB
 206356c42440 Downloading 3.146MB
 36b527d1cae8 Downloading 5.243MB
 b8e130f83bb7 Downloading 7.34MB
 44df7c9b0118 Downloading 7.34MB
 206356c42440 Downloading 3.146MB
 36b527d1cae8 Downloading 5.243MB
 b8e130f83bb7 Downloading 7.34MB
 44df7c9b0118 Downloading 7.34MB
 206356c42440 Downloading 3.146MB
 36b527d1cae8 Downloading 5.243MB
 b8e130f83bb7 Downloading 7.34MB
 44df7c9b0118 Downloading 7.34MB
 206356c42440 Downloading 3.146MB
 36b527d1cae8 Downloading 5.243MB
 b8e130f83bb7 Downloading 7.34MB
 44df7c9b0118 Downloading 7.34MB
 206356c42440 Downloading 3.146MB
 36b527d1cae8 Downloading 5.243MB
 b8e130f83bb7 Downloading 7.34MB
 44df7c9b0118 Downloading 7.34MB
 206356c42440 Downloading 3.146MB
 36b527d1cae8 Downloading 6.291MB
 b8e130f83bb7 Downloading 7.34MB
 44df7c9b0118 Downloading 8.389MB
 206356c42440 Downloading 3.146MB
 36b527d1cae8 Downloading 6.291MB
 b8e130f83bb7 Downloading 8.389MB
 44df7c9b0118 Downloading 8.389MB
 206356c42440 Downloading 3.146MB
 36b527d1cae8 Downloading 6.291MB
 b8e130f83bb7 Downloading 8.389MB
 44df7c9b0118 Downloading 8.389MB
 206356c42440 Downloading 3.146MB
 36b527d1cae8 Downloading 6.291MB
 b8e130f83bb7 Downloading 8.389MB
 44df7c9b0118 Downloading 8.389MB
 206356c42440 Downloading 3.146MB
 36b527d1cae8 Downloading 6.291MB
 36b527d1cae8 Downloading 6.291MB
 b8e130f83bb7 Downloading 8.389MB
 44df7c9b0118 Downloading 8.389MB
 206356c42440 Downloading 3.146MB
 44df7c9b0118 Downloading 8.389MB
 206356c42440 Downloading 3.146MB
 36b527d1cae8 Downloading 7.34MB
 b8e130f83bb7 Downloading 8.389MB
 b8e130f83bb7 Downloading 9.437MB
 44df7c9b0118 Downloading 8.389MB
 206356c42440 Downloading 3.146MB
 36b527d1cae8 Downloading 7.34MB
 b8e130f83bb7 Downloading 9.437MB
 44df7c9b0118 Downloading 9.437MB
 206356c42440 Downloading 3.146MB
 36b527d1cae8 Downloading 7.34MB
 206356c42440 Downloading 3.146MB
 36b527d1cae8 Downloading 7.34MB
 b8e130f83bb7 Downloading 9.437MB
 44df7c9b0118 Downloading 9.437MB
 b8e130f83bb7 Downloading 9.437MB
 44df7c9b0118 Downloading 9.437MB
 206356c42440 Downloading 4.194MB
 36b527d1cae8 Downloading 7.34MB
 b8e130f83bb7 Downloading 9.437MB
 44df7c9b0118 Downloading 9.437MB
 206356c42440 Downloading 4.194MB
 36b527d1cae8 Downloading 7.34MB
 44df7c9b0118 Downloading 9.437MB
 206356c42440 Downloading 4.194MB
 36b527d1cae8 Downloading 8.389MB
 b8e130f83bb7 Downloading 9.437MB
 44df7c9b0118 Downloading 9.437MB
 206356c42440 Downloading 4.194MB
 36b527d1cae8 Downloading 8.389MB
 b8e130f83bb7 Downloading 10.49MB
 44df7c9b0118 Downloading 9.437MB
 206356c42440 Downloading 4.194MB
 36b527d1cae8 Downloading 8.389MB
 b8e130f83bb7 Downloading 10.49MB
 44df7c9b0118 Downloading 10.49MB
 206356c42440 Downloading 4.194MB
 36b527d1cae8 Downloading 8.389MB
 b8e130f83bb7 Downloading 10.49MB
 b8e130f83bb7 Downloading 10.49MB
 44df7c9b0118 Downloading 10.49MB
 206356c42440 Downloading 4.194MB
 36b527d1cae8 Downloading 8.389MB
 b8e130f83bb7 Downloading 10.49MB
 44df7c9b0118 Downloading 10.49MB
 206356c42440 Downloading 4.194MB
 36b527d1cae8 Downloading 8.389MB
 b8e130f83bb7 Downloading 10.49MB
 44df7c9b0118 Downloading 10.49MB
 206356c42440 Downloading 4.194MB
 36b527d1cae8 Downloading 9.437MB
 b8e130f83bb7 Downloading 11.53MB
 44df7c9b0118 Downloading 10.49MB
 206356c42440 Downloading 4.194MB
 36b527d1cae8 Downloading 9.437MB
 b8e130f83bb7 Downloading 11.53MB
 44df7c9b0118 Downloading 10.49MB
 206356c42440 Downloading 4.194MB
 36b527d1cae8 Downloading 9.437MB
 44df7c9b0118 Downloading 10.49MB
 206356c42440 Downloading 4.194MB
 36b527d1cae8 Downloading 9.437MB
 b8e130f83bb7 Downloading 11.53MB
 b8e130f83bb7 Downloading 11.53MB
 44df7c9b0118 Downloading 10.49MB
 206356c42440 Downloading 4.194MB
 36b527d1cae8 Downloading 9.437MB
 80af3a31ab5a Downloading 1.049MB
 44df7c9b0118 Downloading 11.53MB
 206356c42440 Downloading 4.194MB
 36b527d1cae8 Downloading 9.437MB
 80af3a31ab5a Downloading 1.049MB
 b8e130f83bb7 Downloading 11.53MB
 80af3a31ab5a Downloading 1.049MB
 b8e130f83bb7 Downloading 11.53MB
 44df7c9b0118 Downloading 11.53MB
 206356c42440 Downloading 4.194MB
 36b527d1cae8 Downloading 9.437MB
 b8e130f83bb7 Downloading 12.58MB
 44df7c9b0118 Downloading 11.53MB
 206356c42440 Downloading 4.194MB
 36b527d1cae8 Downloading 9.437MB
 80af3a31ab5a Downloading 1.049MB
 80af3a31ab5a Downloading 1.049MB
 b8e130f83bb7 Downloading 12.58MB
 44df7c9b0118 Downloading 11.53MB
 206356c42440 Downloading 4.194MB
 36b527d1cae8 Downloading 10.49MB
 80af3a31ab5a Downloading 1.049MB
 b8e130f83bb7 Downloading 12.58MB
 44df7c9b0118 Downloading 11.53MB
 206356c42440 Downloading 4.194MB
 36b527d1cae8 Downloading 10.49MB
 44df7c9b0118 Downloading 11.53MB
 206356c42440 Downloading 5.243MB
 36b527d1cae8 Downloading 10.49MB
 80af3a31ab5a Downloading 1.049MB
 b8e130f83bb7 Downloading 12.58MB
 80af3a31ab5a Downloading 1.049MB
 b8e130f83bb7 Downloading 12.58MB
 44df7c9b0118 Downloading 11.53MB
 206356c42440 Downloading 5.243MB
 36b527d1cae8 Downloading 10.49MB
 44df7c9b0118 Downloading 11.53MB
 206356c42440 Downloading 5.243MB
 36b527d1cae8 Downloading 11.53MB
 80af3a31ab5a Downloading 1.049MB
 b8e130f83bb7 Downloading 13.63MB
 b8e130f83bb7 Downloading 13.63MB
 44df7c9b0118 Downloading 11.53MB
 206356c42440 Downloading 5.243MB
 36b527d1cae8 Downloading 11.53MB
 80af3a31ab5a Downloading 1.049MB
 80af3a31ab5a Downloading 1.049MB
 b8e130f83bb7 Downloading 13.63MB
 44df7c9b0118 Downloading 11.53MB
 206356c42440 Downloading 5.243MB
 36b527d1cae8 Downloading 11.53MB
 80af3a31ab5a Downloading 1.049MB
 b8e130f83bb7 Downloading 13.63MB
 44df7c9b0118 Downloading 11.53MB
 206356c42440 Downloading 5.243MB
 36b527d1cae8 Downloading 11.53MB
 36b527d1cae8 Downloading 11.53MB
 80af3a31ab5a Downloading 1.049MB
 b8e130f83bb7 Downloading 13.63MB
 44df7c9b0118 Downloading 12.58MB
 206356c42440 Downloading 5.243MB
 b8e130f83bb7 Downloading 13.63MB
 44df7c9b0118 Downloading 12.58MB
 206356c42440 Downloading 5.243MB
 36b527d1cae8 Downloading 11.53MB
 80af3a31ab5a Downloading 1.049MB
 80af3a31ab5a Downloading 1.049MB
 b8e130f83bb7 Downloading 14.68MB
 44df7c9b0118 Downloading 12.58MB
 206356c42440 Downloading 5.243MB
 36b527d1cae8 Downloading 11.53MB
 80af3a31ab5a Downloading 1.049MB
 b8e130f83bb7 Downloading 14.68MB
 44df7c9b0118 Downloading 12.58MB
 206356c42440 Downloading 5.243MB
 36b527d1cae8 Downloading 12.58MB
 b8e130f83bb7 Downloading 14.68MB
 44df7c9b0118 Downloading 12.58MB
 206356c42440 Downloading 5.243MB
 36b527d1cae8 Downloading 12.58MB
 80af3a31ab5a Downloading 1.049MB
 80af3a31ab5a Downloading 1.049MB
 b8e130f83bb7 Downloading 14.68MB
 44df7c9b0118 Downloading 12.58MB
 206356c42440 Downloading 5.243MB
 36b527d1cae8 Downloading 12.58MB
 b8e130f83bb7 Downloading 14.68MB
 44df7c9b0118 Downloading 13.63MB
 206356c42440 Downloading 5.243MB
 36b527d1cae8 Downloading 12.58MB
 80af3a31ab5a Downloading 1.049MB
 36b527d1cae8 Downloading 12.58MB
 80af3a31ab5a Downloading 1.049MB
 b8e130f83bb7 Downloading 14.68MB
 44df7c9b0118 Downloading 13.82MB
 206356c42440 Downloading 5.243MB
 36b527d1cae8 Downloading 12.58MB
 80af3a31ab5a Downloading 1.049MB
 b8e130f83bb7 Downloading 14.68MB
 44df7c9b0118 Download complete 0B
 206356c42440 Downloading 6.291MB
 80af3a31ab5a Downloading 1.049MB
 b8e130f83bb7 Downloading 15.73MB
 206356c42440 Downloading 6.291MB
 36b527d1cae8 Downloading 13.63MB
 b8e130f83bb7 Downloading 15.73MB
 206356c42440 Downloading 6.291MB
 36b527d1cae8 Downloading 13.63MB
 80af3a31ab5a Downloading 1.049MB
 80af3a31ab5a Downloading 1.049MB
 b8e130f83bb7 Downloading 15.73MB
 206356c42440 Downloading 6.291MB
 36b527d1cae8 Downloading 13.63MB
 b8e130f83bb7 Downloading 15.73MB
 206356c42440 Downloading 6.291MB
 36b527d1cae8 Downloading 13.63MB
 80af3a31ab5a Downloading 1.049MB
 80af3a31ab5a Downloading 1.049MB
 b8e130f83bb7 Downloading 15.73MB
 206356c42440 Downloading 6.291MB
 36b527d1cae8 Downloading 13.63MB
 206356c42440 Downloading 6.291MB
 36b527d1cae8 Downloading 13.63MB
 80af3a31ab5a Downloading 1.049MB
 b8e130f83bb7 Downloading 16.78MB
 36b527d1cae8 Downloading 14.68MB
 80af3a31ab5a Downloading 1.049MB
 b8e130f83bb7 Downloading 16.78MB
 206356c42440 Downloading 6.291MB
 36b527d1cae8 Downloading 14.68MB
 80af3a31ab5a Downloading 1.049MB
 b8e130f83bb7 Downloading 16.78MB
 206356c42440 Downloading 6.291MB
 b8e130f83bb7 Downloading 16.78MB
 206356c42440 Downloading 6.291MB
 36b527d1cae8 Downloading 14.68MB
 80af3a31ab5a Downloading 1.049MB
 80af3a31ab5a Downloading 1.049MB
 b8e130f83bb7 Downloading 17.83MB
 206356c42440 Downloading 6.291MB
 36b527d1cae8 Downloading 14.68MB
 b8e130f83bb7 Downloading 17.83MB
 206356c42440 Downloading 6.291MB
 36b527d1cae8 Downloading 14.68MB
 80af3a31ab5a Downloading 1.049MB
 80af3a31ab5a Downloading 1.049MB
 b8e130f83bb7 Downloading 17.83MB
 206356c42440 Downloading 6.291MB
 36b527d1cae8 Downloading 15.73MB
 b8e130f83bb7 Downloading 17.83MB
 206356c42440 Downloading 6.291MB
 36b527d1cae8 Downloading 15.73MB
 80af3a31ab5a Downloading 1.049MB
 80af3a31ab5a Downloading 1.049MB
 b8e130f83bb7 Downloading 17.83MB
 206356c42440 Downloading 6.291MB
 36b527d1cae8 Downloading 15.73MB
 80af3a31ab5a Downloading 1.049MB
 b8e130f83bb7 Downloading 18.87MB
 206356c42440 Downloading 7.34MB
 36b527d1cae8 Downloading 15.73MB
 80af3a31ab5a Downloading 1.049MB
 b8e130f83bb7 Downloading 18.87MB
 206356c42440 Downloading 7.34MB
 36b527d1cae8 Downloading 15.73MB
 80af3a31ab5a Downloading 1.049MB
 b8e130f83bb7 Downloading 18.87MB
 206356c42440 Downloading 7.34MB
 36b527d1cae8 Downloading 15.73MB
 80af3a31ab5a Downloading 2.097MB
 b8e130f83bb7 Downloading 18.87MB
 206356c42440 Downloading 7.34MB
 36b527d1cae8 Downloading 16.78MB
 80af3a31ab5a Downloading 2.097MB
 b8e130f83bb7 Downloading 18.87MB
 206356c42440 Downloading 7.34MB
 36b527d1cae8 Downloading 16.78MB
 b8e130f83bb7 Downloading 19.92MB
 206356c42440 Downloading 7.34MB
 36b527d1cae8 Downloading 16.78MB
 80af3a31ab5a Downloading 2.097MB
 80af3a31ab5a Downloading 2.097MB
 b8e130f83bb7 Downloading 19.92MB
 206356c42440 Downloading 7.34MB
 36b527d1cae8 Downloading 16.78MB
 80af3a31ab5a Downloading 2.097MB
 b8e130f83bb7 Downloading 19.92MB
 206356c42440 Downloading 7.34MB
 36b527d1cae8 Downloading 16.78MB
 b8e130f83bb7 Downloading 19.92MB
 206356c42440 Downloading 7.34MB
 36b527d1cae8 Downloading 17.83MB
 80af3a31ab5a Downloading 2.097MB
 b8e130f83bb7 Downloading 19.92MB
 206356c42440 Downloading 8.389MB
 36b527d1cae8 Downloading 17.83MB
 80af3a31ab5a Downloading 2.097MB
 206356c42440 Downloading 8.389MB
 36b527d1cae8 Downloading 17.83MB
 80af3a31ab5a Downloading 2.097MB
 b8e130f83bb7 Downloading 20.97MB
 80af3a31ab5a Downloading 2.097MB
 b8e130f83bb7 Downloading 20.97MB
 206356c42440 Downloading 8.389MB
 36b527d1cae8 Downloading 17.83MB
 206356c42440 Downloading 8.389MB
 36b527d1cae8 Downloading 17.83MB
 80af3a31ab5a Downloading 2.097MB
 b8e130f83bb7 Downloading 20.97MB
 80af3a31ab5a Downloading 2.097MB
 b8e130f83bb7 Downloading 20.97MB
 206356c42440 Downloading 8.389MB
 36b527d1cae8 Downloading 17.83MB
 80af3a31ab5a Downloading 2.097MB
 b8e130f83bb7 Downloading 20.97MB
 206356c42440 Downloading 8.389MB
 36b527d1cae8 Downloading 17.83MB
 206356c42440 Downloading 9.437MB
 36b527d1cae8 Downloading 18.87MB
 80af3a31ab5a Downloading 2.097MB
 b8e130f83bb7 Downloading 22.02MB
 80af3a31ab5a Downloading 2.097MB
 b8e130f83bb7 Downloading 22.02MB
 206356c42440 Downloading 9.437MB
 36b527d1cae8 Downloading 18.87MB
 206356c42440 Downloading 9.437MB
 36b527d1cae8 Downloading 18.87MB
 80af3a31ab5a Downloading 2.097MB
 b8e130f83bb7 Downloading 22.02MB
 206356c42440 Downloading 9.437MB
 36b527d1cae8 Downloading 18.87MB
 80af3a31ab5a Downloading 2.097MB
 b8e130f83bb7 Downloading 22.02MB
 80af3a31ab5a Downloading 2.097MB
 b8e130f83bb7 Downloading 22.02MB
 206356c42440 Downloading 9.437MB
 36b527d1cae8 Downloading 18.87MB
 206356c42440 Downloading 9.437MB
 36b527d1cae8 Downloading 19.92MB
 80af3a31ab5a Downloading 2.097MB
 b8e130f83bb7 Downloading 23.14MB
 206356c42440 Downloading 9.437MB
 36b527d1cae8 Downloading 19.92MB
 80af3a31ab5a Downloading 2.097MB
 b8e130f83bb7 Download complete 0B
 36b527d1cae8 Downloading 19.92MB
 80af3a31ab5a Downloading 2.097MB
 206356c42440 Downloading 9.437MB
 206356c42440 Downloading 10.49MB
 36b527d1cae8 Downloading 19.92MB
 80af3a31ab5a Downloading 2.097MB
 206356c42440 Downloading 10.49MB
 36b527d1cae8 Downloading 20.97MB
 80af3a31ab5a Downloading 2.097MB
 36b527d1cae8 Downloading 20.97MB
 80af3a31ab5a Downloading 2.097MB
 206356c42440 Downloading 10.49MB
 80af3a31ab5a Downloading 2.097MB
 206356c42440 Downloading 10.49MB
 36b527d1cae8 Downloading 20.97MB
 80af3a31ab5a Downloading 2.097MB
 206356c42440 Downloading 10.49MB
 36b527d1cae8 Downloading 20.97MB
 80af3a31ab5a Downloading 2.097MB
 206356c42440 Downloading 11.53MB
 36b527d1cae8 Downloading 22.02MB
 206356c42440 Downloading 11.53MB
 36b527d1cae8 Downloading 22.02MB
 80af3a31ab5a Downloading 2.097MB
 80af3a31ab5a Downloading 2.097MB
 206356c42440 Downloading 11.53MB
 36b527d1cae8 Downloading 22.02MB
 36b527d1cae8 Downloading 22.02MB
 80af3a31ab5a Downloading 2.097MB
 206356c42440 Downloading 11.53MB
 206356c42440 Downloading 11.53MB
 36b527d1cae8 Downloading 23.07MB
 80af3a31ab5a Downloading 2.097MB
 80af3a31ab5a Downloading 3.146MB
 206356c42440 Downloading 12.58MB
 36b527d1cae8 Downloading 23.07MB
 206356c42440 Downloading 12.58MB
 36b527d1cae8 Downloading 23.07MB
 80af3a31ab5a Downloading 3.146MB
 80af3a31ab5a Downloading 3.146MB
 206356c42440 Downloading 12.58MB
 36b527d1cae8 Downloading 23.07MB
 206356c42440 Downloading 13.63MB
 36b527d1cae8 Downloading 23.07MB
 80af3a31ab5a Downloading 3.146MB
 80af3a31ab5a Downloading 3.146MB
 206356c42440 Downloading 13.63MB
 36b527d1cae8 Downloading 24.12MB
 206356c42440 Downloading 13.63MB
 36b527d1cae8 Downloading 24.12MB
 80af3a31ab5a Downloading 3.146MB
 80af3a31ab5a Downloading 3.146MB
 206356c42440 Downloading 13.63MB
 36b527d1cae8 Downloading 24.12MB
 80af3a31ab5a Downloading 3.146MB
 206356c42440 Downloading 14.68MB
 36b527d1cae8 Downloading 24.12MB
 206356c42440 Downloading 14.68MB
 36b527d1cae8 Downloading 25.17MB
 80af3a31ab5a Downloading 3.146MB
 206356c42440 Downloading 14.68MB
 36b527d1cae8 Downloading 25.17MB
 80af3a31ab5a Downloading 3.146MB
 206356c42440 Downloading 14.68MB
 36b527d1cae8 Downloading 25.17MB
 80af3a31ab5a Downloading 3.146MB
 80af3a31ab5a Downloading 3.146MB
 206356c42440 Downloading 15.73MB
 36b527d1cae8 Downloading 25.17MB
 80af3a31ab5a Downloading 3.146MB
 206356c42440 Downloading 15.73MB
 36b527d1cae8 Downloading 26.21MB
 206356c42440 Downloading 15.73MB
 36b527d1cae8 Downloading 26.21MB
 80af3a31ab5a Downloading 3.146MB
 206356c42440 Downloading 16.78MB
 36b527d1cae8 Downloading 26.21MB
 80af3a31ab5a Downloading 3.146MB
 206356c42440 Downloading 16.78MB
 36b527d1cae8 Downloading 26.21MB
 80af3a31ab5a Downloading 3.146MB
 80af3a31ab5a Downloading 3.146MB
 206356c42440 Downloading 16.78MB
 36b527d1cae8 Downloading 26.21MB
 80af3a31ab5a Downloading 3.146MB
 206356c42440 Downloading 17.83MB
 36b527d1cae8 Downloading 26.21MB
 80af3a31ab5a Downloading 3.146MB
 206356c42440 Downloading 17.83MB
 36b527d1cae8 Downloading 26.21MB
 206356c42440 Downloading 17.83MB
 36b527d1cae8 Downloading 27.26MB
 80af3a31ab5a Downloading 3.146MB
 206356c42440 Downloading 17.83MB
 36b527d1cae8 Downloading 27.26MB
 80af3a31ab5a Downloading 3.146MB
 80af3a31ab5a Downloading 3.146MB
 206356c42440 Downloading 18.87MB
 36b527d1cae8 Downloading 27.26MB
 36b527d1cae8 Downloading 27.26MB
 80af3a31ab5a Downloading 3.146MB
 206356c42440 Downloading 18.87MB
 80af3a31ab5a Downloading 3.146MB
 206356c42440 Downloading 18.87MB
 36b527d1cae8 Downloading 27.26MB
 80af3a31ab5a Downloading 3.146MB
 206356c42440 Downloading 19.92MB
 36b527d1cae8 Downloading 28.31MB
 80af3a31ab5a Downloading 3.146MB
 206356c42440 Downloading 19.92MB
 36b527d1cae8 Downloading 28.31MB
 206356c42440 Downloading 19.92MB
 36b527d1cae8 Downloading 28.31MB
 80af3a31ab5a Downloading 3.146MB
 206356c42440 Downloading 19.92MB
 36b527d1cae8 Downloading 28.31MB
 80af3a31ab5a Downloading 4.194MB
 206356c42440 Downloading 20.97MB
 36b527d1cae8 Downloading 28.31MB
 80af3a31ab5a Downloading 4.194MB
 80af3a31ab5a Downloading 4.194MB
 206356c42440 Downloading 20.97MB
 36b527d1cae8 Downloading 28.31MB
 206356c42440 Downloading 20.97MB
 36b527d1cae8 Downloading 29.36MB
 80af3a31ab5a Downloading 4.194MB
 206356c42440 Downloading 22.02MB
 36b527d1cae8 Downloading 29.36MB
 80af3a31ab5a Downloading 4.194MB
 80af3a31ab5a Downloading 4.194MB
 206356c42440 Downloading 22.02MB
 36b527d1cae8 Downloading 29.36MB
 206356c42440 Downloading 22.02MB
 36b527d1cae8 Downloading 29.36MB
 80af3a31ab5a Downloading 4.194MB
 206356c42440 Downloading 23.07MB
 36b527d1cae8 Downloading 29.36MB
 80af3a31ab5a Downloading 4.194MB
 206356c42440 Downloading 23.07MB
 36b527d1cae8 Downloading 30.41MB
 80af3a31ab5a Downloading 4.194MB
 80af3a31ab5a Downloading 4.194MB
 206356c42440 Downloading 23.07MB
 36b527d1cae8 Downloading 30.41MB
 206356c42440 Downloading 24.12MB
 36b527d1cae8 Downloading 30.41MB
 80af3a31ab5a Downloading 4.194MB
 206356c42440 Downloading 24.12MB
 36b527d1cae8 Downloading 30.41MB
 80af3a31ab5a Downloading 4.194MB
 206356c42440 Downloading 24.12MB
 36b527d1cae8 Downloading 30.41MB
 80af3a31ab5a Downloading 4.194MB
 206356c42440 Downloading 25.17MB
 36b527d1cae8 Downloading 31.46MB
 80af3a31ab5a Downloading 4.194MB
 80af3a31ab5a Downloading 4.194MB
 206356c42440 Downloading 25.17MB
 36b527d1cae8 Downloading 31.46MB
 206356c42440 Downloading 25.17MB
 36b527d1cae8 Downloading 31.46MB
 80af3a31ab5a Downloading 4.194MB
 80af3a31ab5a Downloading 4.194MB
 206356c42440 Downloading 26.21MB
 36b527d1cae8 Downloading 31.46MB
 206356c42440 Downloading 26.21MB
 36b527d1cae8 Downloading 31.46MB
 80af3a31ab5a Downloading 4.194MB
 36b527d1cae8 Downloading 31.46MB
 80af3a31ab5a Downloading 4.194MB
 206356c42440 Downloading 26.21MB
 206356c42440 Downloading 26.21MB
 36b527d1cae8 Downloading 31.46MB
 80af3a31ab5a Downloading 4.194MB
 206356c42440 Downloading 27.26MB
 36b527d1cae8 Downloading 32.51MB
 80af3a31ab5a Downloading 4.194MB
 206356c42440 Downloading 27.26MB
 36b527d1cae8 Downloading 32.51MB
 80af3a31ab5a Downloading 4.194MB
 206356c42440 Downloading 28.31MB
 36b527d1cae8 Downloading 32.51MB
 80af3a31ab5a Downloading 4.194MB
 206356c42440 Downloading 28.31MB
 36b527d1cae8 Downloading 32.51MB
 80af3a31ab5a Downloading 4.194MB
 80af3a31ab5a Downloading 4.194MB
 206356c42440 Downloading 28.31MB
 36b527d1cae8 Downloading 32.51MB
 206356c42440 Downloading 29.36MB
 36b527d1cae8 Downloading 33.55MB
 80af3a31ab5a Downloading 4.194MB
 206356c42440 Downloading 29.36MB
 36b527d1cae8 Downloading 33.55MB
 80af3a31ab5a Downloading 4.194MB
 80af3a31ab5a Downloading 4.194MB
 206356c42440 Download complete 0B
 36b527d1cae8 Downloading 33.55MB
 206356c42440 Extracting 1B
 80af3a31ab5a Downloading 4.194MB
 36b527d1cae8 Downloading 33.55MB
 206356c42440 Extracting 1B
 80af3a31ab5a Downloading 5.243MB
 36b527d1cae8 Downloading 34.6MB
 206356c42440 Extracting 1B
 80af3a31ab5a Downloading 5.243MB
 36b527d1cae8 Downloading 34.6MB
 206356c42440 Extracting 1B
 80af3a31ab5a Downloading 5.243MB
 36b527d1cae8 Downloading 35.65MB
 206356c42440 Extracting 1B
 36b527d1cae8 Downloading 35.65MB
 80af3a31ab5a Downloading 5.243MB
 206356c42440 Extracting 1B
 36b527d1cae8 Downloading 36.7MB
 80af3a31ab5a Downloading 5.243MB
 206356c42440 Extracting 1B
 80af3a31ab5a Downloading 5.243MB
 36b527d1cae8 Downloading 36.7MB
 206356c42440 Extracting 1B
 80af3a31ab5a Downloading 5.243MB
 36b527d1cae8 Downloading 36.7MB
 aecf3e6b3e04 Extracting 1B
 206356c42440 Pull complete 0B
 80af3a31ab5a Downloading 5.243MB
 36b527d1cae8 Downloading 37.75MB
 aecf3e6b3e04 Pull complete 0B
 44df7c9b0118 Extracting 1B
 36b527d1cae8 Downloading 37.75MB
 80af3a31ab5a Downloading 5.243MB
 44df7c9b0118 Extracting 1B
 36b527d1cae8 Downloading 37.75MB
 80af3a31ab5a Downloading 5.243MB
 44df7c9b0118 Extracting 1B
 80af3a31ab5a Downloading 5.243MB
 36b527d1cae8 Downloading 38.8MB
 44df7c9b0118 Extracting 1B
 36b527d1cae8 Downloading 38.8MB
 80af3a31ab5a Downloading 5.243MB
 44df7c9b0118 Pull complete 0B
 36b527d1cae8 Downloading 39.85MB
 80af3a31ab5a Downloading 5.243MB
 7fe6b2798913 Pull complete 0B
 80af3a31ab5a Downloading 5.243MB
 36b527d1cae8 Downloading 39.85MB
 36b527d1cae8 Downloading 40.89MB
 80af3a31ab5a Downloading 5.243MB
 80af3a31ab5a Downloading 5.243MB
 36b527d1cae8 Downloading 40.89MB
 80af3a31ab5a Downloading 5.243MB
 36b527d1cae8 Downloading 40.89MB
 80af3a31ab5a Downloading 6.291MB
 36b527d1cae8 Downloading 41.94MB
 36b527d1cae8 Downloading 41.94MB
 80af3a31ab5a Downloading 6.291MB
 80af3a31ab5a Downloading 6.291MB
 36b527d1cae8 Downloading 42.99MB
 36b527d1cae8 Downloading 42.99MB
 80af3a31ab5a Downloading 6.291MB
 80af3a31ab5a Downloading 6.291MB
 36b527d1cae8 Downloading 44.04MB
 36b527d1cae8 Downloading 44.04MB
 80af3a31ab5a Downloading 6.291MB
 36b527d1cae8 Downloading 44.04MB
 80af3a31ab5a Downloading 6.291MB
 80af3a31ab5a Downloading 6.291MB
 36b527d1cae8 Downloading 45.09MB
 80af3a31ab5a Downloading 6.291MB
 36b527d1cae8 Downloading 45.09MB
 36b527d1cae8 Downloading 46.14MB
 80af3a31ab5a Downloading 6.291MB
 80af3a31ab5a Downloading 6.291MB
 36b527d1cae8 Downloading 46.14MB
 80af3a31ab5a Downloading 6.291MB
 36b527d1cae8 Downloading 47.19MB
 36b527d1cae8 Downloading 47.19MB
 80af3a31ab5a Downloading 6.291MB
 36b527d1cae8 Downloading 47.19MB
 80af3a31ab5a Downloading 6.291MB
 80af3a31ab5a Downloading 6.291MB
 36b527d1cae8 Downloading 48.23MB
 80af3a31ab5a Downloading 6.291MB
 36b527d1cae8 Downloading 48.23MB
 36b527d1cae8 Downloading 49.28MB
 80af3a31ab5a Downloading 6.291MB
 36b527d1cae8 Downloading 49.28MB
 80af3a31ab5a Downloading 7.34MB
 80af3a31ab5a Downloading 7.34MB
 36b527d1cae8 Downloading 49.28MB
 36b527d1cae8 Downloading 50.33MB
 80af3a31ab5a Downloading 7.34MB
 80af3a31ab5a Downloading 7.34MB
 36b527d1cae8 Downloading 50.33MB
 36b527d1cae8 Downloading 51.38MB
 80af3a31ab5a Downloading 7.34MB
 36b527d1cae8 Downloading 51.38MB
 80af3a31ab5a Downloading 7.34MB
 36b527d1cae8 Downloading 52.43MB
 80af3a31ab5a Downloading 7.34MB
 36b527d1cae8 Downloading 52.43MB
 80af3a31ab5a Downloading 7.34MB
 36b527d1cae8 Downloading 52.43MB
 80af3a31ab5a Downloading 7.34MB
 36b527d1cae8 Downloading 53.48MB
 80af3a31ab5a Downloading 7.34MB
 36b527d1cae8 Downloading 53.48MB
 80af3a31ab5a Downloading 7.34MB
 36b527d1cae8 Downloading 54.53MB
 80af3a31ab5a Downloading 7.34MB
 36b527d1cae8 Downloading 54.53MB
 80af3a31ab5a Downloading 7.34MB
 36b527d1cae8 Downloading 54.53MB
 80af3a31ab5a Downloading 7.34MB
 36b527d1cae8 Downloading 54.53MB
 80af3a31ab5a Downloading 7.34MB
 80af3a31ab5a Downloading 7.34MB
 36b527d1cae8 Downloading 55.57MB
 80af3a31ab5a Downloading 8.389MB
 36b527d1cae8 Downloading 55.57MB
 80af3a31ab5a Downloading 8.389MB
 36b527d1cae8 Downloading 55.57MB
 36b527d1cae8 Downloading 56.62MB
 80af3a31ab5a Downloading 8.389MB
 80af3a31ab5a Downloading 8.389MB
 36b527d1cae8 Downloading 56.62MB
 80af3a31ab5a Downloading 8.389MB
 36b527d1cae8 Downloading 56.62MB
 80af3a31ab5a Downloading 8.389MB
 36b527d1cae8 Downloading 56.62MB
 80af3a31ab5a Downloading 8.389MB
 36b527d1cae8 Downloading 56.62MB
 80af3a31ab5a Downloading 8.389MB
 36b527d1cae8 Downloading 56.62MB
 80af3a31ab5a Downloading 8.389MB
 36b527d1cae8 Downloading 57.67MB
 80af3a31ab5a Downloading 8.389MB
 36b527d1cae8 Downloading 57.67MB
 80af3a31ab5a Downloading 8.389MB
 36b527d1cae8 Downloading 58.72MB
 36b527d1cae8 Downloading 58.72MB
 80af3a31ab5a Downloading 8.389MB
 36b527d1cae8 Downloading 58.72MB
 80af3a31ab5a Downloading 8.389MB
 80af3a31ab5a Downloading 8.389MB
 36b527d1cae8 Downloading 59.77MB
 36b527d1cae8 Downloading 59.77MB
 80af3a31ab5a Downloading 8.389MB
 36b527d1cae8 Downloading 59.77MB
 80af3a31ab5a Downloading 9.437MB
 36b527d1cae8 Downloading 60.82MB
 80af3a31ab5a Downloading 9.437MB
 36b527d1cae8 Downloading 60.82MB
 80af3a31ab5a Downloading 9.437MB
 36b527d1cae8 Downloading 60.82MB
 80af3a31ab5a Downloading 9.437MB
 80af3a31ab5a Downloading 9.437MB
 36b527d1cae8 Downloading 60.82MB
 36b527d1cae8 Downloading 61.87MB
 80af3a31ab5a Downloading 9.437MB
 36b527d1cae8 Downloading 61.87MB
 80af3a31ab5a Downloading 9.437MB
 36b527d1cae8 Downloading 61.87MB
 80af3a31ab5a Downloading 9.437MB
 36b527d1cae8 Downloading 62.91MB
 80af3a31ab5a Downloading 9.437MB
 80af3a31ab5a Downloading 9.437MB
 36b527d1cae8 Downloading 62.91MB
 36b527d1cae8 Downloading 62.91MB
 80af3a31ab5a Downloading 9.437MB
 36b527d1cae8 Downloading 62.91MB
 80af3a31ab5a Downloading 9.437MB
 80af3a31ab5a Downloading 9.437MB
 36b527d1cae8 Downloading 63.96MB
 80af3a31ab5a Downloading 10.49MB
 36b527d1cae8 Downloading 63.96MB
 80af3a31ab5a Downloading 10.49MB
 36b527d1cae8 Downloading 65.01MB
 36b527d1cae8 Downloading 65.01MB
 80af3a31ab5a Downloading 10.49MB
 36b527d1cae8 Downloading 66.06MB
 80af3a31ab5a Downloading 10.49MB
 80af3a31ab5a Downloading 10.49MB
 36b527d1cae8 Downloading 66.06MB
 36b527d1cae8 Downloading 66.06MB
 80af3a31ab5a Downloading 10.49MB
 36b527d1cae8 Downloading 67.11MB
 80af3a31ab5a Downloading 10.49MB
 36b527d1cae8 Downloading 67.11MB
 80af3a31ab5a Downloading 10.49MB
 36b527d1cae8 Downloading 68.16MB
 80af3a31ab5a Downloading 10.49MB
 36b527d1cae8 Downloading 68.16MB
 80af3a31ab5a Downloading 10.49MB
 80af3a31ab5a Downloading 10.49MB
 36b527d1cae8 Downloading 68.16MB
 36b527d1cae8 Downloading 69.21MB
 80af3a31ab5a Downloading 11.53MB
 80af3a31ab5a Downloading 11.53MB
 36b527d1cae8 Downloading 69.21MB
 80af3a31ab5a Downloading 11.53MB
 36b527d1cae8 Downloading 69.21MB
 36b527d1cae8 Downloading 70.25MB
 80af3a31ab5a Downloading 11.53MB
 36b527d1cae8 Downloading 70.25MB
 80af3a31ab5a Downloading 11.53MB
 80af3a31ab5a Downloading 11.53MB
 36b527d1cae8 Downloading 70.25MB
 80af3a31ab5a Downloading 11.53MB
 36b527d1cae8 Downloading 71.3MB
 36b527d1cae8 Downloading 71.3MB
 80af3a31ab5a Downloading 11.53MB
 36b527d1cae8 Downloading 71.3MB
 80af3a31ab5a Downloading 11.53MB
 36b527d1cae8 Downloading 72.35MB
 80af3a31ab5a Downloading 11.53MB
 36b527d1cae8 Downloading 72.35MB
 80af3a31ab5a Downloading 11.53MB
 36b527d1cae8 Downloading 72.35MB
 80af3a31ab5a Downloading 12.58MB
 36b527d1cae8 Downloading 73.4MB
 80af3a31ab5a Downloading 12.58MB
 80af3a31ab5a Downloading 12.58MB
 36b527d1cae8 Downloading 73.4MB
 36b527d1cae8 Downloading 74.45MB
 80af3a31ab5a Downloading 12.58MB
 36b527d1cae8 Downloading 74.45MB
 80af3a31ab5a Downloading 12.58MB
 80af3a31ab5a Downloading 12.58MB
 36b527d1cae8 Downloading 74.45MB
 36b527d1cae8 Downloading 75.5MB
 80af3a31ab5a Downloading 12.58MB
 80af3a31ab5a Downloading 12.58MB
 36b527d1cae8 Downloading 75.5MB
 36b527d1cae8 Downloading 75.5MB
 80af3a31ab5a Downloading 12.58MB
 80af3a31ab5a Downloading 12.58MB
 36b527d1cae8 Downloading 76.55MB
 36b527d1cae8 Downloading 76.55MB
 80af3a31ab5a Downloading 12.58MB
 36b527d1cae8 Downloading 77.59MB
 80af3a31ab5a Downloading 12.58MB
 80af3a31ab5a Downloading 12.58MB
 36b527d1cae8 Downloading 77.59MB
 80af3a31ab5a Downloading 12.58MB
 36b527d1cae8 Downloading 77.59MB
 80af3a31ab5a Downloading 13.63MB
 36b527d1cae8 Downloading 78.64MB
 36b527d1cae8 Downloading 78.64MB
 80af3a31ab5a Downloading 13.63MB
 80af3a31ab5a Downloading 13.63MB
 36b527d1cae8 Downloading 78.64MB
 36b527d1cae8 Downloading 78.64MB
 80af3a31ab5a Downloading 13.63MB
 36b527d1cae8 Downloading 79.69MB
 80af3a31ab5a Downloading 13.63MB
 80af3a31ab5a Downloading 13.63MB
 36b527d1cae8 Downloading 79.69MB
 36b527d1cae8 Downloading 80.74MB
 80af3a31ab5a Downloading 13.63MB
 36b527d1cae8 Downloading 80.74MB
 80af3a31ab5a Downloading 13.63MB
 80af3a31ab5a Downloading 13.63MB
 36b527d1cae8 Downloading 80.74MB
 80af3a31ab5a Downloading 13.63MB
 36b527d1cae8 Downloading 81.79MB
 36b527d1cae8 Downloading 81.79MB
 80af3a31ab5a Downloading 14.68MB
 80af3a31ab5a Downloading 14.68MB
 36b527d1cae8 Downloading 81.79MB
 80af3a31ab5a Downloading 14.68MB
 36b527d1cae8 Downloading 82.84MB
 80af3a31ab5a Downloading 14.68MB
 36b527d1cae8 Downloading 82.84MB
 36b527d1cae8 Downloading 82.84MB
 80af3a31ab5a Downloading 14.68MB
 36b527d1cae8 Downloading 82.84MB
 80af3a31ab5a Downloading 14.68MB
 80af3a31ab5a Downloading 14.68MB
 36b527d1cae8 Downloading 83.89MB
 36b527d1cae8 Downloading 83.89MB
 80af3a31ab5a Downloading 14.68MB
 36b527d1cae8 Downloading 83.89MB
 80af3a31ab5a Downloading 14.68MB
 36b527d1cae8 Downloading 84.93MB
 80af3a31ab5a Downloading 14.68MB
 80af3a31ab5a Downloading 14.68MB
 36b527d1cae8 Downloading 84.93MB
 36b527d1cae8 Downloading 84.93MB
 80af3a31ab5a Downloading 14.68MB
 36b527d1cae8 Downloading 84.93MB
 80af3a31ab5a Downloading 15.73MB
 36b527d1cae8 Downloading 85.98MB
 80af3a31ab5a Downloading 15.73MB
 80af3a31ab5a Downloading 15.73MB
 36b527d1cae8 Downloading 85.98MB
 80af3a31ab5a Downloading 15.73MB
 36b527d1cae8 Downloading 85.98MB
 36b527d1cae8 Downloading 87.03MB
 80af3a31ab5a Downloading 15.73MB
 36b527d1cae8 Downloading 87.03MB
 80af3a31ab5a Downloading 15.73MB
 36b527d1cae8 Downloading 87.03MB
 80af3a31ab5a Downloading 15.73MB
 36b527d1cae8 Downloading 88.08MB
 80af3a31ab5a Downloading 15.73MB
 36b527d1cae8 Downloading 88.08MB
 80af3a31ab5a Downloading 15.73MB
 80af3a31ab5a Downloading 15.73MB
 36b527d1cae8 Downloading 88.08MB
 36b527d1cae8 Downloading 89.13MB
 80af3a31ab5a Downloading 16.78MB
 36b527d1cae8 Downloading 89.13MB
 80af3a31ab5a Downloading 16.78MB
 36b527d1cae8 Downloading 89.13MB
 80af3a31ab5a Downloading 16.78MB
 36b527d1cae8 Downloading 90.18MB
 80af3a31ab5a Downloading 16.78MB
 36b527d1cae8 Downloading 90.18MB
 80af3a31ab5a Downloading 16.78MB
 80af3a31ab5a Downloading 16.78MB
 36b527d1cae8 Downloading 90.18MB
 36b527d1cae8 Downloading 90.18MB
 80af3a31ab5a Downloading 16.78MB
 36b527d1cae8 Downloading 91.23MB
 80af3a31ab5a Downloading 16.78MB
 80af3a31ab5a Downloading 16.78MB
 36b527d1cae8 Downloading 91.23MB
 36b527d1cae8 Downloading 91.23MB
 80af3a31ab5a Downloading 16.78MB
 80af3a31ab5a Downloading 16.78MB
 36b527d1cae8 Downloading 91.23MB
 36b527d1cae8 Downloading 92.27MB
 80af3a31ab5a Downloading 16.78MB
 36b527d1cae8 Downloading 92.27MB
 80af3a31ab5a Downloading 16.78MB
 80af3a31ab5a Downloading 17.83MB
 36b527d1cae8 Downloading 92.27MB
 36b527d1cae8 Downloading 92.27MB
 80af3a31ab5a Downloading 17.83MB
 36b527d1cae8 Downloading 93.32MB
 80af3a31ab5a Downloading 17.83MB
 80af3a31ab5a Downloading 17.83MB
 36b527d1cae8 Downloading 93.32MB
 36b527d1cae8 Downloading 93.32MB
 80af3a31ab5a Downloading 17.83MB
 36b527d1cae8 Downloading 93.32MB
 80af3a31ab5a Downloading 17.83MB
 36b527d1cae8 Downloading 94.37MB
 80af3a31ab5a Downloading 17.83MB
 80af3a31ab5a Downloading 17.83MB
 36b527d1cae8 Downloading 94.37MB
 80af3a31ab5a Downloading 17.83MB
 36b527d1cae8 Downloading 94.37MB
 36b527d1cae8 Downloading 94.37MB
 80af3a31ab5a Downloading 17.83MB
 80af3a31ab5a Downloading 17.83MB
 36b527d1cae8 Downloading 95.42MB
 36b527d1cae8 Downloading 95.42MB
 80af3a31ab5a Downloading 17.83MB
 36b527d1cae8 Downloading 95.42MB
 80af3a31ab5a Downloading 17.83MB
 80af3a31ab5a Downloading 18.87MB
 36b527d1cae8 Downloading 96.47MB
 36b527d1cae8 Downloading 96.47MB
 80af3a31ab5a Downloading 18.87MB
 36b527d1cae8 Downloading 96.47MB
 80af3a31ab5a Downloading 18.87MB
 80af3a31ab5a Downloading 18.87MB
 36b527d1cae8 Downloading 97.52MB
 36b527d1cae8 Downloading 97.52MB
 80af3a31ab5a Downloading 18.87MB
 36b527d1cae8 Downloading 97.52MB
 80af3a31ab5a Downloading 18.87MB
 36b527d1cae8 Downloading 97.52MB
 80af3a31ab5a Downloading 18.87MB
 36b527d1cae8 Downloading 97.52MB
 80af3a31ab5a Downloading 18.87MB
 80af3a31ab5a Downloading 18.87MB
 36b527d1cae8 Downloading 98.57MB
 80af3a31ab5a Downloading 18.87MB
 36b527d1cae8 Downloading 98.57MB
 80af3a31ab5a Downloading 18.87MB
 36b527d1cae8 Downloading 98.57MB
 36b527d1cae8 Downloading 99.61MB
 80af3a31ab5a Downloading 18.87MB
 80af3a31ab5a Downloading 19.92MB
 36b527d1cae8 Downloading 99.61MB
 36b527d1cae8 Downloading 99.61MB
 80af3a31ab5a Downloading 19.92MB
 36b527d1cae8 Downloading 99.61MB
 80af3a31ab5a Downloading 19.92MB
 36b527d1cae8 Downloading 100.7MB
 80af3a31ab5a Downloading 19.92MB
 80af3a31ab5a Downloading 19.92MB
 36b527d1cae8 Downloading 100.7MB
 80af3a31ab5a Downloading 19.92MB
 36b527d1cae8 Downloading 100.7MB
 36b527d1cae8 Downloading 101.7MB
 80af3a31ab5a Downloading 19.92MB
 80af3a31ab5a Downloading 19.92MB
 36b527d1cae8 Downloading 101.7MB
 80af3a31ab5a Downloading 19.92MB
 36b527d1cae8 Downloading 101.7MB
 80af3a31ab5a Downloading 19.92MB
 36b527d1cae8 Downloading 102.8MB
 36b527d1cae8 Downloading 102.8MB
 80af3a31ab5a Downloading 20.97MB
 36b527d1cae8 Downloading 102.8MB
 80af3a31ab5a Downloading 20.97MB
 36b527d1cae8 Downloading 102.8MB
 80af3a31ab5a Downloading 20.97MB
 80af3a31ab5a Downloading 20.97MB
 36b527d1cae8 Downloading 103.8MB
 36b527d1cae8 Downloading 103.8MB
 80af3a31ab5a Downloading 20.97MB
 80af3a31ab5a Downloading 20.97MB
 36b527d1cae8 Downloading 103.8MB
 80af3a31ab5a Downloading 20.97MB
 36b527d1cae8 Downloading 104.9MB
 36b527d1cae8 Downloading 104.9MB
 80af3a31ab5a Downloading 20.97MB
 36b527d1cae8 Downloading 104.9MB
 80af3a31ab5a Downloading 20.97MB
 36b527d1cae8 Downloading 104.9MB
 80af3a31ab5a Downloading 20.97MB
 80af3a31ab5a Downloading 20.97MB
 36b527d1cae8 Downloading 105.9MB
 36b527d1cae8 Downloading 105.9MB
 80af3a31ab5a Downloading 22.02MB
 36b527d1cae8 Downloading 105.9MB
 80af3a31ab5a Downloading 22.02MB
 36b527d1cae8 Downloading 105.9MB
 80af3a31ab5a Downloading 22.02MB
 80af3a31ab5a Downloading 22.02MB
 36b527d1cae8 Downloading 107MB
 36b527d1cae8 Downloading 107MB
 80af3a31ab5a Downloading 22.02MB
 36b527d1cae8 Downloading 107MB
 80af3a31ab5a Downloading 22.02MB
 80af3a31ab5a Downloading 22.02MB
 36b527d1cae8 Downloading 108MB
 80af3a31ab5a Downloading 22.02MB
 36b527d1cae8 Downloading 108MB
 80af3a31ab5a Downloading 23.07MB
 36b527d1cae8 Downloading 108MB
 36b527d1cae8 Downloading 108MB
 80af3a31ab5a Downloading 23.07MB
 36b527d1cae8 Downloading 109.1MB
 80af3a31ab5a Downloading 23.07MB
 36b527d1cae8 Downloading 109.1MB
 80af3a31ab5a Downloading 23.07MB
 36b527d1cae8 Downloading 109.1MB
 80af3a31ab5a Downloading 23.07MB
 36b527d1cae8 Downloading 110.1MB
 80af3a31ab5a Downloading 23.07MB
 36b527d1cae8 Downloading 110.1MB
 80af3a31ab5a Downloading 23.07MB
 36b527d1cae8 Downloading 110.1MB
 80af3a31ab5a Downloading 23.07MB
 80af3a31ab5a Downloading 23.07MB
 36b527d1cae8 Downloading 110.1MB
 80af3a31ab5a Downloading 24.12MB
 36b527d1cae8 Downloading 110.1MB
 80af3a31ab5a Downloading 24.12MB
 36b527d1cae8 Downloading 110.1MB
 36b527d1cae8 Downloading 110.1MB
 80af3a31ab5a Downloading 24.12MB
 80af3a31ab5a Downloading 24.12MB
 36b527d1cae8 Downloading 110.1MB
 36b527d1cae8 Downloading 111.1MB
 80af3a31ab5a Downloading 24.12MB
 80af3a31ab5a Downloading 24.12MB
 36b527d1cae8 Downloading 111.1MB
 80af3a31ab5a Downloading 24.12MB
 36b527d1cae8 Downloading 112.2MB
 36b527d1cae8 Downloading 112.2MB
 80af3a31ab5a Downloading 24.12MB
 80af3a31ab5a Downloading 24.12MB
 36b527d1cae8 Downloading 112.2MB
 80af3a31ab5a Downloading 25.17MB
 36b527d1cae8 Downloading 112.2MB
 36b527d1cae8 Downloading 112.2MB
 80af3a31ab5a Downloading 25.17MB
 36b527d1cae8 Downloading 113.2MB
 80af3a31ab5a Downloading 25.17MB
 80af3a31ab5a Downloading 25.17MB
 36b527d1cae8 Downloading 113.2MB
 36b527d1cae8 Downloading 113.2MB
 80af3a31ab5a Downloading 25.17MB
 80af3a31ab5a Downloading 25.17MB
 36b527d1cae8 Downloading 113.2MB
 36b527d1cae8 Downloading 114.3MB
 80af3a31ab5a Downloading 25.17MB
 80af3a31ab5a Downloading 25.17MB
 36b527d1cae8 Downloading 114.3MB
 80af3a31ab5a Downloading 26.21MB
 36b527d1cae8 Downloading 114.3MB
 80af3a31ab5a Downloading 26.21MB
 36b527d1cae8 Downloading 114.3MB
 36b527d1cae8 Downloading 115.3MB
 80af3a31ab5a Downloading 26.21MB
 80af3a31ab5a Downloading 26.21MB
 36b527d1cae8 Downloading 115.3MB
 36b527d1cae8 Downloading 115.3MB
 80af3a31ab5a Downloading 26.21MB
 80af3a31ab5a Downloading 26.21MB
 36b527d1cae8 Downloading 115.3MB
 36b527d1cae8 Downloading 115.3MB
 80af3a31ab5a Downloading 26.21MB
 80af3a31ab5a Downloading 27.26MB
 36b527d1cae8 Downloading 115.3MB
 80af3a31ab5a Downloading 27.26MB
 36b527d1cae8 Downloading 116.4MB
 80af3a31ab5a Downloading 27.26MB
 36b527d1cae8 Downloading 116.4MB
 80af3a31ab5a Downloading 27.26MB
 36b527d1cae8 Downloading 117.4MB
 80af3a31ab5a Downloading 27.26MB
 36b527d1cae8 Downloading 117.4MB
 36b527d1cae8 Downloading 117.4MB
 80af3a31ab5a Downloading 27.26MB
 80af3a31ab5a Downloading 28.31MB
 36b527d1cae8 Downloading 117.4MB
 36b527d1cae8 Downloading 118.5MB
 80af3a31ab5a Downloading 28.31MB
 36b527d1cae8 Downloading 118.5MB
 80af3a31ab5a Downloading 28.31MB
 36b527d1cae8 Downloading 118.5MB
 80af3a31ab5a Downloading 28.31MB
 36b527d1cae8 Downloading 118.5MB
 80af3a31ab5a Downloading 28.31MB
 36b527d1cae8 Downloading 118.5MB
 80af3a31ab5a Downloading 28.31MB
 80af3a31ab5a Downloading 28.31MB
 36b527d1cae8 Downloading 118.5MB
 36b527d1cae8 Downloading 118.5MB
 80af3a31ab5a Downloading 28.31MB
 36b527d1cae8 Downloading 118.5MB
 80af3a31ab5a Downloading 28.31MB
 80af3a31ab5a Downloading 28.31MB
 36b527d1cae8 Downloading 118.5MB
 80af3a31ab5a Downloading 28.31MB
 36b527d1cae8 Downloading 118.5MB
 36b527d1cae8 Downloading 118.5MB
 80af3a31ab5a Downloading 28.31MB
 36b527d1cae8 Downloading 118.5MB
 80af3a31ab5a Downloading 28.31MB
 36b527d1cae8 Downloading 118.5MB
 80af3a31ab5a Downloading 28.31MB
 80af3a31ab5a Downloading 28.31MB
 36b527d1cae8 Downloading 118.5MB
 36b527d1cae8 Downloading 118.5MB
 80af3a31ab5a Downloading 28.31MB
 36b527d1cae8 Downloading 118.5MB
 80af3a31ab5a Downloading 28.31MB
 80af3a31ab5a Downloading 28.31MB
 36b527d1cae8 Downloading 118.5MB
 36b527d1cae8 Downloading 119.5MB
 80af3a31ab5a Downloading 28.31MB
 80af3a31ab5a Downloading 29.36MB
 36b527d1cae8 Downloading 119.5MB
 36b527d1cae8 Downloading 119.5MB
 80af3a31ab5a Downloading 29.36MB
 36b527d1cae8 Downloading 120.6MB
 80af3a31ab5a Downloading 29.36MB
 36b527d1cae8 Downloading 120.6MB
 80af3a31ab5a Downloading 29.36MB
 36b527d1cae8 Downloading 120.6MB
 80af3a31ab5a Downloading 29.36MB
 80af3a31ab5a Downloading 29.36MB
 36b527d1cae8 Downloading 121.6MB
 36b527d1cae8 Downloading 121.6MB
 80af3a31ab5a Downloading 30.41MB
 80af3a31ab5a Downloading 30.41MB
 36b527d1cae8 Downloading 121.6MB
 36b527d1cae8 Downloading 122.7MB
 80af3a31ab5a Downloading 30.41MB
 36b527d1cae8 Downloading 122.7MB
 80af3a31ab5a Downloading 30.41MB
 36b527d1cae8 Downloading 122.7MB
 80af3a31ab5a Downloading 30.41MB
 80af3a31ab5a Downloading 30.41MB
 36b527d1cae8 Downloading 123.7MB
 80af3a31ab5a Downloading 30.41MB
 36b527d1cae8 Downloading 123.7MB
 80af3a31ab5a Downloading 31.46MB
 36b527d1cae8 Downloading 123.7MB
 80af3a31ab5a Downloading 31.46MB
 36b527d1cae8 Downloading 124.8MB
 36b527d1cae8 Downloading 124.8MB
 80af3a31ab5a Downloading 31.46MB
 36b527d1cae8 Downloading 124.8MB
 80af3a31ab5a Downloading 31.46MB
 36b527d1cae8 Downloading 125.8MB
 80af3a31ab5a Downloading 31.46MB
 36b527d1cae8 Downloading 125.8MB
 80af3a31ab5a Downloading 31.46MB
 36b527d1cae8 Downloading 125.8MB
 80af3a31ab5a Downloading 32.51MB
 36b527d1cae8 Downloading 125.8MB
 80af3a31ab5a Downloading 32.51MB
 80af3a31ab5a Downloading 32.51MB
 36b527d1cae8 Downloading 126.9MB
 36b527d1cae8 Downloading 126.9MB
 80af3a31ab5a Downloading 32.51MB
 36b527d1cae8 Downloading 126.9MB
 80af3a31ab5a Downloading 32.51MB
 36b527d1cae8 Downloading 126.9MB
 80af3a31ab5a Downloading 32.51MB
 80af3a31ab5a Downloading 32.51MB
 36b527d1cae8 Downloading 127.9MB
 36b527d1cae8 Downloading 127.9MB
 80af3a31ab5a Downloading 32.51MB
 36b527d1cae8 Downloading 127.9MB
 80af3a31ab5a Downloading 33.55MB
 36b527d1cae8 Downloading 127.9MB
 80af3a31ab5a Downloading 33.55MB
 36b527d1cae8 Downloading 129MB
 80af3a31ab5a Downloading 33.55MB
 80af3a31ab5a Downloading 33.55MB
 36b527d1cae8 Downloading 129MB
 80af3a31ab5a Downloading 33.55MB
 36b527d1cae8 Downloading 129MB
 36b527d1cae8 Downloading 130MB
 80af3a31ab5a Downloading 33.55MB
 36b527d1cae8 Downloading 130MB
 80af3a31ab5a Downloading 33.55MB
 36b527d1cae8 Downloading 130MB
 80af3a31ab5a Downloading 33.55MB
 36b527d1cae8 Downloading 130MB
 80af3a31ab5a Downloading 34.6MB
 80af3a31ab5a Downloading 34.6MB
 36b527d1cae8 Downloading 131.1MB
 36b527d1cae8 Downloading 131.1MB
 80af3a31ab5a Downloading 34.6MB
 36b527d1cae8 Downloading 131.1MB
 80af3a31ab5a Downloading 34.6MB
 80af3a31ab5a Downloading 34.6MB
 36b527d1cae8 Downloading 131.1MB
 36b527d1cae8 Downloading 132.1MB
 80af3a31ab5a Downloading 34.6MB
 36b527d1cae8 Downloading 132.1MB
 80af3a31ab5a Downloading 34.6MB
 36b527d1cae8 Downloading 132.1MB
 80af3a31ab5a Downloading 35.65MB
 80af3a31ab5a Downloading 35.65MB
 36b527d1cae8 Downloading 133.2MB
 36b527d1cae8 Downloading 133.2MB
 80af3a31ab5a Downloading 35.65MB
 80af3a31ab5a Downloading 35.65MB
 36b527d1cae8 Downloading 133.2MB
 36b527d1cae8 Downloading 133.2MB
 80af3a31ab5a Downloading 35.65MB
 80af3a31ab5a Downloading 35.65MB
 36b527d1cae8 Downloading 134.2MB
 80af3a31ab5a Downloading 35.65MB
 36b527d1cae8 Downloading 134.2MB
 36b527d1cae8 Downloading 134.2MB
 80af3a31ab5a Downloading 36.7MB
 80af3a31ab5a Downloading 36.7MB
 36b527d1cae8 Downloading 135.3MB
 80af3a31ab5a Downloading 36.7MB
 36b527d1cae8 Downloading 135.3MB
 36b527d1cae8 Downloading 135.3MB
 80af3a31ab5a Downloading 36.7MB
 36b527d1cae8 Downloading 135.3MB
 80af3a31ab5a Downloading 36.7MB
 36b527d1cae8 Downloading 136.3MB
 80af3a31ab5a Downloading 36.7MB
 36b527d1cae8 Downloading 136.3MB
 80af3a31ab5a Downloading 36.7MB
 36b527d1cae8 Downloading 136.3MB
 80af3a31ab5a Downloading 36.7MB
 36b527d1cae8 Downloading 136.3MB
 80af3a31ab5a Downloading 36.7MB
 36b527d1cae8 Downloading 137.4MB
 80af3a31ab5a Downloading 37.75MB
 80af3a31ab5a Downloading 37.75MB
 36b527d1cae8 Downloading 137.4MB
 80af3a31ab5a Downloading 37.75MB
 36b527d1cae8 Downloading 137.4MB
 36b527d1cae8 Downloading 138.4MB
 80af3a31ab5a Downloading 37.75MB
 36b527d1cae8 Downloading 138.4MB
 80af3a31ab5a Downloading 37.75MB
 36b527d1cae8 Downloading 138.4MB
 80af3a31ab5a Downloading 37.75MB
 80af3a31ab5a Downloading 37.75MB
 36b527d1cae8 Downloading 138.4MB
 36b527d1cae8 Downloading 139.5MB
 80af3a31ab5a Downloading 37.75MB
 36b527d1cae8 Downloading 139.5MB
 80af3a31ab5a Downloading 38.8MB
 80af3a31ab5a Downloading 38.8MB
 36b527d1cae8 Downloading 139.5MB
 36b527d1cae8 Downloading 139.5MB
 80af3a31ab5a Downloading 38.8MB
 36b527d1cae8 Downloading 140.5MB
 80af3a31ab5a Downloading 38.8MB
 36b527d1cae8 Downloading 140.5MB
 80af3a31ab5a Downloading 38.8MB
 36b527d1cae8 Downloading 140.5MB
 80af3a31ab5a Downloading 38.8MB
 36b527d1cae8 Downloading 141.6MB
 80af3a31ab5a Downloading 38.8MB
 80af3a31ab5a Downloading 38.8MB
 36b527d1cae8 Downloading 141.6MB
 80af3a31ab5a Downloading 39.85MB
 36b527d1cae8 Downloading 141.6MB
 36b527d1cae8 Downloading 141.6MB
 80af3a31ab5a Downloading 39.85MB
 80af3a31ab5a Downloading 39.85MB
 36b527d1cae8 Downloading 142.6MB
 36b527d1cae8 Downloading 142.6MB
 80af3a31ab5a Downloading 39.85MB
 80af3a31ab5a Downloading 39.85MB
 36b527d1cae8 Downloading 142.6MB
 36b527d1cae8 Downloading 143.7MB
 80af3a31ab5a Downloading 39.85MB
 36b527d1cae8 Downloading 143.7MB
 80af3a31ab5a Downloading 39.85MB
 36b527d1cae8 Downloading 143.7MB
 80af3a31ab5a Downloading 40.89MB
 36b527d1cae8 Downloading 143.7MB
 80af3a31ab5a Downloading 40.89MB
 36b527d1cae8 Downloading 144.7MB
 80af3a31ab5a Downloading 40.89MB
 80af3a31ab5a Downloading 40.89MB
 36b527d1cae8 Downloading 144.7MB
 80af3a31ab5a Downloading 40.89MB
 36b527d1cae8 Downloading 144.7MB
 36b527d1cae8 Downloading 145.8MB
 80af3a31ab5a Downloading 40.89MB
 80af3a31ab5a Downloading 40.89MB
 36b527d1cae8 Downloading 145.8MB
 36b527d1cae8 Downloading 145.8MB
 80af3a31ab5a Downloading 40.89MB
 80af3a31ab5a Downloading 41.94MB
 36b527d1cae8 Downloading 145.8MB
 36b527d1cae8 Downloading 146.8MB
 80af3a31ab5a Downloading 41.94MB
 80af3a31ab5a Downloading 41.94MB
 36b527d1cae8 Downloading 146.8MB
 36b527d1cae8 Downloading 146.8MB
 80af3a31ab5a Downloading 41.94MB
 36b527d1cae8 Downloading 147.8MB
 80af3a31ab5a Downloading 41.94MB
 36b527d1cae8 Downloading 147.8MB
 80af3a31ab5a Downloading 41.94MB
 36b527d1cae8 Downloading 147.8MB
 80af3a31ab5a Downloading 41.94MB
 36b527d1cae8 Downloading 147.8MB
 80af3a31ab5a Downloading 41.94MB
 36b527d1cae8 Downloading 148.9MB
 80af3a31ab5a Downloading 42.99MB
 36b527d1cae8 Downloading 148.9MB
 80af3a31ab5a Downloading 42.99MB
 80af3a31ab5a Downloading 42.99MB
 36b527d1cae8 Downloading 148.9MB
 80af3a31ab5a Downloading 42.99MB
 36b527d1cae8 Downloading 149.9MB
 36b527d1cae8 Downloading 149.9MB
 80af3a31ab5a Downloading 42.99MB
 36b527d1cae8 Downloading 149.9MB
 80af3a31ab5a Downloading 42.99MB
 80af3a31ab5a Downloading 42.99MB
 36b527d1cae8 Downloading 149.9MB
 36b527d1cae8 Downloading 151MB
 80af3a31ab5a Downloading 42.99MB
 80af3a31ab5a Downloading 44.04MB
 36b527d1cae8 Downloading 151MB
 36b527d1cae8 Downloading 151MB
 80af3a31ab5a Downloading 44.04MB
 36b527d1cae8 Downloading 151MB
 80af3a31ab5a Downloading 44.04MB
 36b527d1cae8 Downloading 151MB
 80af3a31ab5a Downloading 44.04MB
 36b527d1cae8 Downloading 152MB
 80af3a31ab5a Downloading 44.04MB
 36b527d1cae8 Downloading 152MB
 80af3a31ab5a Downloading 44.04MB
 36b527d1cae8 Downloading 152MB
 80af3a31ab5a Downloading 44.04MB
 36b527d1cae8 Downloading 152MB
 80af3a31ab5a Downloading 44.04MB
 80af3a31ab5a Downloading 44.04MB
 36b527d1cae8 Downloading 153.1MB
 80af3a31ab5a Downloading 45.09MB
 36b527d1cae8 Downloading 153.1MB
 36b527d1cae8 Downloading 153.1MB
 80af3a31ab5a Downloading 45.09MB
 80af3a31ab5a Downloading 45.09MB
 36b527d1cae8 Downloading 153.1MB
 36b527d1cae8 Downloading 153.1MB
 80af3a31ab5a Downloading 45.09MB
 36b527d1cae8 Downloading 154.1MB
 80af3a31ab5a Downloading 45.09MB
 80af3a31ab5a Downloading 45.09MB
 36b527d1cae8 Downloading 154.1MB
 80af3a31ab5a Downloading 45.09MB
 36b527d1cae8 Downloading 154.1MB
 36b527d1cae8 Downloading 155.2MB
 80af3a31ab5a Downloading 45.09MB
 36b527d1cae8 Downloading 155.2MB
 80af3a31ab5a Downloading 46.14MB
 80af3a31ab5a Downloading 46.14MB
 36b527d1cae8 Downloading 155.2MB
 36b527d1cae8 Downloading 156.2MB
 80af3a31ab5a Downloading 46.14MB
 80af3a31ab5a Downloading 46.14MB
 36b527d1cae8 Downloading 156.2MB
 36b527d1cae8 Downloading 156.2MB
 80af3a31ab5a Downloading 46.14MB
 36b527d1cae8 Downloading 157.3MB
 80af3a31ab5a Downloading 47.19MB
 36b527d1cae8 Downloading 157.3MB
 80af3a31ab5a Downloading 47.19MB
 36b527d1cae8 Downloading 157.3MB
 80af3a31ab5a Downloading 47.19MB
 36b527d1cae8 Downloading 158.3MB
 80af3a31ab5a Downloading 47.19MB
 36b527d1cae8 Downloading 158.3MB
 80af3a31ab5a Downloading 47.19MB
 36b527d1cae8 Downloading 158.3MB
 80af3a31ab5a Downloading 47.19MB
 36b527d1cae8 Downloading 158.3MB
 80af3a31ab5a Downloading 48.23MB
 36b527d1cae8 Downloading 159.4MB
 80af3a31ab5a Downloading 48.23MB
 36b527d1cae8 Downloading 159.4MB
 80af3a31ab5a Downloading 48.23MB
 36b527d1cae8 Downloading 159.4MB
 80af3a31ab5a Downloading 48.23MB
 36b527d1cae8 Downloading 160.4MB
 80af3a31ab5a Downloading 48.23MB
 80af3a31ab5a Downloading 48.23MB
 36b527d1cae8 Downloading 160.4MB
 36b527d1cae8 Downloading 161.5MB
 80af3a31ab5a Downloading 49.28MB
 36b527d1cae8 Downloading 161.5MB
 80af3a31ab5a Downloading 49.28MB
 36b527d1cae8 Downloading 161.5MB
 80af3a31ab5a Downloading 49.28MB
 80af3a31ab5a Downloading 49.28MB
 36b527d1cae8 Downloading 162.5MB
 80af3a31ab5a Downloading 49.28MB
 36b527d1cae8 Downloading 162.5MB
 80af3a31ab5a Downloading 49.28MB
 36b527d1cae8 Downloading 162.5MB
 80af3a31ab5a Downloading 50.33MB
 36b527d1cae8 Downloading 163.6MB
 80af3a31ab5a Downloading 50.33MB
 36b527d1cae8 Downloading 163.6MB
 80af3a31ab5a Downloading 50.33MB
 36b527d1cae8 Downloading 163.6MB
 80af3a31ab5a Downloading 50.33MB
 36b527d1cae8 Downloading 164.6MB
 80af3a31ab5a Downloading 50.33MB
 36b527d1cae8 Downloading 164.6MB
 80af3a31ab5a Downloading 50.33MB
 36b527d1cae8 Downloading 164.6MB
 80af3a31ab5a Downloading 50.33MB
 36b527d1cae8 Downloading 165.7MB
 80af3a31ab5a Downloading 51.38MB
 36b527d1cae8 Downloading 165.7MB
 80af3a31ab5a Downloading 51.38MB
 36b527d1cae8 Downloading 166.7MB
 80af3a31ab5a Downloading 51.38MB
 36b527d1cae8 Downloading 166.7MB
 36b527d1cae8 Downloading 166.7MB
 80af3a31ab5a Downloading 51.38MB
 36b527d1cae8 Downloading 167.8MB
 80af3a31ab5a Downloading 51.38MB
 36b527d1cae8 Downloading 167.8MB
 80af3a31ab5a Downloading 51.38MB
 36b527d1cae8 Downloading 167.8MB
 80af3a31ab5a Downloading 51.38MB
 80af3a31ab5a Downloading 52.43MB
 36b527d1cae8 Downloading 168.8MB
 36b527d1cae8 Downloading 168.8MB
 80af3a31ab5a Downloading 52.43MB
 80af3a31ab5a Downloading 52.43MB
 36b527d1cae8 Downloading 168.8MB
 36b527d1cae8 Downloading 169.9MB
 80af3a31ab5a Downloading 52.43MB
 80af3a31ab5a Downloading 52.43MB
 36b527d1cae8 Downloading 169.9MB
 36b527d1cae8 Downloading 169.9MB
 80af3a31ab5a Downloading 52.43MB
 36b527d1cae8 Downloading 170.9MB
 80af3a31ab5a Downloading 52.43MB
 36b527d1cae8 Downloading 170.9MB
 80af3a31ab5a Downloading 52.43MB
 80af3a31ab5a Downloading 52.43MB
 36b527d1cae8 Downloading 170.9MB
 80af3a31ab5a Downloading 52.43MB
 36b527d1cae8 Downloading 172MB
 80af3a31ab5a Downloading 53.48MB
 36b527d1cae8 Downloading 172MB
 80af3a31ab5a Downloading 53.48MB
 36b527d1cae8 Downloading 172MB
 80af3a31ab5a Downloading 53.48MB
 36b527d1cae8 Downloading 173MB
 80af3a31ab5a Downloading 53.48MB
 36b527d1cae8 Downloading 173MB
 80af3a31ab5a Downloading 53.48MB
 36b527d1cae8 Downloading 173MB
 80af3a31ab5a Downloading 53.48MB
 36b527d1cae8 Downloading 173MB
 36b527d1cae8 Downloading 173MB
 80af3a31ab5a Downloading 53.48MB
 36b527d1cae8 Downloading 174.1MB
 80af3a31ab5a Downloading 53.48MB
 80af3a31ab5a Downloading 54.53MB
 36b527d1cae8 Downloading 175.1MB
 80af3a31ab5a Downloading 54.53MB
 36b527d1cae8 Downloading 175.1MB
 36b527d1cae8 Downloading 176.2MB
 80af3a31ab5a Downloading 54.53MB
 36b527d1cae8 Downloading 176.2MB
 80af3a31ab5a Downloading 54.53MB
 36b527d1cae8 Downloading 177.2MB
 80af3a31ab5a Downloading 54.53MB
 36b527d1cae8 Downloading 177.2MB
 80af3a31ab5a Downloading 54.53MB
 36b527d1cae8 Downloading 177.2MB
 80af3a31ab5a Downloading 54.53MB
 36b527d1cae8 Downloading 178.3MB
 80af3a31ab5a Downloading 55.57MB
 80af3a31ab5a Downloading 55.57MB
 36b527d1cae8 Downloading 178.3MB
 36b527d1cae8 Downloading 179.3MB
 80af3a31ab5a Downloading 55.57MB
 80af3a31ab5a Downloading 55.57MB
 36b527d1cae8 Downloading 179.3MB
 80af3a31ab5a Downloading 55.57MB
 36b527d1cae8 Downloading 179.3MB
 36b527d1cae8 Downloading 180.4MB
 80af3a31ab5a Downloading 55.57MB
 36b527d1cae8 Downloading 180.4MB
 80af3a31ab5a Downloading 55.57MB
 80af3a31ab5a Downloading 55.57MB
 36b527d1cae8 Downloading 180.4MB
 36b527d1cae8 Downloading 181.4MB
 80af3a31ab5a Downloading 55.57MB
 80af3a31ab5a Downloading 56.62MB
 36b527d1cae8 Download complete 0B
 36b527d1cae8 Extracting 1B
 80af3a31ab5a Downloading 56.62MB
 36b527d1cae8 Extracting 1B
 80af3a31ab5a Downloading 56.62MB
 36b527d1cae8 Extracting 1B
 80af3a31ab5a Downloading 56.62MB
 36b527d1cae8 Extracting 1B
 80af3a31ab5a Downloading 56.62MB
 36b527d1cae8 Extracting 1B
 80af3a31ab5a Downloading 56.62MB
 36b527d1cae8 Extracting 1B
 80af3a31ab5a Downloading 56.62MB
 36b527d1cae8 Extracting 1B
 80af3a31ab5a Downloading 56.62MB
 36b527d1cae8 Extracting 1B
 80af3a31ab5a Downloading 56.62MB
 36b527d1cae8 Extracting 1B
 80af3a31ab5a Downloading 57.67MB
 36b527d1cae8 Extracting 1B
 80af3a31ab5a Downloading 57.67MB
 36b527d1cae8 Extracting 1B
 80af3a31ab5a Downloading 58.72MB
 36b527d1cae8 Extracting 2B
 80af3a31ab5a Downloading 58.72MB
 36b527d1cae8 Extracting 2B
 80af3a31ab5a Downloading 58.72MB
 36b527d1cae8 Extracting 2B
 80af3a31ab5a Downloading 59.77MB
 36b527d1cae8 Extracting 2B
 80af3a31ab5a Downloading 59.77MB
 36b527d1cae8 Extracting 2B
 80af3a31ab5a Downloading 59.77MB
 36b527d1cae8 Extracting 2B
 80af3a31ab5a Downloading 60.82MB
 36b527d1cae8 Extracting 2B
 80af3a31ab5a Downloading 60.82MB
 36b527d1cae8 Extracting 2B
 80af3a31ab5a Downloading 61.87MB
 36b527d1cae8 Extracting 2B
 80af3a31ab5a Downloading 61.87MB
 36b527d1cae8 Extracting 2B
 80af3a31ab5a Downloading 61.87MB
 36b527d1cae8 Extracting 3B
 80af3a31ab5a Downloading 62.91MB
 36b527d1cae8 Extracting 3B
 80af3a31ab5a Downloading 62.91MB
 36b527d1cae8 Extracting 3B
 80af3a31ab5a Downloading 63.96MB
 36b527d1cae8 Extracting 3B
 80af3a31ab5a Downloading 63.96MB
 36b527d1cae8 Extracting 3B
 80af3a31ab5a Downloading 65.01MB
 36b527d1cae8 Extracting 3B
 80af3a31ab5a Downloading 65.01MB
 36b527d1cae8 Extracting 3B
 80af3a31ab5a Downloading 65.01MB
 36b527d1cae8 Extracting 3B
 80af3a31ab5a Downloading 66.06MB
 36b527d1cae8 Extracting 3B
 80af3a31ab5a Downloading 66.06MB
 36b527d1cae8 Extracting 3B
 80af3a31ab5a Downloading 66.06MB
 36b527d1cae8 Extracting 4B
 80af3a31ab5a Downloading 67.11MB
 36b527d1cae8 Extracting 4B
 80af3a31ab5a Downloading 67.11MB
 36b527d1cae8 Extracting 4B
 80af3a31ab5a Downloading 68.16MB
 10d13ed35878 Extracting 1B
 36b527d1cae8 Pull complete 0B
 80af3a31ab5a Downloading 68.16MB
 10d13ed35878 Pull complete 0B
 80af3a31ab5a Downloading 68.16MB
 7b8f8b8edfb4 Pull complete 0B
 c30266668039 Pull complete 0B
 80af3a31ab5a Downloading 69.21MB
 80af3a31ab5a Downloading 69.21MB
 80af3a31ab5a Downloading 70.25MB
 80af3a31ab5a Downloading 70.25MB
 80af3a31ab5a Downloading 70.25MB
 80af3a31ab5a Downloading 71.3MB
 80af3a31ab5a Downloading 71.3MB
 80af3a31ab5a Downloading 72.35MB
 80af3a31ab5a Downloading 72.35MB
 80af3a31ab5a Downloading 72.35MB
 80af3a31ab5a Downloading 73.4MB
 80af3a31ab5a Downloading 73.4MB
 80af3a31ab5a Downloading 74.45MB
 80af3a31ab5a Downloading 74.45MB
 80af3a31ab5a Downloading 75.5MB
 80af3a31ab5a Downloading 75.5MB
 80af3a31ab5a Downloading 76.55MB
 80af3a31ab5a Downloading 76.55MB
 80af3a31ab5a Downloading 77.59MB
 80af3a31ab5a Downloading 77.59MB
 80af3a31ab5a Downloading 78.64MB
 80af3a31ab5a Downloading 78.64MB
 80af3a31ab5a Downloading 79.69MB
 80af3a31ab5a Downloading 79.69MB
 80af3a31ab5a Downloading 80.74MB
 80af3a31ab5a Downloading 80.74MB
 80af3a31ab5a Downloading 80.74MB
 80af3a31ab5a Downloading 81.79MB
 80af3a31ab5a Downloading 81.79MB
 80af3a31ab5a Downloading 82.84MB
 80af3a31ab5a Downloading 82.84MB
 80af3a31ab5a Downloading 83.89MB
 80af3a31ab5a Downloading 83.89MB
 80af3a31ab5a Downloading 84.93MB
 80af3a31ab5a Downloading 84.93MB
 80af3a31ab5a Downloading 85.98MB
 80af3a31ab5a Downloading 85.98MB
 80af3a31ab5a Downloading 87.03MB
 80af3a31ab5a Downloading 87.03MB
 80af3a31ab5a Downloading 87.03MB
 80af3a31ab5a Downloading 88.08MB
 80af3a31ab5a Downloading 88.08MB
 80af3a31ab5a Downloading 89.13MB
 80af3a31ab5a Downloading 89.13MB
 80af3a31ab5a Downloading 90.18MB
 80af3a31ab5a Downloading 90.18MB
 80af3a31ab5a Downloading 91.23MB
 80af3a31ab5a Downloading 91.23MB
 80af3a31ab5a Downloading 92.27MB
 80af3a31ab5a Downloading 92.27MB
 80af3a31ab5a Downloading 92.27MB
 80af3a31ab5a Downloading 93.32MB
 80af3a31ab5a Downloading 93.32MB
 80af3a31ab5a Downloading 94.37MB
 80af3a31ab5a Downloading 94.37MB
 80af3a31ab5a Downloading 95.42MB
 80af3a31ab5a Downloading 95.42MB
 80af3a31ab5a Downloading 96.47MB
 80af3a31ab5a Downloading 96.47MB
 80af3a31ab5a Downloading 97.52MB
 80af3a31ab5a Downloading 97.52MB
 80af3a31ab5a Downloading 98.57MB
 80af3a31ab5a Downloading 98.57MB
 80af3a31ab5a Downloading 98.57MB
 80af3a31ab5a Downloading 99.61MB
 80af3a31ab5a Downloading 99.61MB
 80af3a31ab5a Downloading 100.7MB
 80af3a31ab5a Downloading 100.7MB
 80af3a31ab5a Downloading 100.7MB
 80af3a31ab5a Downloading 101.7MB
 80af3a31ab5a Downloading 101.7MB
 80af3a31ab5a Downloading 102.8MB
 80af3a31ab5a Downloading 102.8MB
 80af3a31ab5a Downloading 103.8MB
 80af3a31ab5a Downloading 103.8MB
 80af3a31ab5a Downloading 103.8MB
 80af3a31ab5a Downloading 104.9MB
 80af3a31ab5a Downloading 104.9MB
 80af3a31ab5a Downloading 105.9MB
 80af3a31ab5a Downloading 105.9MB
 80af3a31ab5a Downloading 107MB
 80af3a31ab5a Downloading 107MB
 80af3a31ab5a Downloading 108MB
 80af3a31ab5a Downloading 108MB
 80af3a31ab5a Downloading 109.1MB
 80af3a31ab5a Downloading 109.1MB
 80af3a31ab5a Downloading 109.1MB
 80af3a31ab5a Downloading 110.1MB
 80af3a31ab5a Downloading 110.1MB
 80af3a31ab5a Downloading 111.1MB
 80af3a31ab5a Downloading 111.1MB
 80af3a31ab5a Downloading 112.2MB
 80af3a31ab5a Downloading 112.2MB
 80af3a31ab5a Downloading 113.2MB
 80af3a31ab5a Downloading 113.2MB
 80af3a31ab5a Downloading 114.3MB
 80af3a31ab5a Downloading 114.3MB
 80af3a31ab5a Downloading 115.3MB
 80af3a31ab5a Downloading 115.3MB
 80af3a31ab5a Downloading 116.4MB
 80af3a31ab5a Downloading 116.4MB
 80af3a31ab5a Downloading 117.4MB
 80af3a31ab5a Downloading 117.4MB
 80af3a31ab5a Downloading 118.5MB
 80af3a31ab5a Downloading 118.5MB
 80af3a31ab5a Downloading 119.5MB
 80af3a31ab5a Downloading 119.5MB
 80af3a31ab5a Downloading 120.6MB
 80af3a31ab5a Downloading 120.6MB
 80af3a31ab5a Downloading 121.6MB
 80af3a31ab5a Downloading 121.6MB
 80af3a31ab5a Downloading 121.6MB
 80af3a31ab5a Downloading 122.7MB
 80af3a31ab5a Downloading 122.7MB
 80af3a31ab5a Downloading 123.7MB
 80af3a31ab5a Downloading 123.7MB
 80af3a31ab5a Downloading 123.7MB
 80af3a31ab5a Downloading 124.8MB
 80af3a31ab5a Downloading 124.8MB
 80af3a31ab5a Downloading 124.8MB
 80af3a31ab5a Downloading 124.8MB
 80af3a31ab5a Downloading 124.8MB
 80af3a31ab5a Downloading 125.8MB
 80af3a31ab5a Downloading 125.8MB
 80af3a31ab5a Downloading 126.9MB
 80af3a31ab5a Downloading 126.9MB
 80af3a31ab5a Downloading 127.9MB
 80af3a31ab5a Downloading 127.9MB
 80af3a31ab5a Downloading 127.9MB
 80af3a31ab5a Downloading 129MB
 80af3a31ab5a Downloading 129MB
 80af3a31ab5a Downloading 129MB
 80af3a31ab5a Downloading 130MB
 80af3a31ab5a Downloading 130MB
 80af3a31ab5a Downloading 131.1MB
 80af3a31ab5a Downloading 131.1MB
 80af3a31ab5a Downloading 132.1MB
 80af3a31ab5a Downloading 132.1MB
 80af3a31ab5a Downloading 132.1MB
 80af3a31ab5a Downloading 133.2MB
 80af3a31ab5a Downloading 133.2MB
 80af3a31ab5a Downloading 134.2MB
 80af3a31ab5a Downloading 134.2MB
 80af3a31ab5a Downloading 135.3MB
 80af3a31ab5a Downloading 135.3MB
 80af3a31ab5a Downloading 135.3MB
 80af3a31ab5a Downloading 136.3MB
 80af3a31ab5a Downloading 136.3MB
 80af3a31ab5a Downloading 137.4MB
 80af3a31ab5a Downloading 137.4MB
 80af3a31ab5a Downloading 138.4MB
 80af3a31ab5a Downloading 138.4MB
 80af3a31ab5a Downloading 138.4MB
 80af3a31ab5a Downloading 139.5MB
 80af3a31ab5a Downloading 139.5MB
 80af3a31ab5a Downloading 140.5MB
 80af3a31ab5a Downloading 140.5MB
 80af3a31ab5a Downloading 141.6MB
 80af3a31ab5a Downloading 141.6MB
 80af3a31ab5a Downloading 141.6MB
 80af3a31ab5a Downloading 142.6MB
 80af3a31ab5a Downloading 142.6MB
 80af3a31ab5a Downloading 142.6MB
 80af3a31ab5a Downloading 143.7MB
 80af3a31ab5a Downloading 143.7MB
 80af3a31ab5a Downloading 143.7MB
 80af3a31ab5a Downloading 144.7MB
 80af3a31ab5a Downloading 144.7MB
 80af3a31ab5a Downloading 144.7MB
 80af3a31ab5a Downloading 145.8MB
 80af3a31ab5a Downloading 145.8MB
 80af3a31ab5a Downloading 146.8MB
 80af3a31ab5a Downloading 146.8MB
 80af3a31ab5a Downloading 147.8MB
 80af3a31ab5a Downloading 147.8MB
 80af3a31ab5a Downloading 147.8MB
 80af3a31ab5a Downloading 148.9MB
 80af3a31ab5a Downloading 148.9MB
 80af3a31ab5a Downloading 149.9MB
 80af3a31ab5a Downloading 149.9MB
 80af3a31ab5a Downloading 151MB
 80af3a31ab5a Downloading 151MB
 80af3a31ab5a Downloading 152MB
 80af3a31ab5a Downloading 152MB
 80af3a31ab5a Downloading 153.1MB
 80af3a31ab5a Downloading 153.1MB
 80af3a31ab5a Downloading 153.1MB
 80af3a31ab5a Downloading 154.1MB
 80af3a31ab5a Downloading 154.1MB
 80af3a31ab5a Downloading 155.2MB
 80af3a31ab5a Downloading 155.2MB
 80af3a31ab5a Downloading 156.2MB
 80af3a31ab5a Downloading 156.2MB
 80af3a31ab5a Downloading 156.2MB
 80af3a31ab5a Downloading 157.3MB
 80af3a31ab5a Downloading 157.3MB
 80af3a31ab5a Downloading 157.3MB
 80af3a31ab5a Downloading 157.3MB
 80af3a31ab5a Downloading 158.3MB
 80af3a31ab5a Downloading 158.3MB
 80af3a31ab5a Downloading 158.3MB
 80af3a31ab5a Downloading 159.4MB
 80af3a31ab5a Downloading 159.4MB
 80af3a31ab5a Downloading 159.4MB
 80af3a31ab5a Downloading 160.4MB
 80af3a31ab5a Downloading 160.4MB
 80af3a31ab5a Downloading 160.4MB
 80af3a31ab5a Downloading 161.5MB
 80af3a31ab5a Downloading 161.5MB
 80af3a31ab5a Downloading 162.5MB
 80af3a31ab5a Downloading 162.5MB
 80af3a31ab5a Downloading 162.5MB
 80af3a31ab5a Downloading 163.6MB
 80af3a31ab5a Downloading 163.6MB
 80af3a31ab5a Downloading 163.6MB
 80af3a31ab5a Downloading 164.6MB
 80af3a31ab5a Downloading 164.6MB
 80af3a31ab5a Downloading 165.7MB
 80af3a31ab5a Downloading 165.7MB
 80af3a31ab5a Downloading 165.7MB
 80af3a31ab5a Downloading 166.7MB
 80af3a31ab5a Downloading 166.7MB
 80af3a31ab5a Downloading 166.7MB
 80af3a31ab5a Downloading 167.8MB
 80af3a31ab5a Downloading 167.8MB
 80af3a31ab5a Downloading 167.8MB
 80af3a31ab5a Downloading 168.8MB
 80af3a31ab5a Downloading 168.8MB
 80af3a31ab5a Downloading 168.8MB
 80af3a31ab5a Downloading 169.9MB
 80af3a31ab5a Downloading 169.9MB
 80af3a31ab5a Downloading 169.9MB
 80af3a31ab5a Downloading 170.9MB
 80af3a31ab5a Downloading 170.9MB
 80af3a31ab5a Downloading 170.9MB
 80af3a31ab5a Downloading 172MB
 80af3a31ab5a Downloading 172MB
 80af3a31ab5a Downloading 172MB
 80af3a31ab5a Downloading 173MB
 80af3a31ab5a Downloading 173MB
 80af3a31ab5a Downloading 174.1MB
 80af3a31ab5a Downloading 174.1MB
 80af3a31ab5a Downloading 174.1MB
 80af3a31ab5a Downloading 175.1MB
 80af3a31ab5a Downloading 175.1MB
 80af3a31ab5a Downloading 176.2MB
 80af3a31ab5a Downloading 176.2MB
 80af3a31ab5a Downloading 176.2MB
 80af3a31ab5a Downloading 177.2MB
 80af3a31ab5a Downloading 177.2MB
 80af3a31ab5a Downloading 178.3MB
 80af3a31ab5a Downloading 178.3MB
 80af3a31ab5a Downloading 178.3MB
 80af3a31ab5a Downloading 179.3MB
 80af3a31ab5a Downloading 179.3MB
 80af3a31ab5a Downloading 180.4MB
 80af3a31ab5a Downloading 180.4MB
 80af3a31ab5a Downloading 180.4MB
 80af3a31ab5a Downloading 181.4MB
 80af3a31ab5a Downloading 181.4MB
 80af3a31ab5a Downloading 182.5MB
 80af3a31ab5a Downloading 182.5MB
 80af3a31ab5a Downloading 182.5MB
 80af3a31ab5a Downloading 183.5MB
 80af3a31ab5a Downloading 183.5MB
 80af3a31ab5a Downloading 184.5MB
 80af3a31ab5a Downloading 184.5MB
 80af3a31ab5a Downloading 185.6MB
 80af3a31ab5a Downloading 185.6MB
 80af3a31ab5a Downloading 185.6MB
 80af3a31ab5a Downloading 186.6MB
 80af3a31ab5a Downloading 186.6MB
 80af3a31ab5a Downloading 187.7MB
 80af3a31ab5a Downloading 187.7MB
 80af3a31ab5a Downloading 187.7MB
 80af3a31ab5a Downloading 188.7MB
 80af3a31ab5a Downloading 188.7MB
 80af3a31ab5a Downloading 189.8MB
 80af3a31ab5a Downloading 189.8MB
 80af3a31ab5a Downloading 190.8MB
 80af3a31ab5a Downloading 190.8MB
 80af3a31ab5a Downloading 190.8MB
 80af3a31ab5a Downloading 191.9MB
 80af3a31ab5a Downloading 191.9MB
 80af3a31ab5a Downloading 192.9MB
 80af3a31ab5a Downloading 192.9MB
 80af3a31ab5a Downloading 192.9MB
 80af3a31ab5a Downloading 194MB
 80af3a31ab5a Downloading 194MB
 80af3a31ab5a Downloading 195MB
 80af3a31ab5a Downloading 195MB
 80af3a31ab5a Downloading 196.1MB
 80af3a31ab5a Downloading 196.1MB
 80af3a31ab5a Downloading 196.1MB
 80af3a31ab5a Downloading 197.1MB
 80af3a31ab5a Downloading 197.1MB
 80af3a31ab5a Downloading 198.2MB
 80af3a31ab5a Downloading 198.2MB
 80af3a31ab5a Downloading 199.2MB
 80af3a31ab5a Downloading 199.2MB
 80af3a31ab5a Downloading 199.2MB
 80af3a31ab5a Downloading 200.3MB
 80af3a31ab5a Downloading 200.3MB
 80af3a31ab5a Downloading 201.3MB
 80af3a31ab5a Downloading 201.3MB
 80af3a31ab5a Downloading 201.3MB
 80af3a31ab5a Downloading 202.4MB
 80af3a31ab5a Downloading 202.4MB
 80af3a31ab5a Downloading 203.4MB
 80af3a31ab5a Downloading 203.4MB
 80af3a31ab5a Downloading 204.5MB
 80af3a31ab5a Downloading 204.5MB
 80af3a31ab5a Downloading 205.5MB
 80af3a31ab5a Downloading 205.5MB
 80af3a31ab5a Downloading 206.6MB
 80af3a31ab5a Downloading 206.6MB
 80af3a31ab5a Downloading 207.6MB
 80af3a31ab5a Downloading 207.6MB
 80af3a31ab5a Downloading 208.7MB
 80af3a31ab5a Downloading 208.7MB
 80af3a31ab5a Downloading 209.7MB
 80af3a31ab5a Downloading 209.7MB
 80af3a31ab5a Downloading 210.8MB
 80af3a31ab5a Downloading 210.8MB
 80af3a31ab5a Downloading 211.8MB
 80af3a31ab5a Downloading 211.8MB
 80af3a31ab5a Downloading 212.9MB
 80af3a31ab5a Downloading 212.9MB
 80af3a31ab5a Downloading 212.9MB
 80af3a31ab5a Downloading 213.9MB
 80af3a31ab5a Downloading 215MB
 80af3a31ab5a Downloading 215MB
 80af3a31ab5a Downloading 216MB
 80af3a31ab5a Downloading 216MB
 80af3a31ab5a Downloading 216MB
 80af3a31ab5a Downloading 217.1MB
 80af3a31ab5a Downloading 217.1MB
 80af3a31ab5a Downloading 218.1MB
 80af3a31ab5a Downloading 218.1MB
 80af3a31ab5a Downloading 219.2MB
 80af3a31ab5a Downloading 219.2MB
 80af3a31ab5a Downloading 219.2MB
 80af3a31ab5a Downloading 219.2MB
 80af3a31ab5a Downloading 219.2MB
 80af3a31ab5a Downloading 219.2MB
 80af3a31ab5a Downloading 220.2MB
 80af3a31ab5a Downloading 220.2MB
 80af3a31ab5a Downloading 220.2MB
 80af3a31ab5a Downloading 220.2MB
 80af3a31ab5a Downloading 220.2MB
 80af3a31ab5a Downloading 220.2MB
 80af3a31ab5a Downloading 220.2MB
 80af3a31ab5a Downloading 220.2MB
 80af3a31ab5a Downloading 220.2MB
 80af3a31ab5a Downloading 220.2MB
 80af3a31ab5a Downloading 220.2MB
 80af3a31ab5a Downloading 220.2MB
 80af3a31ab5a Downloading 221.2MB
 80af3a31ab5a Downloading 221.2MB
 80af3a31ab5a Downloading 222.3MB
 80af3a31ab5a Downloading 222.3MB
 80af3a31ab5a Downloading 222.3MB
 80af3a31ab5a Downloading 222.3MB
 80af3a31ab5a Downloading 222.3MB
 80af3a31ab5a Downloading 222.3MB
 80af3a31ab5a Downloading 222.3MB
 80af3a31ab5a Downloading 222.3MB
 80af3a31ab5a Downloading 223.3MB
 80af3a31ab5a Downloading 223.3MB
 80af3a31ab5a Downloading 224.4MB
 80af3a31ab5a Downloading 224.4MB
 80af3a31ab5a Downloading 225.4MB
 80af3a31ab5a Downloading 225.4MB
 80af3a31ab5a Downloading 226.5MB
 80af3a31ab5a Downloading 226.5MB
 80af3a31ab5a Downloading 227.5MB
 80af3a31ab5a Downloading 227.5MB
 80af3a31ab5a Downloading 228.6MB
 80af3a31ab5a Downloading 228.6MB
 80af3a31ab5a Downloading 229.6MB
 80af3a31ab5a Downloading 229.6MB
 80af3a31ab5a Downloading 229.6MB
 80af3a31ab5a Downloading 230.7MB
 80af3a31ab5a Downloading 230.7MB
 80af3a31ab5a Downloading 230.7MB
 80af3a31ab5a Downloading 230.7MB
 80af3a31ab5a Downloading 230.7MB
 80af3a31ab5a Downloading 232.8MB
 80af3a31ab5a Downloading 232.8MB
 80af3a31ab5a Downloading 233.8MB
 80af3a31ab5a Downloading 233.8MB
 80af3a31ab5a Downloading 233.8MB
 80af3a31ab5a Downloading 234.9MB
 80af3a31ab5a Downloading 234.9MB
 80af3a31ab5a Downloading 235.9MB
 80af3a31ab5a Downloading 235.9MB
 80af3a31ab5a Downloading 237MB
 80af3a31ab5a Downloading 237MB
 80af3a31ab5a Downloading 238MB
 80af3a31ab5a Downloading 238MB
 80af3a31ab5a Downloading 239.1MB
 80af3a31ab5a Downloading 239.1MB
 80af3a31ab5a Downloading 239.1MB
 80af3a31ab5a Downloading 239.1MB
 80af3a31ab5a Downloading 239.1MB
 80af3a31ab5a Downloading 240.1MB
 80af3a31ab5a Downloading 242.2MB
 80af3a31ab5a Downloading 242.2MB
 80af3a31ab5a Downloading 243.3MB
 80af3a31ab5a Downloading 243.3MB
 80af3a31ab5a Downloading 244.3MB
 80af3a31ab5a Downloading 244.3MB
 80af3a31ab5a Downloading 245.4MB
 80af3a31ab5a Downloading 245.4MB
 80af3a31ab5a Downloading 246.4MB
 80af3a31ab5a Downloading 246.4MB
 80af3a31ab5a Downloading 247.5MB
 80af3a31ab5a Downloading 247.5MB
 80af3a31ab5a Downloading 248.5MB
 80af3a31ab5a Downloading 248.5MB
 80af3a31ab5a Downloading 249.6MB
 80af3a31ab5a Downloading 249.6MB
 80af3a31ab5a Downloading 250.6MB
 80af3a31ab5a Downloading 250.6MB
 80af3a31ab5a Downloading 251.7MB
 80af3a31ab5a Downloading 251.7MB
 80af3a31ab5a Downloading 252.7MB
 80af3a31ab5a Downloading 253.8MB
 80af3a31ab5a Downloading 253.8MB
 80af3a31ab5a Downloading 253.8MB
 80af3a31ab5a Downloading 254.8MB
 80af3a31ab5a Downloading 254.8MB
 80af3a31ab5a Downloading 255.9MB
 80af3a31ab5a Downloading 255.9MB
 80af3a31ab5a Downloading 256.9MB
 80af3a31ab5a Downloading 256.9MB
 80af3a31ab5a Downloading 257.9MB
 80af3a31ab5a Downloading 257.9MB
 80af3a31ab5a Downloading 259MB
 80af3a31ab5a Downloading 259MB
 80af3a31ab5a Downloading 259MB
 80af3a31ab5a Downloading 260MB
 80af3a31ab5a Downloading 260MB
 80af3a31ab5a Downloading 260MB
 80af3a31ab5a Downloading 261.1MB
 80af3a31ab5a Downloading 262.1MB
 80af3a31ab5a Downloading 262.1MB
 80af3a31ab5a Downloading 262.1MB
 80af3a31ab5a Downloading 263.2MB
 80af3a31ab5a Downloading 263.2MB
 80af3a31ab5a Downloading 264.2MB
 80af3a31ab5a Downloading 264.2MB
 80af3a31ab5a Downloading 265.3MB
 80af3a31ab5a Downloading 265.3MB
 80af3a31ab5a Downloading 266.3MB
 80af3a31ab5a Downloading 266.3MB
 80af3a31ab5a Downloading 267.4MB
 80af3a31ab5a Downloading 267.4MB
 80af3a31ab5a Downloading 268.4MB
 80af3a31ab5a Downloading 268.4MB
 80af3a31ab5a Downloading 269.5MB
 80af3a31ab5a Downloading 269.5MB
 80af3a31ab5a Downloading 270.5MB
 80af3a31ab5a Downloading 270.5MB
 80af3a31ab5a Downloading 271.6MB
 80af3a31ab5a Downloading 271.6MB
 80af3a31ab5a Downloading 272.6MB
 80af3a31ab5a Downloading 272.6MB
 80af3a31ab5a Downloading 272.6MB
 80af3a31ab5a Downloading 273.7MB
 80af3a31ab5a Downloading 273.7MB
 80af3a31ab5a Downloading 274.7MB
 80af3a31ab5a Downloading 274.7MB
 80af3a31ab5a Downloading 275.8MB
 80af3a31ab5a Downloading 275.8MB
 80af3a31ab5a Downloading 275.8MB
 80af3a31ab5a Downloading 276.8MB
 80af3a31ab5a Downloading 276.8MB
 80af3a31ab5a Downloading 277.9MB
 80af3a31ab5a Downloading 277.9MB
 80af3a31ab5a Downloading 277.9MB
 80af3a31ab5a Downloading 278.9MB
 80af3a31ab5a Downloading 278.9MB
 80af3a31ab5a Downloading 280MB
 80af3a31ab5a Downloading 280MB
 80af3a31ab5a Downloading 281MB
 80af3a31ab5a Downloading 281MB
 80af3a31ab5a Downloading 281MB
 80af3a31ab5a Downloading 282.1MB
 80af3a31ab5a Downloading 282.1MB
 80af3a31ab5a Downloading 283.1MB
 80af3a31ab5a Downloading 283.1MB
 80af3a31ab5a Downloading 283.1MB
 80af3a31ab5a Downloading 284.2MB
 80af3a31ab5a Downloading 284.2MB
 80af3a31ab5a Downloading 285.2MB
 80af3a31ab5a Downloading 285.2MB
 80af3a31ab5a Downloading 286.3MB
 80af3a31ab5a Downloading 286.3MB
 80af3a31ab5a Downloading 287.3MB
 80af3a31ab5a Downloading 287.3MB
 80af3a31ab5a Downloading 288.4MB
 80af3a31ab5a Downloading 288.4MB
 80af3a31ab5a Downloading 289.4MB
 80af3a31ab5a Downloading 289.4MB
 80af3a31ab5a Downloading 290.5MB
 80af3a31ab5a Downloading 290.5MB
 80af3a31ab5a Downloading 290.5MB
 80af3a31ab5a Downloading 291.5MB
 80af3a31ab5a Downloading 291.5MB
 80af3a31ab5a Downloading 292.6MB
 80af3a31ab5a Downloading 292.6MB
 80af3a31ab5a Downloading 293.6MB
 80af3a31ab5a Downloading 293.6MB
 80af3a31ab5a Downloading 293.6MB
 80af3a31ab5a Downloading 294.6MB
 80af3a31ab5a Downloading 294.6MB
 80af3a31ab5a Downloading 295.7MB
 80af3a31ab5a Downloading 295.7MB
 80af3a31ab5a Downloading 295.7MB
 80af3a31ab5a Downloading 296.7MB
 80af3a31ab5a Downloading 296.7MB
 80af3a31ab5a Downloading 297.8MB
 80af3a31ab5a Downloading 297.8MB
 80af3a31ab5a Downloading 298.8MB
 80af3a31ab5a Downloading 298.8MB
 80af3a31ab5a Downloading 299.9MB
 80af3a31ab5a Downloading 299.9MB
 80af3a31ab5a Downloading 300.9MB
 80af3a31ab5a Downloading 300.9MB
 80af3a31ab5a Downloading 302MB
 80af3a31ab5a Downloading 303MB
 80af3a31ab5a Downloading 303MB
 80af3a31ab5a Downloading 303MB
 80af3a31ab5a Downloading 304.1MB
 80af3a31ab5a Downloading 304.1MB
 80af3a31ab5a Downloading 305.1MB
 80af3a31ab5a Downloading 305.1MB
 80af3a31ab5a Downloading 306.2MB
 80af3a31ab5a Downloading 306.2MB
 80af3a31ab5a Downloading 307.2MB
 80af3a31ab5a Downloading 307.2MB
 80af3a31ab5a Downloading 308.3MB
 80af3a31ab5a Downloading 308.3MB
 80af3a31ab5a Downloading 309.3MB
 80af3a31ab5a Downloading 309.3MB
 80af3a31ab5a Downloading 309.3MB
 80af3a31ab5a Downloading 310.4MB
 80af3a31ab5a Downloading 310.4MB
 80af3a31ab5a Downloading 310.4MB
 80af3a31ab5a Downloading 311.4MB
 80af3a31ab5a Downloading 311.4MB
 80af3a31ab5a Downloading 311.4MB
 80af3a31ab5a Downloading 312.5MB
 80af3a31ab5a Downloading 312.5MB
 80af3a31ab5a Downloading 312.5MB
 80af3a31ab5a Downloading 313.5MB
 80af3a31ab5a Downloading 313.5MB
 80af3a31ab5a Downloading 313.5MB
 80af3a31ab5a Downloading 314.6MB
 80af3a31ab5a Downloading 314.6MB
 80af3a31ab5a Downloading 315.6MB
 80af3a31ab5a Downloading 315.6MB
 80af3a31ab5a Downloading 316.7MB
 80af3a31ab5a Downloading 316.7MB
 80af3a31ab5a Downloading 316.7MB
 80af3a31ab5a Downloading 317.7MB
 80af3a31ab5a Downloading 317.7MB
 80af3a31ab5a Downloading 318.8MB
 80af3a31ab5a Downloading 318.8MB
 80af3a31ab5a Downloading 318.8MB
 80af3a31ab5a Downloading 319.8MB
 80af3a31ab5a Downloading 319.8MB
 80af3a31ab5a Downloading 320.9MB
 80af3a31ab5a Downloading 320.9MB
 80af3a31ab5a Downloading 321.9MB
 80af3a31ab5a Downloading 321.9MB
 80af3a31ab5a Downloading 323MB
 80af3a31ab5a Downloading 323MB
 80af3a31ab5a Downloading 324MB
 80af3a31ab5a Downloading 324MB
 80af3a31ab5a Downloading 325.1MB
 80af3a31ab5a Downloading 325.1MB
 80af3a31ab5a Downloading 326.1MB
 80af3a31ab5a Downloading 326.1MB
 80af3a31ab5a Downloading 327.2MB
 80af3a31ab5a Downloading 327.2MB
 80af3a31ab5a Downloading 328.2MB
 80af3a31ab5a Downloading 328.2MB
 80af3a31ab5a Downloading 328.2MB
 80af3a31ab5a Downloading 329.3MB
 80af3a31ab5a Downloading 329.3MB
 80af3a31ab5a Downloading 329.3MB
 80af3a31ab5a Downloading 330.3MB
 80af3a31ab5a Downloading 330.3MB
 80af3a31ab5a Downloading 330.3MB
 80af3a31ab5a Downloading 331.4MB
 80af3a31ab5a Downloading 331.4MB
 80af3a31ab5a Downloading 331.4MB
 80af3a31ab5a Downloading 332.4MB
 80af3a31ab5a Downloading 332.4MB
 80af3a31ab5a Downloading 332.4MB
 80af3a31ab5a Downloading 332.4MB
 80af3a31ab5a Downloading 333.4MB
 80af3a31ab5a Downloading 333.4MB
 80af3a31ab5a Downloading 333.4MB
 80af3a31ab5a Downloading 334.5MB
 80af3a31ab5a Downloading 334.5MB
 80af3a31ab5a Downloading 334.5MB
 80af3a31ab5a Downloading 335.5MB
 80af3a31ab5a Downloading 335.5MB
 80af3a31ab5a Downloading 335.5MB
 80af3a31ab5a Downloading 336.6MB
 80af3a31ab5a Downloading 336.6MB
 80af3a31ab5a Downloading 337.6MB
 80af3a31ab5a Downloading 337.6MB
 80af3a31ab5a Downloading 337.6MB
 80af3a31ab5a Downloading 338.7MB
 80af3a31ab5a Downloading 338.7MB
 80af3a31ab5a Downloading 338.7MB
 80af3a31ab5a Downloading 339.7MB
 80af3a31ab5a Downloading 339.7MB
 80af3a31ab5a Downloading 339.7MB
 80af3a31ab5a Downloading 340.8MB
 80af3a31ab5a Downloading 340.8MB
 80af3a31ab5a Downloading 340.8MB
 80af3a31ab5a Downloading 341.8MB
 80af3a31ab5a Downloading 341.8MB
 80af3a31ab5a Downloading 341.8MB
 80af3a31ab5a Downloading 341.8MB
 80af3a31ab5a Downloading 341.8MB
 80af3a31ab5a Downloading 342.9MB
 80af3a31ab5a Downloading 343.9MB
 80af3a31ab5a Downloading 343.9MB
 80af3a31ab5a Downloading 343.9MB
 80af3a31ab5a Downloading 345MB
 80af3a31ab5a Downloading 345MB
 80af3a31ab5a Downloading 345MB
 80af3a31ab5a Downloading 346MB
 80af3a31ab5a Downloading 346MB
 80af3a31ab5a Downloading 346MB
 80af3a31ab5a Downloading 346MB
 80af3a31ab5a Downloading 346MB
 80af3a31ab5a Downloading 347.1MB
 80af3a31ab5a Downloading 347.1MB
 80af3a31ab5a Downloading 347.1MB
 80af3a31ab5a Downloading 347.1MB
 80af3a31ab5a Downloading 347.1MB
 80af3a31ab5a Downloading 347.1MB
 80af3a31ab5a Downloading 347.1MB
 80af3a31ab5a Downloading 347.1MB
 80af3a31ab5a Downloading 347.1MB
 80af3a31ab5a Downloading 347.1MB
 80af3a31ab5a Downloading 348.1MB
 80af3a31ab5a Downloading 348.1MB
 80af3a31ab5a Downloading 349.2MB
 80af3a31ab5a Downloading 349.2MB
 80af3a31ab5a Downloading 349.2MB
 80af3a31ab5a Downloading 350.2MB
 80af3a31ab5a Downloading 350.2MB
 80af3a31ab5a Downloading 350.2MB
 80af3a31ab5a Downloading 350.2MB
 80af3a31ab5a Downloading 350.2MB
 80af3a31ab5a Downloading 351.3MB
 80af3a31ab5a Downloading 351.3MB
 80af3a31ab5a Downloading 351.3MB
 80af3a31ab5a Downloading 351.3MB
 80af3a31ab5a Downloading 352.3MB
 80af3a31ab5a Downloading 352.3MB
 80af3a31ab5a Downloading 352.3MB
 80af3a31ab5a Downloading 352.3MB
 80af3a31ab5a Downloading 353.4MB
 80af3a31ab5a Downloading 353.4MB
 80af3a31ab5a Downloading 353.4MB
 80af3a31ab5a Downloading 354.4MB
 80af3a31ab5a Downloading 354.4MB
 80af3a31ab5a Downloading 354.4MB
 80af3a31ab5a Downloading 355.5MB
 80af3a31ab5a Downloading 355.5MB
 80af3a31ab5a Downloading 355.5MB
 80af3a31ab5a Downloading 355.5MB
 80af3a31ab5a Downloading 356.5MB
 80af3a31ab5a Downloading 356.5MB
 80af3a31ab5a Downloading 356.5MB
 80af3a31ab5a Downloading 357.6MB
 80af3a31ab5a Downloading 357.6MB
 80af3a31ab5a Downloading 357.6MB
 80af3a31ab5a Downloading 358.6MB
 80af3a31ab5a Downloading 358.6MB
 80af3a31ab5a Downloading 358.6MB
 80af3a31ab5a Downloading 358.6MB
 80af3a31ab5a Downloading 359.7MB
 80af3a31ab5a Downloading 359.7MB
 80af3a31ab5a Downloading 359.7MB
 80af3a31ab5a Downloading 359.7MB
 80af3a31ab5a Downloading 359.7MB
 80af3a31ab5a Downloading 360.7MB
 80af3a31ab5a Downloading 360.7MB
 80af3a31ab5a Downloading 360.7MB
 80af3a31ab5a Downloading 360.7MB
 80af3a31ab5a Downloading 361.8MB
 80af3a31ab5a Downloading 361.8MB
 80af3a31ab5a Downloading 361.8MB
 80af3a31ab5a Downloading 361.8MB
 80af3a31ab5a Downloading 362.8MB
 80af3a31ab5a Downloading 362.8MB
 80af3a31ab5a Downloading 362.8MB
 80af3a31ab5a Downloading 362.8MB
 80af3a31ab5a Downloading 363.9MB
 80af3a31ab5a Downloading 363.9MB
 80af3a31ab5a Downloading 363.9MB
 80af3a31ab5a Downloading 363.9MB
 80af3a31ab5a Downloading 363.9MB
 80af3a31ab5a Downloading 364.9MB
 80af3a31ab5a Downloading 364.9MB
 80af3a31ab5a Downloading 364.9MB
 80af3a31ab5a Downloading 364.9MB
 80af3a31ab5a Downloading 366MB
 80af3a31ab5a Downloading 366MB
 80af3a31ab5a Downloading 366MB
 80af3a31ab5a Downloading 366MB
 80af3a31ab5a Downloading 367MB
 80af3a31ab5a Downloading 367MB
 80af3a31ab5a Downloading 367MB
 80af3a31ab5a Downloading 367MB
 80af3a31ab5a Downloading 368.1MB
 80af3a31ab5a Downloading 368.1MB
 80af3a31ab5a Downloading 368.1MB
 80af3a31ab5a Downloading 368.1MB
 80af3a31ab5a Downloading 369.1MB
 80af3a31ab5a Downloading 369.1MB
 80af3a31ab5a Downloading 369.1MB
 80af3a31ab5a Downloading 369.1MB
 80af3a31ab5a Downloading 370.1MB
 80af3a31ab5a Downloading 370.1MB
 80af3a31ab5a Downloading 370.1MB
 80af3a31ab5a Downloading 370.1MB
 80af3a31ab5a Downloading 371.2MB
 80af3a31ab5a Downloading 371.2MB
 80af3a31ab5a Downloading 371.2MB
 80af3a31ab5a Downloading 371.2MB
 80af3a31ab5a Downloading 372.2MB
 80af3a31ab5a Downloading 372.2MB
 80af3a31ab5a Downloading 372.2MB
 80af3a31ab5a Downloading 373.3MB
 80af3a31ab5a Downloading 373.3MB
 80af3a31ab5a Downloading 373.3MB
 80af3a31ab5a Downloading 373.3MB
 80af3a31ab5a Downloading 374.3MB
 80af3a31ab5a Downloading 374.3MB
 80af3a31ab5a Downloading 374.3MB
 80af3a31ab5a Downloading 374.3MB
 80af3a31ab5a Downloading 374.3MB
 80af3a31ab5a Downloading 375.4MB
 80af3a31ab5a Downloading 375.4MB
 80af3a31ab5a Downloading 375.4MB
 80af3a31ab5a Downloading 375.4MB
 80af3a31ab5a Downloading 376.4MB
 80af3a31ab5a Downloading 376.4MB
 80af3a31ab5a Downloading 376.4MB
 80af3a31ab5a Downloading 376.4MB
 80af3a31ab5a Downloading 377.5MB
 80af3a31ab5a Downloading 377.5MB
 80af3a31ab5a Downloading 377.5MB
 80af3a31ab5a Downloading 377.5MB
 80af3a31ab5a Downloading 378.5MB
 80af3a31ab5a Downloading 378.5MB
 80af3a31ab5a Downloading 378.5MB
 80af3a31ab5a Downloading 378.5MB
 80af3a31ab5a Downloading 379.6MB
 80af3a31ab5a Downloading 379.6MB
 80af3a31ab5a Downloading 379.6MB
 80af3a31ab5a Downloading 379.6MB
 80af3a31ab5a Downloading 380.6MB
 80af3a31ab5a Downloading 380.6MB
 80af3a31ab5a Downloading 380.6MB
 80af3a31ab5a Downloading 380.6MB
 80af3a31ab5a Downloading 381.7MB
 80af3a31ab5a Downloading 381.7MB
 80af3a31ab5a Downloading 381.7MB
 80af3a31ab5a Downloading 381.7MB
 80af3a31ab5a Downloading 382.7MB
 80af3a31ab5a Downloading 382.7MB
 80af3a31ab5a Downloading 382.7MB
 80af3a31ab5a Downloading 382.7MB
 80af3a31ab5a Downloading 383.8MB
 80af3a31ab5a Downloading 383.8MB
 80af3a31ab5a Downloading 383.8MB
 80af3a31ab5a Downloading 383.8MB
 80af3a31ab5a Downloading 384.8MB
 80af3a31ab5a Downloading 384.8MB
 80af3a31ab5a Downloading 384.8MB
 80af3a31ab5a Downloading 384.8MB
 80af3a31ab5a Downloading 384.8MB
 80af3a31ab5a Downloading 384.8MB
 80af3a31ab5a Downloading 385.9MB
 80af3a31ab5a Downloading 385.9MB
 80af3a31ab5a Downloading 385.9MB
 80af3a31ab5a Downloading 386.9MB
 80af3a31ab5a Downloading 386.9MB
 80af3a31ab5a Downloading 386.9MB
 80af3a31ab5a Downloading 386.9MB
 80af3a31ab5a Downloading 388MB
 80af3a31ab5a Downloading 388MB
 80af3a31ab5a Downloading 388MB
 80af3a31ab5a Downloading 388MB
 80af3a31ab5a Downloading 389MB
 80af3a31ab5a Downloading 389MB
 80af3a31ab5a Downloading 389MB
 80af3a31ab5a Downloading 389MB
 80af3a31ab5a Downloading 390.1MB
 80af3a31ab5a Downloading 390.1MB
 80af3a31ab5a Downloading 390.1MB
 80af3a31ab5a Downloading 390.1MB
 80af3a31ab5a Downloading 391.1MB
 80af3a31ab5a Downloading 391.1MB
 80af3a31ab5a Downloading 391.1MB
 80af3a31ab5a Downloading 391.1MB
 80af3a31ab5a Downloading 392.2MB
 80af3a31ab5a Downloading 392.2MB
 80af3a31ab5a Downloading 392.2MB
 80af3a31ab5a Downloading 392.2MB
 80af3a31ab5a Downloading 393.2MB
 80af3a31ab5a Downloading 393.2MB
 80af3a31ab5a Downloading 393.2MB
 80af3a31ab5a Downloading 393.2MB
 80af3a31ab5a Downloading 394.3MB
 80af3a31ab5a Downloading 394.3MB
 80af3a31ab5a Downloading 394.3MB
 80af3a31ab5a Downloading 394.3MB
 80af3a31ab5a Downloading 395.3MB
 80af3a31ab5a Downloading 395.3MB
 80af3a31ab5a Downloading 395.3MB
 80af3a31ab5a Downloading 395.3MB
 80af3a31ab5a Downloading 396.4MB
 80af3a31ab5a Downloading 396.4MB
 80af3a31ab5a Downloading 396.4MB
 80af3a31ab5a Downloading 396.4MB
 80af3a31ab5a Downloading 397.4MB
 80af3a31ab5a Downloading 397.4MB
 80af3a31ab5a Downloading 397.4MB
 80af3a31ab5a Downloading 397.4MB
 80af3a31ab5a Downloading 398.5MB
 80af3a31ab5a Downloading 398.5MB
 80af3a31ab5a Downloading 398.5MB
 80af3a31ab5a Downloading 398.5MB
 80af3a31ab5a Downloading 399.5MB
 80af3a31ab5a Downloading 399.5MB
 80af3a31ab5a Downloading 399.5MB
 80af3a31ab5a Downloading 399.5MB
 80af3a31ab5a Downloading 400.6MB
 80af3a31ab5a Downloading 400.6MB
 80af3a31ab5a Downloading 400.6MB
 80af3a31ab5a Downloading 400.6MB
 80af3a31ab5a Downloading 400.6MB
 80af3a31ab5a Downloading 401.6MB
 80af3a31ab5a Downloading 401.6MB
 80af3a31ab5a Downloading 401.6MB
 80af3a31ab5a Downloading 401.6MB
 80af3a31ab5a Downloading 401.6MB
 80af3a31ab5a Downloading 402.7MB
 80af3a31ab5a Downloading 402.7MB
 80af3a31ab5a Downloading 402.7MB
 80af3a31ab5a Downloading 402.7MB
 80af3a31ab5a Downloading 402.7MB
 80af3a31ab5a Downloading 403.7MB
 80af3a31ab5a Downloading 403.7MB
 80af3a31ab5a Downloading 403.7MB
 80af3a31ab5a Downloading 403.7MB
 80af3a31ab5a Downloading 403.7MB
 80af3a31ab5a Downloading 404.8MB
 80af3a31ab5a Downloading 404.8MB
 80af3a31ab5a Downloading 404.8MB
 80af3a31ab5a Downloading 404.8MB
 80af3a31ab5a Downloading 404.8MB
 80af3a31ab5a Downloading 405.8MB
 80af3a31ab5a Downloading 405.8MB
 80af3a31ab5a Downloading 405.8MB
 80af3a31ab5a Downloading 405.8MB
 80af3a31ab5a Downloading 406.8MB
 80af3a31ab5a Downloading 406.8MB
 80af3a31ab5a Downloading 406.8MB
 80af3a31ab5a Downloading 406.8MB
 80af3a31ab5a Downloading 407.9MB
 80af3a31ab5a Downloading 407.9MB
 80af3a31ab5a Downloading 407.9MB
 80af3a31ab5a Downloading 408.9MB
 80af3a31ab5a Downloading 408.9MB
 80af3a31ab5a Downloading 408.9MB
 80af3a31ab5a Downloading 410MB
 80af3a31ab5a Downloading 410MB
 80af3a31ab5a Downloading 410MB
 80af3a31ab5a Downloading 411MB
 80af3a31ab5a Downloading 411MB
 80af3a31ab5a Downloading 411MB
 80af3a31ab5a Downloading 412.1MB
 80af3a31ab5a Downloading 412.1MB
 80af3a31ab5a Downloading 412.1MB
 80af3a31ab5a Downloading 413.1MB
 80af3a31ab5a Downloading 413.1MB
 80af3a31ab5a Downloading 413.1MB
 80af3a31ab5a Downloading 413.1MB
 80af3a31ab5a Downloading 413.1MB
 80af3a31ab5a Downloading 414.2MB
 80af3a31ab5a Downloading 414.2MB
 80af3a31ab5a Downloading 414.2MB
 80af3a31ab5a Downloading 414.2MB
 80af3a31ab5a Downloading 415.2MB
 80af3a31ab5a Downloading 415.2MB
 80af3a31ab5a Downloading 415.2MB
 80af3a31ab5a Downloading 415.2MB
 80af3a31ab5a Downloading 415.2MB
 80af3a31ab5a Downloading 416.3MB
 80af3a31ab5a Downloading 416.3MB
 80af3a31ab5a Downloading 416.3MB
 80af3a31ab5a Downloading 416.3MB
 80af3a31ab5a Downloading 416.3MB
 80af3a31ab5a Downloading 417.3MB
 80af3a31ab5a Downloading 417.3MB
 80af3a31ab5a Downloading 417.3MB
 80af3a31ab5a Downloading 417.3MB
 80af3a31ab5a Downloading 417.3MB
 80af3a31ab5a Downloading 418.4MB
 80af3a31ab5a Downloading 418.4MB
 80af3a31ab5a Downloading 418.4MB
 80af3a31ab5a Downloading 418.4MB
 80af3a31ab5a Downloading 418.4MB
 80af3a31ab5a Downloading 419.4MB
 80af3a31ab5a Downloading 419.4MB
 80af3a31ab5a Downloading 419.4MB
 80af3a31ab5a Downloading 419.4MB
 80af3a31ab5a Downloading 419.4MB
 80af3a31ab5a Downloading 420.5MB
 80af3a31ab5a Downloading 420.5MB
 80af3a31ab5a Downloading 420.5MB
 80af3a31ab5a Downloading 420.5MB
 80af3a31ab5a Downloading 420.5MB
 80af3a31ab5a Downloading 421.5MB
 80af3a31ab5a Downloading 421.5MB
 80af3a31ab5a Downloading 421.5MB
 80af3a31ab5a Downloading 421.5MB
 80af3a31ab5a Downloading 421.5MB
 80af3a31ab5a Downloading 421.5MB
 80af3a31ab5a Downloading 422.6MB
 80af3a31ab5a Downloading 422.6MB
 80af3a31ab5a Downloading 422.6MB
 80af3a31ab5a Downloading 422.6MB
 80af3a31ab5a Downloading 422.6MB
 80af3a31ab5a Downloading 423.6MB
 80af3a31ab5a Downloading 423.6MB
 80af3a31ab5a Downloading 423.6MB
 80af3a31ab5a Downloading 423.6MB
 80af3a31ab5a Downloading 424.7MB
 80af3a31ab5a Downloading 424.7MB
 80af3a31ab5a Downloading 424.7MB
 80af3a31ab5a Downloading 425.7MB
 80af3a31ab5a Downloading 425.7MB
 80af3a31ab5a Downloading 425.7MB
 80af3a31ab5a Downloading 425.7MB
 80af3a31ab5a Downloading 426.8MB
 80af3a31ab5a Downloading 426.8MB
 80af3a31ab5a Downloading 426.8MB
 80af3a31ab5a Downloading 427.8MB
 80af3a31ab5a Downloading 427.8MB
 80af3a31ab5a Downloading 427.8MB
 80af3a31ab5a Downloading 427.8MB
 80af3a31ab5a Downloading 428.9MB
 80af3a31ab5a Downloading 428.9MB
 80af3a31ab5a Downloading 428.9MB
 80af3a31ab5a Downloading 428.9MB
 80af3a31ab5a Downloading 428.9MB
 80af3a31ab5a Downloading 429.9MB
 80af3a31ab5a Downloading 429.9MB
 80af3a31ab5a Downloading 429.9MB
 80af3a31ab5a Downloading 429.9MB
 80af3a31ab5a Downloading 429.9MB
 80af3a31ab5a Downloading 431MB
 80af3a31ab5a Downloading 431MB
 80af3a31ab5a Downloading 431MB
 80af3a31ab5a Downloading 431MB
 80af3a31ab5a Downloading 431MB
 80af3a31ab5a Downloading 432MB
 80af3a31ab5a Downloading 432MB
 80af3a31ab5a Downloading 432MB
 80af3a31ab5a Downloading 433.1MB
 80af3a31ab5a Downloading 433.1MB
 80af3a31ab5a Downloading 433.1MB
 80af3a31ab5a Downloading 434.1MB
 80af3a31ab5a Downloading 434.1MB
 80af3a31ab5a Downloading 435.2MB
 80af3a31ab5a Downloading 435.2MB
 80af3a31ab5a Downloading 435.2MB
 80af3a31ab5a Downloading 436.2MB
 80af3a31ab5a Downloading 436.2MB
 80af3a31ab5a Downloading 437.3MB
 80af3a31ab5a Downloading 437.3MB
 80af3a31ab5a Downloading 437.3MB
 80af3a31ab5a Downloading 438.3MB
 80af3a31ab5a Downloading 438.3MB
 80af3a31ab5a Downloading 439.4MB
 80af3a31ab5a Downloading 439.4MB
 80af3a31ab5a Downloading 439.4MB
 80af3a31ab5a Downloading 440.4MB
 80af3a31ab5a Downloading 440.4MB
 80af3a31ab5a Downloading 441.5MB
 80af3a31ab5a Downloading 441.5MB
 80af3a31ab5a Downloading 442.5MB
 80af3a31ab5a Downloading 442.5MB
 80af3a31ab5a Downloading 442.5MB
 80af3a31ab5a Downloading 443.5MB
 80af3a31ab5a Downloading 443.5MB
 80af3a31ab5a Downloading 444.6MB
 80af3a31ab5a Downloading 444.6MB
 80af3a31ab5a Downloading 444.6MB
 80af3a31ab5a Downloading 445.6MB
 80af3a31ab5a Downloading 445.6MB
 80af3a31ab5a Downloading 446.7MB
 80af3a31ab5a Downloading 446.7MB
 80af3a31ab5a Downloading 447.7MB
 80af3a31ab5a Downloading 447.7MB
 80af3a31ab5a Downloading 447.7MB
 80af3a31ab5a Downloading 447.7MB
 80af3a31ab5a Downloading 447.7MB
 80af3a31ab5a Downloading 447.7MB
 80af3a31ab5a Downloading 447.7MB
 80af3a31ab5a Downloading 447.7MB
 80af3a31ab5a Downloading 448.8MB
 80af3a31ab5a Downloading 449.8MB
 80af3a31ab5a Downloading 450.9MB
 80af3a31ab5a Downloading 450.9MB
 80af3a31ab5a Downloading 451.9MB
 80af3a31ab5a Downloading 451.9MB
 80af3a31ab5a Downloading 451.9MB
 80af3a31ab5a Downloading 453MB
 80af3a31ab5a Downloading 453MB
 80af3a31ab5a Downloading 454MB
 80af3a31ab5a Downloading 454MB
 80af3a31ab5a Downloading 455.1MB
 80af3a31ab5a Downloading 455.1MB
 80af3a31ab5a Downloading 456.1MB
 80af3a31ab5a Downloading 456.1MB
 80af3a31ab5a Downloading 456.1MB
 80af3a31ab5a Downloading 456.1MB
 80af3a31ab5a Downloading 458.2MB
 80af3a31ab5a Downloading 458.2MB
 80af3a31ab5a Downloading 459.3MB
 80af3a31ab5a Downloading 459.3MB
 80af3a31ab5a Downloading 459.3MB
 80af3a31ab5a Downloading 460.3MB
 80af3a31ab5a Downloading 460.3MB
 80af3a31ab5a Downloading 460.3MB
 80af3a31ab5a Downloading 461.4MB
 80af3a31ab5a Downloading 461.4MB
 80af3a31ab5a Downloading 462.4MB
 80af3a31ab5a Downloading 462.4MB
 80af3a31ab5a Downloading 463.5MB
 80af3a31ab5a Downloading 463.5MB
 80af3a31ab5a Downloading 463.5MB
 80af3a31ab5a Downloading 464.5MB
 80af3a31ab5a Downloading 464.5MB
 80af3a31ab5a Downloading 464.5MB
 80af3a31ab5a Downloading 464.5MB
 80af3a31ab5a Downloading 465.6MB
 80af3a31ab5a Downloading 466.6MB
 80af3a31ab5a Downloading 466.6MB
 80af3a31ab5a Downloading 467.7MB
 80af3a31ab5a Downloading 467.7MB
 80af3a31ab5a Downloading 467.7MB
 80af3a31ab5a Downloading 468.7MB
 80af3a31ab5a Downloading 468.7MB
 80af3a31ab5a Downloading 469.8MB
 80af3a31ab5a Downloading 469.8MB
 80af3a31ab5a Downloading 469.8MB
 80af3a31ab5a Downloading 470.8MB
 80af3a31ab5a Downloading 470.8MB
 80af3a31ab5a Downloading 470.8MB
 80af3a31ab5a Downloading 471.9MB
 80af3a31ab5a Downloading 471.9MB
 80af3a31ab5a Downloading 471.9MB
 80af3a31ab5a Downloading 472.9MB
 80af3a31ab5a Downloading 472.9MB
 80af3a31ab5a Downloading 472.9MB
 80af3a31ab5a Downloading 474MB
 80af3a31ab5a Downloading 474MB
 80af3a31ab5a Downloading 475MB
 80af3a31ab5a Downloading 475MB
 80af3a31ab5a Downloading 475MB
 80af3a31ab5a Downloading 476.1MB
 80af3a31ab5a Downloading 476.1MB
 80af3a31ab5a Downloading 476.1MB
 80af3a31ab5a Downloading 477.1MB
 80af3a31ab5a Downloading 477.1MB
 80af3a31ab5a Downloading 477.1MB
 80af3a31ab5a Downloading 478.2MB
 80af3a31ab5a Downloading 478.2MB
 80af3a31ab5a Downloading 478.2MB
 80af3a31ab5a Downloading 479.2MB
 80af3a31ab5a Downloading 479.2MB
 80af3a31ab5a Downloading 479.2MB
 80af3a31ab5a Downloading 480.2MB
 80af3a31ab5a Downloading 480.2MB
 80af3a31ab5a Downloading 480.2MB
 80af3a31ab5a Downloading 481.3MB
 80af3a31ab5a Downloading 481.3MB
 80af3a31ab5a Downloading 481.3MB
 80af3a31ab5a Downloading 482.3MB
 80af3a31ab5a Downloading 482.3MB
 80af3a31ab5a Downloading 482.3MB
 80af3a31ab5a Downloading 482.3MB
 80af3a31ab5a Downloading 483.4MB
 80af3a31ab5a Downloading 483.4MB
 80af3a31ab5a Downloading 483.4MB
 80af3a31ab5a Downloading 483.4MB
 80af3a31ab5a Downloading 484.4MB
 80af3a31ab5a Downloading 484.4MB
 80af3a31ab5a Downloading 484.4MB
 80af3a31ab5a Downloading 484.4MB
 80af3a31ab5a Downloading 485.5MB
 80af3a31ab5a Downloading 485.5MB
 80af3a31ab5a Downloading 485.5MB
 80af3a31ab5a Downloading 485.5MB
 80af3a31ab5a Downloading 486.5MB
 80af3a31ab5a Downloading 486.5MB
 80af3a31ab5a Downloading 486.5MB
 80af3a31ab5a Downloading 486.5MB
 80af3a31ab5a Downloading 487.6MB
 80af3a31ab5a Downloading 487.6MB
 80af3a31ab5a Downloading 487.6MB
 80af3a31ab5a Downloading 487.6MB
 80af3a31ab5a Downloading 488.6MB
 80af3a31ab5a Downloading 488.6MB
 80af3a31ab5a Downloading 489.7MB
 80af3a31ab5a Downloading 489.7MB
 80af3a31ab5a Downloading 489.7MB
 80af3a31ab5a Downloading 490.7MB
 80af3a31ab5a Downloading 490.7MB
 80af3a31ab5a Downloading 490.7MB
 80af3a31ab5a Downloading 491.8MB
 80af3a31ab5a Downloading 491.8MB
 80af3a31ab5a Downloading 491.8MB
 80af3a31ab5a Downloading 492.8MB
 80af3a31ab5a Downloading 492.8MB
 80af3a31ab5a Downloading 492.8MB
 80af3a31ab5a Downloading 492.8MB
 80af3a31ab5a Downloading 493.9MB
 80af3a31ab5a Downloading 493.9MB
 80af3a31ab5a Downloading 493.9MB
 80af3a31ab5a Downloading 493.9MB
 80af3a31ab5a Downloading 493.9MB
 80af3a31ab5a Downloading 494.9MB
 80af3a31ab5a Downloading 496MB
 80af3a31ab5a Downloading 496MB
 80af3a31ab5a Downloading 496MB
 80af3a31ab5a Downloading 497MB
 80af3a31ab5a Downloading 497MB
 80af3a31ab5a Downloading 497MB
 80af3a31ab5a Downloading 498.1MB
 80af3a31ab5a Downloading 498.1MB
 80af3a31ab5a Downloading 498.1MB
 80af3a31ab5a Downloading 499.1MB
 80af3a31ab5a Downloading 499.1MB
 80af3a31ab5a Downloading 499.1MB
 80af3a31ab5a Downloading 500.2MB
 80af3a31ab5a Downloading 500.2MB
 80af3a31ab5a Downloading 500.2MB
 80af3a31ab5a Downloading 501.2MB
 80af3a31ab5a Downloading 501.2MB
 80af3a31ab5a Downloading 501.2MB
 80af3a31ab5a Downloading 501.2MB
 80af3a31ab5a Downloading 502.3MB
 80af3a31ab5a Downloading 502.3MB
 80af3a31ab5a Downloading 502.3MB
 80af3a31ab5a Downloading 502.3MB
 80af3a31ab5a Downloading 503.3MB
 80af3a31ab5a Downloading 503.3MB
 80af3a31ab5a Downloading 503.3MB
 80af3a31ab5a Downloading 504.4MB
 80af3a31ab5a Downloading 504.4MB
 80af3a31ab5a Downloading 504.4MB
 80af3a31ab5a Downloading 504.4MB
 80af3a31ab5a Downloading 505.4MB
 80af3a31ab5a Downloading 505.4MB
 80af3a31ab5a Downloading 505.4MB
 80af3a31ab5a Downloading 506.5MB
 80af3a31ab5a Downloading 506.5MB
 80af3a31ab5a Downloading 506.5MB
 80af3a31ab5a Downloading 507.5MB
 80af3a31ab5a Downloading 507.5MB
 80af3a31ab5a Downloading 507.5MB
 80af3a31ab5a Downloading 508.6MB
 80af3a31ab5a Downloading 508.6MB
 80af3a31ab5a Downloading 508.6MB
 80af3a31ab5a Downloading 509.6MB
 80af3a31ab5a Downloading 509.6MB
 80af3a31ab5a Downloading 509.6MB
 80af3a31ab5a Downloading 510.7MB
 80af3a31ab5a Downloading 510.7MB
 80af3a31ab5a Downloading 510.7MB
 80af3a31ab5a Downloading 510.7MB
 80af3a31ab5a Downloading 511.7MB
 80af3a31ab5a Downloading 511.7MB
 80af3a31ab5a Downloading 511.7MB
 80af3a31ab5a Downloading 511.7MB
 80af3a31ab5a Downloading 512.8MB
 80af3a31ab5a Downloading 512.8MB
 80af3a31ab5a Downloading 512.8MB
 80af3a31ab5a Downloading 513.8MB
 80af3a31ab5a Downloading 513.8MB
 80af3a31ab5a Downloading 513.8MB
 80af3a31ab5a Downloading 513.8MB
 80af3a31ab5a Downloading 514.9MB
 80af3a31ab5a Downloading 514.9MB
 80af3a31ab5a Downloading 514.9MB
 80af3a31ab5a Downloading 514.9MB
 80af3a31ab5a Downloading 515.9MB
 80af3a31ab5a Downloading 515.9MB
 80af3a31ab5a Downloading 515.9MB
 80af3a31ab5a Downloading 515.9MB
 80af3a31ab5a Downloading 516.9MB
 80af3a31ab5a Downloading 516.9MB
 80af3a31ab5a Downloading 516.9MB
 80af3a31ab5a Downloading 518MB
 80af3a31ab5a Downloading 518MB
 80af3a31ab5a Downloading 518MB
 80af3a31ab5a Downloading 519MB
 80af3a31ab5a Downloading 519MB
 80af3a31ab5a Downloading 519MB
 80af3a31ab5a Downloading 520.1MB
 80af3a31ab5a Downloading 520.1MB
 80af3a31ab5a Downloading 521.1MB
 80af3a31ab5a Downloading 521.1MB
 80af3a31ab5a Downloading 521.1MB
 80af3a31ab5a Downloading 522.2MB
 80af3a31ab5a Downloading 522.2MB
 80af3a31ab5a Downloading 522.2MB
 80af3a31ab5a Downloading 522.2MB
 80af3a31ab5a Downloading 522.2MB
 80af3a31ab5a Downloading 522.2MB
 80af3a31ab5a Downloading 523.2MB
 80af3a31ab5a Downloading 524.3MB
 80af3a31ab5a Downloading 524.3MB
 80af3a31ab5a Downloading 525.3MB
 80af3a31ab5a Downloading 525.3MB
 80af3a31ab5a Downloading 525.3MB
 80af3a31ab5a Downloading 525.3MB
 80af3a31ab5a Downloading 525.3MB
 80af3a31ab5a Downloading 525.3MB
 80af3a31ab5a Downloading 525.3MB
 80af3a31ab5a Downloading 525.3MB
 80af3a31ab5a Downloading 525.3MB
 80af3a31ab5a Downloading 525.3MB
 80af3a31ab5a Downloading 526.4MB
 80af3a31ab5a Downloading 526.4MB
 80af3a31ab5a Downloading 526.4MB
 80af3a31ab5a Downloading 526.4MB
 80af3a31ab5a Downloading 526.4MB
 80af3a31ab5a Downloading 527.4MB
 80af3a31ab5a Downloading 527.4MB
 80af3a31ab5a Downloading 527.4MB
 80af3a31ab5a Downloading 527.4MB
 80af3a31ab5a Downloading 527.4MB
 80af3a31ab5a Downloading 528.5MB
 80af3a31ab5a Downloading 528.5MB
 80af3a31ab5a Downloading 528.5MB
 80af3a31ab5a Downloading 528.5MB
 80af3a31ab5a Downloading 529.5MB
 80af3a31ab5a Downloading 529.5MB
 80af3a31ab5a Downloading 529.5MB
 80af3a31ab5a Downloading 529.5MB
 80af3a31ab5a Downloading 530.6MB
 80af3a31ab5a Downloading 530.6MB
 80af3a31ab5a Downloading 530.6MB
 80af3a31ab5a Downloading 530.6MB
 80af3a31ab5a Downloading 531.6MB
 80af3a31ab5a Downloading 531.6MB
 80af3a31ab5a Downloading 531.6MB
 80af3a31ab5a Downloading 532.7MB
 80af3a31ab5a Downloading 532.7MB
 80af3a31ab5a Downloading 532.7MB
 80af3a31ab5a Downloading 533.7MB
 80af3a31ab5a Downloading 533.7MB
 80af3a31ab5a Downloading 533.7MB
 80af3a31ab5a Downloading 534.8MB
 80af3a31ab5a Downloading 534.8MB
 80af3a31ab5a Downloading 534.8MB
 80af3a31ab5a Downloading 535.8MB
 80af3a31ab5a Downloading 535.8MB
 80af3a31ab5a Downloading 535.8MB
 80af3a31ab5a Downloading 536.9MB
 80af3a31ab5a Downloading 536.9MB
 80af3a31ab5a Downloading 536.9MB
 80af3a31ab5a Downloading 537.9MB
 80af3a31ab5a Downloading 537.9MB
 80af3a31ab5a Downloading 537.9MB
 80af3a31ab5a Downloading 539MB
 80af3a31ab5a Downloading 539MB
 80af3a31ab5a Downloading 540MB
 80af3a31ab5a Downloading 540MB
 80af3a31ab5a Downloading 540MB
 80af3a31ab5a Downloading 541.1MB
 80af3a31ab5a Downloading 541.1MB
 80af3a31ab5a Downloading 541.1MB
 80af3a31ab5a Downloading 542.1MB
 80af3a31ab5a Downloading 542.1MB
 80af3a31ab5a Downloading 543.2MB
 80af3a31ab5a Downloading 543.2MB
 80af3a31ab5a Downloading 543.2MB
 80af3a31ab5a Downloading 544.2MB
 80af3a31ab5a Downloading 544.2MB
 80af3a31ab5a Downloading 544.2MB
 80af3a31ab5a Downloading 544.2MB
 80af3a31ab5a Downloading 545.3MB
 80af3a31ab5a Downloading 545.3MB
 80af3a31ab5a Downloading 545.3MB
 80af3a31ab5a Downloading 546.3MB
 80af3a31ab5a Downloading 546.3MB
 80af3a31ab5a Downloading 546.3MB
 80af3a31ab5a Downloading 547.4MB
 80af3a31ab5a Downloading 547.4MB
 80af3a31ab5a Downloading 547.4MB
 80af3a31ab5a Downloading 548.4MB
 80af3a31ab5a Downloading 548.4MB
 80af3a31ab5a Downloading 548.4MB
 80af3a31ab5a Downloading 549.5MB
 80af3a31ab5a Downloading 549.5MB
 80af3a31ab5a Downloading 549.5MB
 80af3a31ab5a Downloading 550.5MB
 80af3a31ab5a Downloading 550.5MB
 80af3a31ab5a Downloading 550.5MB
 80af3a31ab5a Downloading 551.6MB
 80af3a31ab5a Downloading 551.6MB
 80af3a31ab5a Downloading 551.6MB
 80af3a31ab5a Downloading 552.6MB
 80af3a31ab5a Downloading 552.6MB
 80af3a31ab5a Downloading 552.6MB
 80af3a31ab5a Downloading 553.6MB
 80af3a31ab5a Downloading 553.6MB
 80af3a31ab5a Downloading 554.7MB
 80af3a31ab5a Downloading 554.7MB
 80af3a31ab5a Downloading 554.7MB
 80af3a31ab5a Downloading 555.7MB
 80af3a31ab5a Downloading 555.7MB
 80af3a31ab5a Downloading 555.7MB
 80af3a31ab5a Downloading 556.8MB
 80af3a31ab5a Downloading 556.8MB
 80af3a31ab5a Downloading 556.8MB
 80af3a31ab5a Downloading 556.8MB
 80af3a31ab5a Downloading 557.8MB
 80af3a31ab5a Downloading 557.8MB
 80af3a31ab5a Downloading 557.8MB
 80af3a31ab5a Downloading 557.8MB
 80af3a31ab5a Downloading 558.9MB
 80af3a31ab5a Downloading 558.9MB
 80af3a31ab5a Downloading 558.9MB
 80af3a31ab5a Downloading 558.9MB
 80af3a31ab5a Downloading 559.9MB
 80af3a31ab5a Downloading 559.9MB
 80af3a31ab5a Downloading 559.9MB
 80af3a31ab5a Downloading 559.9MB
 80af3a31ab5a Downloading 561MB
 80af3a31ab5a Downloading 561MB
 80af3a31ab5a Downloading 561MB
 80af3a31ab5a Downloading 561MB
 80af3a31ab5a Downloading 562MB
 80af3a31ab5a Downloading 562MB
 80af3a31ab5a Downloading 562MB
 80af3a31ab5a Downloading 562MB
 80af3a31ab5a Downloading 563.1MB
 80af3a31ab5a Downloading 563.1MB
 80af3a31ab5a Downloading 563.1MB
 80af3a31ab5a Downloading 563.1MB
 80af3a31ab5a Downloading 564.1MB
 80af3a31ab5a Downloading 564.1MB
 80af3a31ab5a Downloading 564.1MB
 80af3a31ab5a Downloading 564.1MB
 80af3a31ab5a Downloading 565.2MB
 80af3a31ab5a Downloading 565.2MB
 80af3a31ab5a Downloading 565.2MB
 80af3a31ab5a Downloading 565.2MB
 80af3a31ab5a Downloading 565.2MB
 80af3a31ab5a Downloading 566.2MB
 80af3a31ab5a Downloading 566.2MB
 80af3a31ab5a Downloading 566.2MB
 80af3a31ab5a Downloading 566.2MB
 80af3a31ab5a Downloading 566.2MB
 80af3a31ab5a Downloading 566.2MB
 80af3a31ab5a Downloading 567.3MB
 80af3a31ab5a Downloading 568.3MB
 80af3a31ab5a Downloading 568.3MB
 80af3a31ab5a Downloading 569.4MB
 80af3a31ab5a Downloading 569.4MB
 80af3a31ab5a Downloading 569.4MB
 80af3a31ab5a Downloading 570.4MB
 80af3a31ab5a Downloading 570.4MB
 80af3a31ab5a Downloading 571.5MB
 80af3a31ab5a Downloading 571.5MB
 80af3a31ab5a Downloading 571.5MB
 80af3a31ab5a Downloading 572.5MB
 80af3a31ab5a Downloading 572.5MB
 80af3a31ab5a Downloading 572.5MB
 80af3a31ab5a Downloading 572.5MB
 80af3a31ab5a Downloading 573.6MB
 80af3a31ab5a Downloading 573.6MB
 80af3a31ab5a Downloading 573.6MB
 80af3a31ab5a Downloading 573.6MB
 80af3a31ab5a Downloading 574.6MB
 80af3a31ab5a Downloading 574.6MB
 80af3a31ab5a Downloading 574.6MB
 80af3a31ab5a Downloading 574.6MB
 80af3a31ab5a Downloading 575.7MB
 80af3a31ab5a Downloading 575.7MB
 80af3a31ab5a Downloading 575.7MB
 80af3a31ab5a Downloading 575.7MB
 80af3a31ab5a Downloading 575.7MB
 80af3a31ab5a Downloading 576.7MB
 80af3a31ab5a Downloading 576.7MB
 80af3a31ab5a Downloading 576.7MB
 80af3a31ab5a Downloading 576.7MB
 80af3a31ab5a Downloading 577.8MB
 80af3a31ab5a Downloading 577.8MB
 80af3a31ab5a Downloading 577.8MB
 80af3a31ab5a Downloading 577.8MB
 80af3a31ab5a Downloading 577.8MB
 80af3a31ab5a Downloading 578.8MB
 80af3a31ab5a Downloading 578.8MB
 80af3a31ab5a Downloading 578.8MB
 80af3a31ab5a Downloading 578.8MB
 80af3a31ab5a Downloading 578.8MB
 80af3a31ab5a Downloading 579.9MB
 80af3a31ab5a Downloading 579.9MB
 80af3a31ab5a Downloading 579.9MB
 80af3a31ab5a Downloading 579.9MB
 80af3a31ab5a Downloading 579.9MB
 80af3a31ab5a Downloading 580.9MB
 80af3a31ab5a Downloading 580.9MB
 80af3a31ab5a Downloading 580.9MB
 80af3a31ab5a Downloading 580.9MB
 80af3a31ab5a Downloading 580.9MB
 80af3a31ab5a Downloading 582MB
 80af3a31ab5a Downloading 582MB
 80af3a31ab5a Downloading 582MB
 80af3a31ab5a Downloading 582MB
 80af3a31ab5a Downloading 582MB
 80af3a31ab5a Downloading 583MB
 80af3a31ab5a Downloading 583MB
 80af3a31ab5a Downloading 583MB
 80af3a31ab5a Downloading 583MB
 80af3a31ab5a Downloading 583MB
 80af3a31ab5a Downloading 584.1MB
 80af3a31ab5a Downloading 584.1MB
 80af3a31ab5a Downloading 584.1MB
 80af3a31ab5a Downloading 584.1MB
 80af3a31ab5a Downloading 584.1MB
 80af3a31ab5a Downloading 585.1MB
 80af3a31ab5a Downloading 585.1MB
 80af3a31ab5a Downloading 585.1MB
 80af3a31ab5a Downloading 585.1MB
 80af3a31ab5a Downloading 585.1MB
 80af3a31ab5a Downloading 586.2MB
 80af3a31ab5a Downloading 586.2MB
 80af3a31ab5a Downloading 586.2MB
 80af3a31ab5a Downloading 586.2MB
 80af3a31ab5a Downloading 586.2MB
 80af3a31ab5a Downloading 586.2MB
 80af3a31ab5a Downloading 587.2MB
 80af3a31ab5a Downloading 587.2MB
 80af3a31ab5a Downloading 587.2MB
 80af3a31ab5a Downloading 588.3MB
 80af3a31ab5a Downloading 588.3MB
 80af3a31ab5a Downloading 588.3MB
 80af3a31ab5a Downloading 588.3MB
 80af3a31ab5a Downloading 588.3MB
 80af3a31ab5a Downloading 589.3MB
 80af3a31ab5a Downloading 589.3MB
 80af3a31ab5a Downloading 589.3MB
 80af3a31ab5a Downloading 589.3MB
 80af3a31ab5a Downloading 589.3MB
 80af3a31ab5a Downloading 589.3MB
 80af3a31ab5a Downloading 589.3MB
 80af3a31ab5a Downloading 590.3MB
 80af3a31ab5a Downloading 590.3MB
 80af3a31ab5a Downloading 590.3MB
 80af3a31ab5a Downloading 590.3MB
 80af3a31ab5a Downloading 590.3MB
 80af3a31ab5a Downloading 590.3MB
 80af3a31ab5a Downloading 591.4MB
 80af3a31ab5a Downloading 591.4MB
 80af3a31ab5a Downloading 591.4MB
 80af3a31ab5a Downloading 592.4MB
 80af3a31ab5a Downloading 592.4MB
 80af3a31ab5a Downloading 592.4MB
 80af3a31ab5a Downloading 592.4MB
 80af3a31ab5a Downloading 593.5MB
 80af3a31ab5a Downloading 593.5MB
 80af3a31ab5a Downloading 594.5MB
 80af3a31ab5a Downloading 594.5MB
 80af3a31ab5a Downloading 594.5MB
 80af3a31ab5a Downloading 595.6MB
 80af3a31ab5a Downloading 595.6MB
 80af3a31ab5a Downloading 596.6MB
 80af3a31ab5a Downloading 596.6MB
 80af3a31ab5a Downloading 596.6MB
 80af3a31ab5a Downloading 597.7MB
 80af3a31ab5a Downloading 597.7MB
 80af3a31ab5a Downloading 598.7MB
 80af3a31ab5a Downloading 598.7MB
 80af3a31ab5a Downloading 599.8MB
 80af3a31ab5a Downloading 599.8MB
 80af3a31ab5a Downloading 599.8MB
 80af3a31ab5a Downloading 600.8MB
 80af3a31ab5a Downloading 600.8MB
 80af3a31ab5a Downloading 601.9MB
 80af3a31ab5a Downloading 601.9MB
 80af3a31ab5a Downloading 601.9MB
 80af3a31ab5a Downloading 602.9MB
 80af3a31ab5a Downloading 602.9MB
 80af3a31ab5a Downloading 604MB
 80af3a31ab5a Downloading 604MB
 80af3a31ab5a Downloading 604MB
 80af3a31ab5a Downloading 605MB
 80af3a31ab5a Downloading 605MB
 80af3a31ab5a Downloading 606.1MB
 80af3a31ab5a Downloading 606.1MB
 80af3a31ab5a Downloading 606.1MB
 80af3a31ab5a Downloading 607.1MB
 80af3a31ab5a Downloading 607.1MB
 80af3a31ab5a Downloading 608.2MB
 80af3a31ab5a Downloading 608.2MB
 80af3a31ab5a Downloading 609.2MB
 80af3a31ab5a Downloading 609.2MB
 80af3a31ab5a Downloading 610.3MB
 80af3a31ab5a Downloading 610.3MB
 80af3a31ab5a Downloading 611.3MB
 80af3a31ab5a Downloading 611.3MB
 80af3a31ab5a Downloading 612.4MB
 80af3a31ab5a Downloading 612.4MB
 80af3a31ab5a Downloading 613.4MB
 80af3a31ab5a Downloading 613.4MB
 80af3a31ab5a Downloading 614.5MB
 80af3a31ab5a Downloading 614.5MB
 80af3a31ab5a Downloading 615.5MB
 80af3a31ab5a Downloading 615.5MB
 80af3a31ab5a Downloading 616.6MB
 80af3a31ab5a Downloading 616.6MB
 80af3a31ab5a Downloading 617.6MB
 80af3a31ab5a Downloading 617.6MB
 80af3a31ab5a Downloading 617.6MB
 80af3a31ab5a Downloading 618.7MB
 80af3a31ab5a Downloading 618.7MB
 80af3a31ab5a Downloading 619.7MB
 80af3a31ab5a Downloading 619.7MB
 80af3a31ab5a Downloading 619.7MB
 80af3a31ab5a Downloading 620.8MB
 80af3a31ab5a Downloading 620.8MB
 80af3a31ab5a Downloading 620.8MB
 80af3a31ab5a Downloading 621.8MB
 80af3a31ab5a Downloading 621.8MB
 80af3a31ab5a Downloading 622.9MB
 80af3a31ab5a Downloading 622.9MB
 80af3a31ab5a Downloading 622.9MB
 80af3a31ab5a Downloading 623.9MB
 80af3a31ab5a Downloading 623.9MB
 80af3a31ab5a Downloading 623.9MB
 80af3a31ab5a Downloading 625MB
 80af3a31ab5a Downloading 625MB
 80af3a31ab5a Downloading 625MB
 80af3a31ab5a Downloading 626MB
 80af3a31ab5a Downloading 626MB
 80af3a31ab5a Downloading 627MB
 80af3a31ab5a Downloading 627MB
 80af3a31ab5a Downloading 627MB
 80af3a31ab5a Downloading 628.1MB
 80af3a31ab5a Downloading 628.1MB
 80af3a31ab5a Downloading 629.1MB
 80af3a31ab5a Downloading 629.1MB
 80af3a31ab5a Downloading 629.1MB
 80af3a31ab5a Downloading 630.2MB
 80af3a31ab5a Downloading 630.2MB
 80af3a31ab5a Downloading 630.2MB
 80af3a31ab5a Downloading 631.2MB
 80af3a31ab5a Downloading 631.2MB
 80af3a31ab5a Downloading 632.3MB
 80af3a31ab5a Downloading 632.3MB
 80af3a31ab5a Downloading 632.3MB
 80af3a31ab5a Downloading 633.3MB
 80af3a31ab5a Downloading 633.3MB
 80af3a31ab5a Downloading 634.4MB
 80af3a31ab5a Downloading 634.4MB
 80af3a31ab5a Downloading 634.4MB
 80af3a31ab5a Downloading 635.4MB
 80af3a31ab5a Downloading 635.4MB
 80af3a31ab5a Downloading 636.5MB
 80af3a31ab5a Downloading 636.5MB
 80af3a31ab5a Downloading 637.5MB
 80af3a31ab5a Downloading 637.5MB
 80af3a31ab5a Downloading 638.6MB
 80af3a31ab5a Downloading 638.6MB
 80af3a31ab5a Downloading 639.6MB
 80af3a31ab5a Downloading 639.6MB
 80af3a31ab5a Downloading 640.7MB
 80af3a31ab5a Downloading 640.7MB
 80af3a31ab5a Downloading 641.7MB
 80af3a31ab5a Downloading 641.7MB
 80af3a31ab5a Downloading 642.8MB
 80af3a31ab5a Downloading 642.8MB
 80af3a31ab5a Downloading 643.8MB
 80af3a31ab5a Downloading 643.8MB
 80af3a31ab5a Downloading 643.8MB
 80af3a31ab5a Downloading 644.9MB
 80af3a31ab5a Downloading 644.9MB
 80af3a31ab5a Downloading 645.9MB
 80af3a31ab5a Downloading 645.9MB
 80af3a31ab5a Downloading 647MB
 80af3a31ab5a Downloading 647MB
 80af3a31ab5a Downloading 648MB
 80af3a31ab5a Downloading 648MB
 80af3a31ab5a Downloading 648MB
 80af3a31ab5a Downloading 649.1MB
 80af3a31ab5a Downloading 649.1MB
 80af3a31ab5a Downloading 649.1MB
 80af3a31ab5a Downloading 650.1MB
 80af3a31ab5a Downloading 650.1MB
 80af3a31ab5a Downloading 651.2MB
 80af3a31ab5a Downloading 651.2MB
 80af3a31ab5a Downloading 651.2MB
 80af3a31ab5a Downloading 652.2MB
 80af3a31ab5a Downloading 652.2MB
 80af3a31ab5a Downloading 653.3MB
 80af3a31ab5a Downloading 653.3MB
 80af3a31ab5a Downloading 653.3MB
 80af3a31ab5a Downloading 654.3MB
 80af3a31ab5a Downloading 654.3MB
 80af3a31ab5a Downloading 654.3MB
 80af3a31ab5a Downloading 655.4MB
 80af3a31ab5a Downloading 655.4MB
 80af3a31ab5a Downloading 656.4MB
 80af3a31ab5a Downloading 656.4MB
 80af3a31ab5a Downloading 657.5MB
 80af3a31ab5a Downloading 657.5MB
 80af3a31ab5a Downloading 657.5MB
 80af3a31ab5a Downloading 658.5MB
 80af3a31ab5a Downloading 658.5MB
 80af3a31ab5a Downloading 659.6MB
 80af3a31ab5a Downloading 659.6MB
 80af3a31ab5a Downloading 659.6MB
 80af3a31ab5a Downloading 660.6MB
 80af3a31ab5a Downloading 660.6MB
 80af3a31ab5a Downloading 660.6MB
 80af3a31ab5a Downloading 661.7MB
 80af3a31ab5a Downloading 661.7MB
 80af3a31ab5a Downloading 661.7MB
 80af3a31ab5a Downloading 661.7MB
 80af3a31ab5a Downloading 661.7MB
 80af3a31ab5a Downloading 662.7MB
 80af3a31ab5a Downloading 662.7MB
 80af3a31ab5a Downloading 663.7MB
 80af3a31ab5a Downloading 664.8MB
 80af3a31ab5a Downloading 665.8MB
 80af3a31ab5a Downloading 665.8MB
 80af3a31ab5a Downloading 666.9MB
 80af3a31ab5a Downloading 666.9MB
 80af3a31ab5a Downloading 667.9MB
 80af3a31ab5a Downloading 667.9MB
 80af3a31ab5a Downloading 669MB
 80af3a31ab5a Downloading 669MB
 80af3a31ab5a Downloading 670MB
 80af3a31ab5a Downloading 670MB
 80af3a31ab5a Downloading 671.1MB
 80af3a31ab5a Downloading 671.1MB
 80af3a31ab5a Downloading 672.1MB
 80af3a31ab5a Downloading 672.1MB
 80af3a31ab5a Downloading 673.2MB
 80af3a31ab5a Downloading 673.2MB
 80af3a31ab5a Downloading 673.2MB
 80af3a31ab5a Downloading 674.2MB
 80af3a31ab5a Downloading 674.2MB
 80af3a31ab5a Downloading 675.3MB
 80af3a31ab5a Downloading 675.3MB
 80af3a31ab5a Downloading 675.3MB
 80af3a31ab5a Downloading 676.3MB
 80af3a31ab5a Downloading 676.3MB
 80af3a31ab5a Downloading 677.4MB
 80af3a31ab5a Downloading 677.4MB
 80af3a31ab5a Downloading 677.4MB
 80af3a31ab5a Downloading 678.4MB
 80af3a31ab5a Downloading 678.4MB
 80af3a31ab5a Downloading 679.5MB
 80af3a31ab5a Downloading 679.5MB
 80af3a31ab5a Downloading 679.5MB
 80af3a31ab5a Downloading 680.5MB
 80af3a31ab5a Downloading 680.5MB
 80af3a31ab5a Downloading 680.5MB
 80af3a31ab5a Downloading 681.6MB
 80af3a31ab5a Downloading 681.6MB
 80af3a31ab5a Downloading 682.6MB
 80af3a31ab5a Downloading 682.6MB
 80af3a31ab5a Downloading 683.7MB
 80af3a31ab5a Downloading 683.7MB
 80af3a31ab5a Downloading 683.7MB
 80af3a31ab5a Downloading 684.7MB
 80af3a31ab5a Downloading 684.7MB
 80af3a31ab5a Downloading 684.7MB
 80af3a31ab5a Downloading 684.7MB
 80af3a31ab5a Downloading 685.8MB
 80af3a31ab5a Downloading 685.8MB
 80af3a31ab5a Downloading 685.8MB
 80af3a31ab5a Downloading 685.8MB
 80af3a31ab5a Downloading 686.8MB
 80af3a31ab5a Downloading 686.8MB
 80af3a31ab5a Downloading 686.8MB
 80af3a31ab5a Downloading 686.8MB
 80af3a31ab5a Downloading 687.9MB
 80af3a31ab5a Downloading 687.9MB
 80af3a31ab5a Downloading 687.9MB
 80af3a31ab5a Downloading 687.9MB
 80af3a31ab5a Downloading 687.9MB
 80af3a31ab5a Downloading 688.9MB
 80af3a31ab5a Downloading 690MB
 80af3a31ab5a Downloading 690MB
 80af3a31ab5a Downloading 690MB
 80af3a31ab5a Downloading 690MB
 80af3a31ab5a Downloading 690MB
 80af3a31ab5a Downloading 690MB
 80af3a31ab5a Downloading 690MB
 80af3a31ab5a Downloading 690MB
 80af3a31ab5a Downloading 690MB
 80af3a31ab5a Downloading 690MB
 80af3a31ab5a Downloading 690MB
 80af3a31ab5a Downloading 690MB
 80af3a31ab5a Downloading 690MB
 80af3a31ab5a Downloading 690MB
 80af3a31ab5a Downloading 690MB
 80af3a31ab5a Downloading 690MB
 80af3a31ab5a Downloading 690MB
 80af3a31ab5a Downloading 690MB
 80af3a31ab5a Downloading 690MB
 80af3a31ab5a Downloading 690MB
 80af3a31ab5a Downloading 691MB
 80af3a31ab5a Downloading 691MB
 80af3a31ab5a Downloading 692.1MB
 80af3a31ab5a Downloading 692.1MB
 80af3a31ab5a Downloading 692.1MB
 80af3a31ab5a Downloading 693.1MB
 80af3a31ab5a Downloading 693.1MB
 80af3a31ab5a Downloading 693.1MB
 80af3a31ab5a Downloading 694.2MB
 80af3a31ab5a Downloading 694.2MB
 80af3a31ab5a Downloading 695.2MB
 80af3a31ab5a Downloading 695.2MB
 80af3a31ab5a Downloading 696.3MB
 80af3a31ab5a Downloading 696.3MB
 80af3a31ab5a Downloading 696.3MB
 80af3a31ab5a Downloading 697.3MB
 80af3a31ab5a Downloading 697.3MB
 80af3a31ab5a Downloading 698.4MB
 80af3a31ab5a Downloading 698.4MB
 80af3a31ab5a Downloading 699.4MB
 80af3a31ab5a Downloading 699.4MB
 80af3a31ab5a Downloading 700.4MB
 80af3a31ab5a Downloading 700.4MB
 80af3a31ab5a Downloading 700.4MB
 80af3a31ab5a Downloading 701.5MB
 80af3a31ab5a Downloading 701.5MB
 80af3a31ab5a Downloading 702.5MB
 80af3a31ab5a Downloading 702.5MB
 80af3a31ab5a Downloading 703.6MB
 80af3a31ab5a Downloading 703.6MB
 80af3a31ab5a Downloading 704.6MB
 80af3a31ab5a Downloading 704.6MB
 80af3a31ab5a Downloading 704.6MB
 80af3a31ab5a Downloading 705.7MB
 80af3a31ab5a Downloading 705.7MB
 80af3a31ab5a Downloading 705.7MB
 80af3a31ab5a Downloading 706.7MB
 80af3a31ab5a Downloading 706.7MB
 80af3a31ab5a Downloading 706.7MB
 80af3a31ab5a Downloading 706.7MB
 80af3a31ab5a Downloading 707.8MB
 80af3a31ab5a Downloading 708.8MB
 80af3a31ab5a Downloading 708.8MB
 80af3a31ab5a Downloading 709.9MB
 80af3a31ab5a Downloading 709.9MB
 80af3a31ab5a Downloading 709.9MB
 80af3a31ab5a Downloading 710.9MB
 80af3a31ab5a Downloading 710.9MB
 80af3a31ab5a Downloading 710.9MB
 80af3a31ab5a Downloading 712MB
 80af3a31ab5a Downloading 712MB
 80af3a31ab5a Downloading 713MB
 80af3a31ab5a Downloading 713MB
 80af3a31ab5a Downloading 713MB
 80af3a31ab5a Downloading 714.1MB
 80af3a31ab5a Downloading 714.1MB
 80af3a31ab5a Downloading 715.1MB
 80af3a31ab5a Downloading 715.1MB
 80af3a31ab5a Downloading 716.2MB
 80af3a31ab5a Downloading 716.2MB
 80af3a31ab5a Downloading 717.2MB
 80af3a31ab5a Downloading 717.2MB
 80af3a31ab5a Downloading 718.3MB
 80af3a31ab5a Downloading 718.3MB
 80af3a31ab5a Downloading 719.3MB
 80af3a31ab5a Downloading 719.3MB
 80af3a31ab5a Downloading 719.3MB
 80af3a31ab5a Downloading 719.3MB
 80af3a31ab5a Downloading 719.3MB
 80af3a31ab5a Downloading 721.4MB
 80af3a31ab5a Downloading 722.5MB
 80af3a31ab5a Downloading 722.5MB
 80af3a31ab5a Downloading 723.5MB
 80af3a31ab5a Downloading 723.5MB
 80af3a31ab5a Downloading 724.6MB
 80af3a31ab5a Downloading 724.6MB
 80af3a31ab5a Downloading 724.6MB
 80af3a31ab5a Downloading 725.6MB
 80af3a31ab5a Downloading 726.7MB
 80af3a31ab5a Downloading 726.7MB
 80af3a31ab5a Downloading 727.7MB
 80af3a31ab5a Downloading 727.7MB
 80af3a31ab5a Downloading 728.8MB
 80af3a31ab5a Downloading 728.8MB
 80af3a31ab5a Downloading 729.8MB
 80af3a31ab5a Downloading 729.8MB
 80af3a31ab5a Downloading 730.9MB
 80af3a31ab5a Downloading 730.9MB
 80af3a31ab5a Downloading 730.9MB
 80af3a31ab5a Downloading 731.9MB
 80af3a31ab5a Downloading 731.9MB
 80af3a31ab5a Downloading 733MB
 80af3a31ab5a Downloading 733MB
 80af3a31ab5a Downloading 734MB
 80af3a31ab5a Downloading 734MB
 80af3a31ab5a Downloading 735.1MB
 80af3a31ab5a Downloading 735.1MB
 80af3a31ab5a Downloading 735.1MB
 80af3a31ab5a Downloading 736.1MB
 80af3a31ab5a Downloading 736.1MB
 80af3a31ab5a Downloading 737.1MB
 80af3a31ab5a Downloading 737.1MB
 80af3a31ab5a Downloading 738.2MB
 80af3a31ab5a Downloading 738.2MB
 80af3a31ab5a Downloading 739.2MB
 80af3a31ab5a Downloading 739.2MB
 80af3a31ab5a Downloading 739.2MB
 80af3a31ab5a Downloading 740.3MB
 80af3a31ab5a Downloading 740.3MB
 80af3a31ab5a Downloading 741.3MB
 80af3a31ab5a Downloading 741.3MB
 80af3a31ab5a Downloading 742.4MB
 80af3a31ab5a Downloading 742.4MB
 80af3a31ab5a Downloading 743.4MB
 80af3a31ab5a Downloading 743.4MB
 80af3a31ab5a Downloading 744.5MB
 80af3a31ab5a Downloading 744.5MB
 80af3a31ab5a Downloading 745.5MB
 80af3a31ab5a Downloading 745.5MB
 80af3a31ab5a Downloading 746.6MB
 80af3a31ab5a Downloading 746.6MB
 80af3a31ab5a Downloading 747.6MB
 80af3a31ab5a Downloading 747.6MB
 80af3a31ab5a Downloading 748.7MB
 80af3a31ab5a Downloading 748.7MB
 80af3a31ab5a Downloading 749.7MB
 80af3a31ab5a Downloading 750.8MB
 80af3a31ab5a Downloading 750.8MB
 80af3a31ab5a Downloading 751.8MB
 80af3a31ab5a Downloading 751.8MB
 80af3a31ab5a Downloading 751.8MB
 80af3a31ab5a Downloading 752.9MB
 80af3a31ab5a Downloading 752.9MB
 80af3a31ab5a Downloading 753.9MB
 80af3a31ab5a Downloading 753.9MB
 80af3a31ab5a Downloading 755MB
 80af3a31ab5a Downloading 755MB
 80af3a31ab5a Downloading 756MB
 80af3a31ab5a Downloading 756MB
 80af3a31ab5a Downloading 757.1MB
 80af3a31ab5a Downloading 757.1MB
 80af3a31ab5a Downloading 758.1MB
 80af3a31ab5a Downloading 758.1MB
 80af3a31ab5a Downloading 759.2MB
 80af3a31ab5a Downloading 759.2MB
 80af3a31ab5a Downloading 760.2MB
 80af3a31ab5a Downloading 760.2MB
 80af3a31ab5a Downloading 760.2MB
 80af3a31ab5a Downloading 761.3MB
 80af3a31ab5a Downloading 761.3MB
 80af3a31ab5a Downloading 762.3MB
 80af3a31ab5a Downloading 762.3MB
 80af3a31ab5a Downloading 763.4MB
 80af3a31ab5a Downloading 763.4MB
 80af3a31ab5a Downloading 763.4MB
 80af3a31ab5a Downloading 764.4MB
 80af3a31ab5a Downloading 764.4MB
 80af3a31ab5a Downloading 765.5MB
 80af3a31ab5a Downloading 765.5MB
 80af3a31ab5a Downloading 766.5MB
 80af3a31ab5a Downloading 766.5MB
 80af3a31ab5a Downloading 767.6MB
 80af3a31ab5a Downloading 767.6MB
 80af3a31ab5a Downloading 767.6MB
 80af3a31ab5a Downloading 768.6MB
 80af3a31ab5a Downloading 769.7MB
 80af3a31ab5a Downloading 769.7MB
 80af3a31ab5a Downloading 769.7MB
 80af3a31ab5a Downloading 770.7MB
 80af3a31ab5a Downloading 770.7MB
 80af3a31ab5a Downloading 771.8MB
 80af3a31ab5a Downloading 771.8MB
 80af3a31ab5a Downloading 772.8MB
 80af3a31ab5a Downloading 772.8MB
 80af3a31ab5a Downloading 773.8MB
 80af3a31ab5a Downloading 773.8MB
 80af3a31ab5a Downloading 773.8MB
 80af3a31ab5a Downloading 774.9MB
 80af3a31ab5a Downloading 774.9MB
 80af3a31ab5a Downloading 775.9MB
 80af3a31ab5a Downloading 775.9MB
 80af3a31ab5a Downloading 775.9MB
 80af3a31ab5a Downloading 777MB
 80af3a31ab5a Downloading 777MB
 80af3a31ab5a Downloading 778MB
 80af3a31ab5a Downloading 778MB
 80af3a31ab5a Downloading 779.1MB
 80af3a31ab5a Downloading 779.1MB
 80af3a31ab5a Downloading 780.1MB
 80af3a31ab5a Downloading 780.1MB
 80af3a31ab5a Downloading 781.2MB
 80af3a31ab5a Downloading 781.2MB
 80af3a31ab5a Downloading 782.2MB
 80af3a31ab5a Downloading 782.2MB
 80af3a31ab5a Downloading 783.3MB
 80af3a31ab5a Downloading 783.3MB
 80af3a31ab5a Downloading 784.3MB
 80af3a31ab5a Downloading 784.3MB
 80af3a31ab5a Downloading 785.4MB
 80af3a31ab5a Downloading 785.4MB
 80af3a31ab5a Downloading 786.4MB
 80af3a31ab5a Downloading 786.4MB
 80af3a31ab5a Downloading 787.5MB
 80af3a31ab5a Downloading 787.5MB
 80af3a31ab5a Downloading 788.5MB
 80af3a31ab5a Downloading 788.5MB
 80af3a31ab5a Downloading 788.5MB
 80af3a31ab5a Downloading 789.6MB
 80af3a31ab5a Downloading 789.6MB
 80af3a31ab5a Downloading 790.6MB
 80af3a31ab5a Downloading 790.6MB
 80af3a31ab5a Downloading 791.7MB
 80af3a31ab5a Downloading 791.7MB
 80af3a31ab5a Downloading 791.7MB
 80af3a31ab5a Downloading 792.7MB
 80af3a31ab5a Downloading 792.7MB
 80af3a31ab5a Downloading 792.7MB
 80af3a31ab5a Downloading 793.8MB
 80af3a31ab5a Downloading 793.8MB
 80af3a31ab5a Downloading 794.8MB
 80af3a31ab5a Downloading 794.8MB
 80af3a31ab5a Downloading 794.8MB
 80af3a31ab5a Downloading 795.9MB
 80af3a31ab5a Downloading 795.9MB
 80af3a31ab5a Downloading 796.9MB
 80af3a31ab5a Downloading 796.9MB
 80af3a31ab5a Downloading 798MB
 80af3a31ab5a Downloading 798MB
 80af3a31ab5a Downloading 798MB
 80af3a31ab5a Downloading 799MB
 80af3a31ab5a Downloading 799MB
 80af3a31ab5a Downloading 800.1MB
 80af3a31ab5a Downloading 800.1MB
 80af3a31ab5a Downloading 800.1MB
 80af3a31ab5a Downloading 801.1MB
 80af3a31ab5a Downloading 801.1MB
 80af3a31ab5a Downloading 802.2MB
 80af3a31ab5a Downloading 802.2MB
 80af3a31ab5a Downloading 803.2MB
 80af3a31ab5a Downloading 803.2MB
 80af3a31ab5a Downloading 803.2MB
 80af3a31ab5a Downloading 804.3MB
 80af3a31ab5a Downloading 804.3MB
 80af3a31ab5a Downloading 805.3MB
 80af3a31ab5a Downloading 805.3MB
 80af3a31ab5a Downloading 806.4MB
 80af3a31ab5a Downloading 806.4MB
 80af3a31ab5a Downloading 807.4MB
 80af3a31ab5a Downloading 807.4MB
 80af3a31ab5a Downloading 808.5MB
 80af3a31ab5a Downloading 808.5MB
 80af3a31ab5a Downloading 809.5MB
 80af3a31ab5a Downloading 809.5MB
 80af3a31ab5a Downloading 810.5MB
 80af3a31ab5a Downloading 810.5MB
 80af3a31ab5a Downloading 811.6MB
 80af3a31ab5a Downloading 811.6MB
 80af3a31ab5a Downloading 812.6MB
 80af3a31ab5a Downloading 812.6MB
 80af3a31ab5a Downloading 813.7MB
 80af3a31ab5a Downloading 813.7MB
 80af3a31ab5a Downloading 814.7MB
 80af3a31ab5a Downloading 814.7MB
 80af3a31ab5a Downloading 814.7MB
 80af3a31ab5a Downloading 815.8MB
 80af3a31ab5a Downloading 815.8MB
 80af3a31ab5a Downloading 816.8MB
 80af3a31ab5a Downloading 816.8MB
 80af3a31ab5a Downloading 816.8MB
 80af3a31ab5a Downloading 817.9MB
 80af3a31ab5a Downloading 817.9MB
 80af3a31ab5a Downloading 818.9MB
 80af3a31ab5a Downloading 818.9MB
 80af3a31ab5a Downloading 818.9MB
 80af3a31ab5a Downloading 820MB
 80af3a31ab5a Downloading 820MB
 80af3a31ab5a Downloading 821MB
 80af3a31ab5a Downloading 821MB
 80af3a31ab5a Downloading 822.1MB
 80af3a31ab5a Downloading 822.1MB
 80af3a31ab5a Downloading 822.1MB
 80af3a31ab5a Downloading 822.1MB
 80af3a31ab5a Downloading 822.1MB
 80af3a31ab5a Downloading 823.1MB
 80af3a31ab5a Downloading 823.1MB
 80af3a31ab5a Downloading 823.1MB
 80af3a31ab5a Downloading 823.1MB
 80af3a31ab5a Downloading 823.1MB
 80af3a31ab5a Downloading 823.1MB
 80af3a31ab5a Downloading 823.1MB
 80af3a31ab5a Downloading 823.1MB
 80af3a31ab5a Downloading 823.1MB
 80af3a31ab5a Downloading 823.1MB
 80af3a31ab5a Downloading 823.1MB
 80af3a31ab5a Downloading 823.1MB
 80af3a31ab5a Downloading 824.2MB
 80af3a31ab5a Downloading 824.2MB
 80af3a31ab5a Downloading 825.2MB
 80af3a31ab5a Downloading 825.2MB
 80af3a31ab5a Downloading 825.2MB
 80af3a31ab5a Downloading 826.3MB
 80af3a31ab5a Downloading 826.3MB
 80af3a31ab5a Downloading 826.3MB
 80af3a31ab5a Downloading 827.3MB
 80af3a31ab5a Downloading 827.3MB
 80af3a31ab5a Downloading 828.4MB
 80af3a31ab5a Downloading 828.4MB
 80af3a31ab5a Downloading 828.4MB
 80af3a31ab5a Downloading 829.4MB
 80af3a31ab5a Downloading 829.4MB
 80af3a31ab5a Downloading 830.5MB
 80af3a31ab5a Downloading 830.5MB
 80af3a31ab5a Downloading 830.5MB
 80af3a31ab5a Downloading 831.5MB
 80af3a31ab5a Downloading 831.5MB
 80af3a31ab5a Downloading 832.6MB
 80af3a31ab5a Downloading 832.6MB
 80af3a31ab5a Downloading 832.6MB
 80af3a31ab5a Downloading 833.6MB
 80af3a31ab5a Downloading 833.6MB
 80af3a31ab5a Downloading 834.7MB
 80af3a31ab5a Downloading 834.7MB
 80af3a31ab5a Downloading 834.7MB
 80af3a31ab5a Downloading 835.7MB
 80af3a31ab5a Downloading 835.7MB
 80af3a31ab5a Downloading 836.8MB
 80af3a31ab5a Downloading 837.8MB
 80af3a31ab5a Downloading 837.8MB
 80af3a31ab5a Downloading 838.9MB
 80af3a31ab5a Downloading 838.9MB
 80af3a31ab5a Downloading 839.9MB
 80af3a31ab5a Downloading 839.9MB
 80af3a31ab5a Downloading 839.9MB
 80af3a31ab5a Downloading 841MB
 80af3a31ab5a Downloading 841MB
 80af3a31ab5a Downloading 842MB
 80af3a31ab5a Downloading 842MB
 80af3a31ab5a Downloading 843.1MB
 80af3a31ab5a Downloading 843.1MB
 80af3a31ab5a Downloading 843.1MB
 80af3a31ab5a Downloading 844.1MB
 80af3a31ab5a Downloading 844.1MB
 80af3a31ab5a Downloading 844.1MB
 80af3a31ab5a Downloading 845.2MB
 80af3a31ab5a Downloading 845.2MB
 80af3a31ab5a Downloading 846.2MB
 80af3a31ab5a Downloading 846.2MB
 80af3a31ab5a Downloading 846.2MB
 80af3a31ab5a Downloading 847.2MB
 80af3a31ab5a Downloading 847.2MB
 80af3a31ab5a Downloading 848.3MB
 80af3a31ab5a Downloading 848.3MB
 80af3a31ab5a Downloading 848.3MB
 80af3a31ab5a Downloading 849.3MB
 80af3a31ab5a Downloading 849.3MB
 80af3a31ab5a Downloading 850.4MB
 80af3a31ab5a Downloading 850.4MB
 80af3a31ab5a Downloading 851.4MB
 80af3a31ab5a Downloading 851.4MB
 80af3a31ab5a Downloading 851.4MB
 80af3a31ab5a Downloading 851.4MB
 80af3a31ab5a Downloading 851.4MB
 80af3a31ab5a Downloading 851.4MB
 80af3a31ab5a Downloading 851.4MB
 80af3a31ab5a Downloading 852.5MB
 80af3a31ab5a Downloading 852.5MB
 80af3a31ab5a Downloading 853.5MB
 80af3a31ab5a Downloading 853.5MB
 80af3a31ab5a Downloading 854.6MB
 80af3a31ab5a Downloading 854.6MB
 80af3a31ab5a Downloading 855.6MB
 80af3a31ab5a Downloading 855.6MB
 80af3a31ab5a Downloading 856.7MB
 80af3a31ab5a Downloading 856.7MB
 80af3a31ab5a Downloading 857.7MB
 80af3a31ab5a Downloading 857.7MB
 80af3a31ab5a Downloading 858.8MB
 80af3a31ab5a Downloading 859.8MB
 80af3a31ab5a Downloading 859.8MB
 80af3a31ab5a Downloading 860.9MB
 80af3a31ab5a Downloading 860.9MB
 80af3a31ab5a Downloading 861.9MB
 80af3a31ab5a Downloading 861.9MB
 80af3a31ab5a Downloading 863MB
 80af3a31ab5a Downloading 863MB
 80af3a31ab5a Downloading 864MB
 80af3a31ab5a Downloading 864MB
 80af3a31ab5a Downloading 865.1MB
 80af3a31ab5a Downloading 865.1MB
 80af3a31ab5a Downloading 866.1MB
 80af3a31ab5a Downloading 866.1MB
 80af3a31ab5a Downloading 867.2MB
 80af3a31ab5a Downloading 867.2MB
 80af3a31ab5a Downloading 868.2MB
 80af3a31ab5a Downloading 868.2MB
 80af3a31ab5a Downloading 869.3MB
 80af3a31ab5a Downloading 869.3MB
 80af3a31ab5a Downloading 870.3MB
 80af3a31ab5a Downloading 870.3MB
 80af3a31ab5a Downloading 870.3MB
 80af3a31ab5a Downloading 870.3MB
 80af3a31ab5a Downloading 870.3MB
 80af3a31ab5a Downloading 870.3MB
 80af3a31ab5a Downloading 871.4MB
 80af3a31ab5a Downloading 871.4MB
 80af3a31ab5a Downloading 871.4MB
 80af3a31ab5a Downloading 871.4MB
 80af3a31ab5a Downloading 871.4MB
 80af3a31ab5a Downloading 872.4MB
 80af3a31ab5a Downloading 872.4MB
 80af3a31ab5a Downloading 872.4MB
 80af3a31ab5a Downloading 872.4MB
 80af3a31ab5a Downloading 873.5MB
 80af3a31ab5a Downloading 873.5MB
 80af3a31ab5a Downloading 873.5MB
 80af3a31ab5a Downloading 873.5MB
 80af3a31ab5a Downloading 873.5MB
 80af3a31ab5a Downloading 873.5MB
 80af3a31ab5a Downloading 873.5MB
 80af3a31ab5a Downloading 874.5MB
 80af3a31ab5a Downloading 874.5MB
 80af3a31ab5a Downloading 874.5MB
 80af3a31ab5a Downloading 874.5MB
 80af3a31ab5a Downloading 874.5MB
 80af3a31ab5a Downloading 874.5MB
 80af3a31ab5a Downloading 874.5MB
 80af3a31ab5a Downloading 874.5MB
 80af3a31ab5a Downloading 875.6MB
 80af3a31ab5a Downloading 876.6MB
 80af3a31ab5a Downloading 877.7MB
 80af3a31ab5a Downloading 878.7MB
 80af3a31ab5a Downloading 878.7MB
 80af3a31ab5a Downloading 878.7MB
 80af3a31ab5a Downloading 879.8MB
 80af3a31ab5a Downloading 879.8MB
 80af3a31ab5a Downloading 880.8MB
 80af3a31ab5a Downloading 880.8MB
 80af3a31ab5a Downloading 880.8MB
 80af3a31ab5a Downloading 881.9MB
 80af3a31ab5a Downloading 881.9MB
 80af3a31ab5a Downloading 882.9MB
 80af3a31ab5a Downloading 882.9MB
 80af3a31ab5a Downloading 882.9MB
 80af3a31ab5a Downloading 883.9MB
 80af3a31ab5a Downloading 883.9MB
 80af3a31ab5a Downloading 885MB
 80af3a31ab5a Downloading 885MB
 80af3a31ab5a Downloading 885MB
 80af3a31ab5a Downloading 885MB
 80af3a31ab5a Downloading 886MB
 80af3a31ab5a Downloading 886MB
 80af3a31ab5a Downloading 886MB
 80af3a31ab5a Downloading 887.1MB
 80af3a31ab5a Downloading 887.1MB
 80af3a31ab5a Downloading 888.1MB
 80af3a31ab5a Downloading 888.1MB
 80af3a31ab5a Downloading 889.2MB
 80af3a31ab5a Downloading 889.2MB
 80af3a31ab5a Downloading 889.2MB
 80af3a31ab5a Downloading 890.2MB
 80af3a31ab5a Downloading 890.2MB
 80af3a31ab5a Downloading 891.3MB
 80af3a31ab5a Downloading 891.3MB
 80af3a31ab5a Downloading 892.3MB
 80af3a31ab5a Downloading 892.3MB
 80af3a31ab5a Downloading 893.4MB
 80af3a31ab5a Downloading 893.4MB
 80af3a31ab5a Downloading 894.4MB
 80af3a31ab5a Downloading 894.4MB
 80af3a31ab5a Downloading 895.5MB
 80af3a31ab5a Downloading 895.5MB
 80af3a31ab5a Downloading 896.5MB
 80af3a31ab5a Downloading 896.5MB
 80af3a31ab5a Downloading 897.6MB
 80af3a31ab5a Downloading 897.6MB
 80af3a31ab5a Downloading 897.6MB
 80af3a31ab5a Downloading 897.6MB
 80af3a31ab5a Downloading 897.6MB
 80af3a31ab5a Downloading 898.6MB
 80af3a31ab5a Downloading 899.7MB
 80af3a31ab5a Downloading 900.7MB
 80af3a31ab5a Downloading 900.7MB
 80af3a31ab5a Downloading 901.8MB
 80af3a31ab5a Downloading 901.8MB
 80af3a31ab5a Downloading 902.8MB
 80af3a31ab5a Downloading 902.8MB
 80af3a31ab5a Downloading 903.9MB
 80af3a31ab5a Downloading 903.9MB
 80af3a31ab5a Downloading 904.9MB
 80af3a31ab5a Downloading 904.9MB
 80af3a31ab5a Downloading 906MB
 80af3a31ab5a Downloading 906MB
 80af3a31ab5a Downloading 906MB
 80af3a31ab5a Downloading 907MB
 80af3a31ab5a Downloading 907MB
 80af3a31ab5a Downloading 908.1MB
 80af3a31ab5a Downloading 908.1MB
 80af3a31ab5a Downloading 909.1MB
 80af3a31ab5a Downloading 909.1MB
 80af3a31ab5a Downloading 910.2MB
 80af3a31ab5a Downloading 910.2MB
 80af3a31ab5a Downloading 911.2MB
 80af3a31ab5a Downloading 911.2MB
 80af3a31ab5a Downloading 912.3MB
 80af3a31ab5a Downloading 912.3MB
 80af3a31ab5a Downloading 913.3MB
 80af3a31ab5a Downloading 913.3MB
 80af3a31ab5a Downloading 914.4MB
 80af3a31ab5a Downloading 914.4MB
 80af3a31ab5a Downloading 915.4MB
 80af3a31ab5a Downloading 915.4MB
 80af3a31ab5a Downloading 916.5MB
 80af3a31ab5a Downloading 916.5MB
 80af3a31ab5a Downloading 917.5MB
 80af3a31ab5a Downloading 917.5MB
 80af3a31ab5a Downloading 918.6MB
 80af3a31ab5a Downloading 918.6MB
 80af3a31ab5a Downloading 919.6MB
 80af3a31ab5a Downloading 919.6MB
 80af3a31ab5a Downloading 920.6MB
 80af3a31ab5a Downloading 920.6MB
 80af3a31ab5a Downloading 921.7MB
 80af3a31ab5a Downloading 921.7MB
 80af3a31ab5a Downloading 922.7MB
 80af3a31ab5a Downloading 922.7MB
 80af3a31ab5a Downloading 922.7MB
 80af3a31ab5a Downloading 923.8MB
 80af3a31ab5a Downloading 923.8MB
 80af3a31ab5a Downloading 924.8MB
 80af3a31ab5a Downloading 924.8MB
 80af3a31ab5a Downloading 925.9MB
 80af3a31ab5a Downloading 925.9MB
 80af3a31ab5a Downloading 925.9MB
 80af3a31ab5a Downloading 926.9MB
 80af3a31ab5a Downloading 926.9MB
 80af3a31ab5a Downloading 928MB
 80af3a31ab5a Downloading 928MB
 80af3a31ab5a Downloading 928MB
 80af3a31ab5a Downloading 929MB
 80af3a31ab5a Downloading 929MB
 80af3a31ab5a Downloading 930.1MB
 80af3a31ab5a Downloading 930.1MB
 80af3a31ab5a Downloading 930.1MB
 80af3a31ab5a Downloading 931.1MB
 80af3a31ab5a Downloading 931.1MB
 80af3a31ab5a Downloading 931.1MB
 80af3a31ab5a Downloading 931.1MB
 80af3a31ab5a Downloading 932.2MB
 80af3a31ab5a Downloading 933.2MB
 80af3a31ab5a Downloading 933.2MB
 80af3a31ab5a Downloading 934.3MB
 80af3a31ab5a Downloading 934.3MB
 80af3a31ab5a Downloading 935.3MB
 80af3a31ab5a Downloading 935.3MB
 80af3a31ab5a Downloading 935.3MB
 80af3a31ab5a Downloading 936.4MB
 80af3a31ab5a Downloading 936.4MB
 80af3a31ab5a Downloading 937.4MB
 80af3a31ab5a Downloading 937.4MB
 80af3a31ab5a Downloading 937.4MB
 80af3a31ab5a Downloading 937.4MB
 80af3a31ab5a Downloading 937.4MB
 80af3a31ab5a Downloading 938.5MB
 80af3a31ab5a Downloading 938.5MB
 80af3a31ab5a Downloading 938.5MB
 80af3a31ab5a Downloading 939.5MB
 80af3a31ab5a Downloading 939.5MB
 80af3a31ab5a Downloading 939.5MB
 80af3a31ab5a Downloading 940.6MB
 80af3a31ab5a Downloading 940.6MB
 80af3a31ab5a Downloading 941.6MB
 80af3a31ab5a Downloading 941.6MB
 80af3a31ab5a Downloading 941.6MB
 80af3a31ab5a Downloading 942.7MB
 80af3a31ab5a Downloading 942.7MB
 80af3a31ab5a Downloading 943.7MB
 80af3a31ab5a Downloading 943.7MB
 80af3a31ab5a Downloading 944.8MB
 80af3a31ab5a Downloading 944.8MB
 80af3a31ab5a Downloading 944.8MB
 80af3a31ab5a Downloading 945.8MB
 80af3a31ab5a Downloading 945.8MB
 80af3a31ab5a Downloading 945.8MB
 80af3a31ab5a Downloading 945.8MB
 80af3a31ab5a Downloading 945.8MB
 80af3a31ab5a Downloading 945.8MB
 80af3a31ab5a Downloading 945.8MB
 80af3a31ab5a Downloading 945.8MB
 80af3a31ab5a Downloading 946.9MB
 80af3a31ab5a Downloading 946.9MB
 80af3a31ab5a Downloading 947.9MB
 80af3a31ab5a Downloading 947.9MB
 80af3a31ab5a Downloading 947.9MB
 80af3a31ab5a Downloading 947.9MB
 80af3a31ab5a Downloading 949MB
 80af3a31ab5a Downloading 949MB
 80af3a31ab5a Downloading 949MB
 80af3a31ab5a Downloading 950MB
 80af3a31ab5a Downloading 950MB
 80af3a31ab5a Downloading 950MB
 80af3a31ab5a Downloading 951.1MB
 80af3a31ab5a Downloading 951.1MB
 80af3a31ab5a Downloading 951.1MB
 80af3a31ab5a Downloading 952.1MB
 80af3a31ab5a Downloading 952.1MB
 80af3a31ab5a Downloading 952.1MB
 80af3a31ab5a Downloading 953.2MB
 80af3a31ab5a Downloading 953.2MB
 80af3a31ab5a Downloading 953.2MB
 80af3a31ab5a Downloading 954.2MB
 80af3a31ab5a Downloading 954.2MB
 80af3a31ab5a Downloading 954.2MB
 80af3a31ab5a Downloading 955.3MB
 80af3a31ab5a Downloading 955.3MB
 80af3a31ab5a Downloading 955.3MB
 80af3a31ab5a Downloading 955.3MB
 80af3a31ab5a Downloading 956.3MB
 80af3a31ab5a Downloading 956.3MB
 80af3a31ab5a Downloading 956.3MB
 80af3a31ab5a Downloading 956.3MB
 80af3a31ab5a Downloading 957.3MB
 80af3a31ab5a Downloading 957.3MB
 80af3a31ab5a Downloading 957.3MB
 80af3a31ab5a Downloading 958.4MB
 80af3a31ab5a Downloading 958.4MB
 80af3a31ab5a Downloading 958.4MB
 80af3a31ab5a Downloading 959.4MB
 80af3a31ab5a Downloading 959.4MB
 80af3a31ab5a Downloading 959.4MB
 80af3a31ab5a Downloading 960.5MB
 80af3a31ab5a Downloading 960.5MB
 80af3a31ab5a Downloading 961.5MB
 80af3a31ab5a Downloading 961.5MB
 80af3a31ab5a Downloading 961.5MB
 80af3a31ab5a Downloading 962.6MB
 80af3a31ab5a Downloading 962.6MB
 80af3a31ab5a Downloading 962.6MB
 80af3a31ab5a Downloading 963.6MB
 80af3a31ab5a Downloading 963.6MB
 80af3a31ab5a Downloading 963.6MB
 80af3a31ab5a Downloading 964.7MB
 80af3a31ab5a Downloading 964.7MB
 80af3a31ab5a Downloading 964.7MB
 80af3a31ab5a Downloading 965.7MB
 80af3a31ab5a Downloading 965.7MB
 80af3a31ab5a Downloading 965.7MB
 80af3a31ab5a Downloading 965.7MB
 80af3a31ab5a Downloading 966.8MB
 80af3a31ab5a Downloading 966.8MB
 80af3a31ab5a Downloading 966.8MB
 80af3a31ab5a Downloading 966.8MB
 80af3a31ab5a Downloading 967.8MB
 80af3a31ab5a Downloading 967.8MB
 80af3a31ab5a Downloading 967.8MB
 80af3a31ab5a Downloading 967.8MB
 80af3a31ab5a Downloading 968.9MB
 80af3a31ab5a Downloading 968.9MB
 80af3a31ab5a Downloading 968.9MB
 80af3a31ab5a Downloading 969.9MB
 80af3a31ab5a Downloading 969.9MB
 80af3a31ab5a Downloading 969.9MB
 80af3a31ab5a Downloading 971MB
 80af3a31ab5a Downloading 971MB
 80af3a31ab5a Downloading 971MB
 80af3a31ab5a Downloading 972MB
 80af3a31ab5a Downloading 972MB
 80af3a31ab5a Downloading 973.1MB
 80af3a31ab5a Downloading 973.1MB
 80af3a31ab5a Downloading 973.1MB
 80af3a31ab5a Downloading 974.1MB
 80af3a31ab5a Downloading 974.1MB
 80af3a31ab5a Downloading 975.2MB
 80af3a31ab5a Downloading 975.2MB
 80af3a31ab5a Downloading 976.2MB
 80af3a31ab5a Downloading 976.2MB
 80af3a31ab5a Downloading 976.2MB
 80af3a31ab5a Downloading 977.3MB
 80af3a31ab5a Downloading 977.3MB
 80af3a31ab5a Downloading 978.3MB
 80af3a31ab5a Downloading 978.3MB
 80af3a31ab5a Downloading 978.3MB
 80af3a31ab5a Downloading 979.4MB
 80af3a31ab5a Downloading 979.4MB
 80af3a31ab5a Downloading 980.4MB
 80af3a31ab5a Downloading 980.4MB
 80af3a31ab5a Downloading 981.5MB
 80af3a31ab5a Downloading 981.5MB
 80af3a31ab5a Downloading 981.5MB
 80af3a31ab5a Downloading 982.5MB
 80af3a31ab5a Downloading 982.5MB
 80af3a31ab5a Downloading 983.6MB
 80af3a31ab5a Downloading 983.6MB
 80af3a31ab5a Downloading 983.6MB
 80af3a31ab5a Downloading 984.6MB
 80af3a31ab5a Downloading 984.6MB
 80af3a31ab5a Downloading 985.7MB
 80af3a31ab5a Downloading 985.7MB
 80af3a31ab5a Downloading 985.7MB
 80af3a31ab5a Downloading 986.7MB
 80af3a31ab5a Downloading 986.7MB
 80af3a31ab5a Downloading 987.8MB
 80af3a31ab5a Downloading 987.8MB
 80af3a31ab5a Downloading 987.8MB
 80af3a31ab5a Downloading 988.8MB
 80af3a31ab5a Downloading 988.8MB
 80af3a31ab5a Downloading 989.9MB
 80af3a31ab5a Downloading 989.9MB
 80af3a31ab5a Downloading 989.9MB
 80af3a31ab5a Downloading 990.9MB
 80af3a31ab5a Downloading 990.9MB
 80af3a31ab5a Downloading 992MB
 80af3a31ab5a Downloading 992MB
 80af3a31ab5a Downloading 992MB
 80af3a31ab5a Downloading 993MB
 80af3a31ab5a Downloading 993MB
 80af3a31ab5a Downloading 993MB
 80af3a31ab5a Downloading 993MB
 80af3a31ab5a Downloading 993MB
 80af3a31ab5a Downloading 993MB
 80af3a31ab5a Downloading 994.1MB
 80af3a31ab5a Downloading 995.1MB
 80af3a31ab5a Downloading 996.1MB
 80af3a31ab5a Downloading 997.2MB
 80af3a31ab5a Downloading 997.2MB
 80af3a31ab5a Downloading 997.2MB
 80af3a31ab5a Downloading 998.2MB
 80af3a31ab5a Downloading 998.2MB
 80af3a31ab5a Downloading 999.3MB
 80af3a31ab5a Downloading 999.3MB
 80af3a31ab5a Downloading 999.3MB
 80af3a31ab5a Downloading 1GB
 80af3a31ab5a Downloading 1GB
 80af3a31ab5a Downloading 1.001GB
 80af3a31ab5a Downloading 1.001GB
 80af3a31ab5a Downloading 1.001GB
 80af3a31ab5a Downloading 1.002GB
 80af3a31ab5a Downloading 1.002GB
 80af3a31ab5a Downloading 1.003GB
 80af3a31ab5a Downloading 1.003GB
 80af3a31ab5a Downloading 1.003GB
 80af3a31ab5a Downloading 1.003GB
 80af3a31ab5a Downloading 1.003GB
 80af3a31ab5a Downloading 1.005GB
 80af3a31ab5a Downloading 1.006GB
 80af3a31ab5a Downloading 1.007GB
 80af3a31ab5a Downloading 1.007GB
 80af3a31ab5a Downloading 1.007GB
 80af3a31ab5a Downloading 1.008GB
 80af3a31ab5a Downloading 1.008GB
 80af3a31ab5a Downloading 1.008GB
 80af3a31ab5a Downloading 1.009GB
 80af3a31ab5a Downloading 1.009GB
 80af3a31ab5a Downloading 1.009GB
 80af3a31ab5a Downloading 1.009GB
 80af3a31ab5a Downloading 1.01GB
 80af3a31ab5a Downloading 1.01GB
 80af3a31ab5a Downloading 1.01GB
 80af3a31ab5a Downloading 1.01GB
 80af3a31ab5a Downloading 1.011GB
 80af3a31ab5a Downloading 1.011GB
 80af3a31ab5a Downloading 1.011GB
 80af3a31ab5a Downloading 1.012GB
 80af3a31ab5a Downloading 1.012GB
 80af3a31ab5a Downloading 1.012GB
 80af3a31ab5a Downloading 1.012GB
 80af3a31ab5a Downloading 1.013GB
 80af3a31ab5a Downloading 1.013GB
 80af3a31ab5a Downloading 1.013GB
 80af3a31ab5a Downloading 1.014GB
 80af3a31ab5a Downloading 1.014GB
 80af3a31ab5a Downloading 1.014GB
 80af3a31ab5a Downloading 1.014GB
 80af3a31ab5a Downloading 1.015GB
 80af3a31ab5a Downloading 1.015GB
 80af3a31ab5a Downloading 1.015GB
 80af3a31ab5a Downloading 1.015GB
 80af3a31ab5a Downloading 1.016GB
 80af3a31ab5a Downloading 1.016GB
 80af3a31ab5a Downloading 1.016GB
 80af3a31ab5a Downloading 1.017GB
 80af3a31ab5a Downloading 1.017GB
 80af3a31ab5a Downloading 1.017GB
 80af3a31ab5a Downloading 1.018GB
 80af3a31ab5a Downloading 1.018GB
 80af3a31ab5a Downloading 1.019GB
 80af3a31ab5a Downloading 1.019GB
 80af3a31ab5a Downloading 1.02GB
 80af3a31ab5a Downloading 1.02GB
 80af3a31ab5a Downloading 1.02GB
 80af3a31ab5a Downloading 1.021GB
 80af3a31ab5a Downloading 1.021GB
 80af3a31ab5a Downloading 1.022GB
 80af3a31ab5a Downloading 1.022GB
 80af3a31ab5a Downloading 1.023GB
 80af3a31ab5a Downloading 1.024GB
 80af3a31ab5a Downloading 1.024GB
 80af3a31ab5a Downloading 1.026GB
 80af3a31ab5a Downloading 1.026GB
 80af3a31ab5a Downloading 1.027GB
 80af3a31ab5a Downloading 1.027GB
 80af3a31ab5a Downloading 1.028GB
 80af3a31ab5a Downloading 1.028GB
 80af3a31ab5a Downloading 1.029GB
 80af3a31ab5a Downloading 1.029GB
 80af3a31ab5a Downloading 1.03GB
 80af3a31ab5a Downloading 1.03GB
 80af3a31ab5a Downloading 1.031GB
 80af3a31ab5a Downloading 1.031GB
 80af3a31ab5a Downloading 1.032GB
 80af3a31ab5a Downloading 1.032GB
 80af3a31ab5a Downloading 1.033GB
 80af3a31ab5a Downloading 1.033GB
 80af3a31ab5a Downloading 1.034GB
 80af3a31ab5a Downloading 1.034GB
 80af3a31ab5a Downloading 1.035GB
 80af3a31ab5a Downloading 1.035GB
 80af3a31ab5a Downloading 1.036GB
 80af3a31ab5a Downloading 1.036GB
 80af3a31ab5a Downloading 1.037GB
 80af3a31ab5a Downloading 1.037GB
 80af3a31ab5a Downloading 1.038GB
 80af3a31ab5a Downloading 1.038GB
 80af3a31ab5a Downloading 1.039GB
 80af3a31ab5a Downloading 1.039GB
 80af3a31ab5a Downloading 1.039GB
 80af3a31ab5a Downloading 1.04GB
 80af3a31ab5a Downloading 1.04GB
 80af3a31ab5a Downloading 1.041GB
 80af3a31ab5a Downloading 1.042GB
 80af3a31ab5a Downloading 1.042GB
 80af3a31ab5a Downloading 1.043GB
 80af3a31ab5a Downloading 1.043GB
 80af3a31ab5a Downloading 1.044GB
 80af3a31ab5a Downloading 1.044GB
 80af3a31ab5a Downloading 1.045GB
 80af3a31ab5a Downloading 1.045GB
 80af3a31ab5a Downloading 1.046GB
 80af3a31ab5a Downloading 1.046GB
 80af3a31ab5a Downloading 1.048GB
 80af3a31ab5a Downloading 1.048GB
 80af3a31ab5a Downloading 1.048GB
 80af3a31ab5a Downloading 1.049GB
 80af3a31ab5a Downloading 1.049GB
 80af3a31ab5a Downloading 1.05GB
 80af3a31ab5a Downloading 1.05GB
 80af3a31ab5a Downloading 1.05GB
 80af3a31ab5a Downloading 1.051GB
 80af3a31ab5a Downloading 1.051GB
 80af3a31ab5a Downloading 1.052GB
 80af3a31ab5a Downloading 1.052GB
 80af3a31ab5a Downloading 1.052GB
 80af3a31ab5a Downloading 1.052GB
 80af3a31ab5a Downloading 1.052GB
 80af3a31ab5a Downloading 1.052GB
 80af3a31ab5a Downloading 1.054GB
 80af3a31ab5a Downloading 1.054GB
 80af3a31ab5a Downloading 1.055GB
 80af3a31ab5a Downloading 1.055GB
 80af3a31ab5a Downloading 1.056GB
 80af3a31ab5a Downloading 1.056GB
 80af3a31ab5a Downloading 1.056GB
 80af3a31ab5a Downloading 1.057GB
 80af3a31ab5a Downloading 1.057GB
 80af3a31ab5a Downloading 1.058GB
 80af3a31ab5a Downloading 1.058GB
 80af3a31ab5a Downloading 1.058GB
 80af3a31ab5a Downloading 1.058GB
 80af3a31ab5a Downloading 1.059GB
 80af3a31ab5a Downloading 1.059GB
 80af3a31ab5a Downloading 1.059GB
 80af3a31ab5a Downloading 1.06GB
 80af3a31ab5a Downloading 1.06GB
 80af3a31ab5a Downloading 1.06GB
 80af3a31ab5a Downloading 1.06GB
 80af3a31ab5a Downloading 1.061GB
 80af3a31ab5a Downloading 1.061GB
 80af3a31ab5a Downloading 1.061GB
 80af3a31ab5a Downloading 1.062GB
 80af3a31ab5a Downloading 1.062GB
 80af3a31ab5a Downloading 1.063GB
 80af3a31ab5a Downloading 1.063GB
 80af3a31ab5a Downloading 1.063GB
 80af3a31ab5a Downloading 1.063GB
 80af3a31ab5a Downloading 1.063GB
 80af3a31ab5a Downloading 1.063GB
 80af3a31ab5a Downloading 1.063GB
 80af3a31ab5a Downloading 1.063GB
 80af3a31ab5a Downloading 1.064GB
 80af3a31ab5a Downloading 1.064GB
 80af3a31ab5a Downloading 1.064GB
 80af3a31ab5a Downloading 1.064GB
 80af3a31ab5a Downloading 1.064GB
 80af3a31ab5a Downloading 1.064GB
 80af3a31ab5a Downloading 1.064GB
 80af3a31ab5a Downloading 1.064GB
 80af3a31ab5a Downloading 1.064GB
 80af3a31ab5a Downloading 1.065GB
 80af3a31ab5a Downloading 1.065GB
 80af3a31ab5a Downloading 1.065GB
 80af3a31ab5a Downloading 1.065GB
 80af3a31ab5a Downloading 1.065GB
 80af3a31ab5a Downloading 1.066GB
 80af3a31ab5a Downloading 1.066GB
 80af3a31ab5a Downloading 1.066GB
 80af3a31ab5a Downloading 1.067GB
 80af3a31ab5a Downloading 1.067GB
 80af3a31ab5a Downloading 1.068GB
 80af3a31ab5a Downloading 1.068GB
 80af3a31ab5a Downloading 1.068GB
 80af3a31ab5a Downloading 1.07GB
 80af3a31ab5a Downloading 1.07GB
 80af3a31ab5a Downloading 1.071GB
 80af3a31ab5a Downloading 1.071GB
 80af3a31ab5a Downloading 1.072GB
 80af3a31ab5a Downloading 1.072GB
 80af3a31ab5a Downloading 1.072GB
 80af3a31ab5a Downloading 1.073GB
 80af3a31ab5a Downloading 1.073GB
 80af3a31ab5a Downloading 1.074GB
 80af3a31ab5a Downloading 1.074GB
 80af3a31ab5a Downloading 1.074GB
 80af3a31ab5a Downloading 1.075GB
 80af3a31ab5a Downloading 1.075GB
 80af3a31ab5a Downloading 1.076GB
 80af3a31ab5a Downloading 1.076GB
 80af3a31ab5a Downloading 1.076GB
 80af3a31ab5a Downloading 1.077GB
 80af3a31ab5a Downloading 1.077GB
 80af3a31ab5a Downloading 1.078GB
 80af3a31ab5a Downloading 1.078GB
 80af3a31ab5a Downloading 1.078GB
 80af3a31ab5a Downloading 1.079GB
 80af3a31ab5a Downloading 1.079GB
 80af3a31ab5a Downloading 1.08GB
 80af3a31ab5a Downloading 1.08GB
 80af3a31ab5a Downloading 1.081GB
 80af3a31ab5a Downloading 1.081GB
 80af3a31ab5a Downloading 1.081GB
 80af3a31ab5a Downloading 1.082GB
 80af3a31ab5a Downloading 1.082GB
 80af3a31ab5a Downloading 1.083GB
 80af3a31ab5a Downloading 1.083GB
 80af3a31ab5a Downloading 1.083GB
 80af3a31ab5a Downloading 1.084GB
 80af3a31ab5a Downloading 1.084GB
 80af3a31ab5a Downloading 1.085GB
 80af3a31ab5a Downloading 1.085GB
 80af3a31ab5a Downloading 1.086GB
 80af3a31ab5a Downloading 1.086GB
 80af3a31ab5a Downloading 1.086GB
 80af3a31ab5a Downloading 1.087GB
 80af3a31ab5a Downloading 1.087GB
 80af3a31ab5a Downloading 1.088GB
 80af3a31ab5a Downloading 1.088GB
 80af3a31ab5a Downloading 1.089GB
 80af3a31ab5a Downloading 1.089GB
 80af3a31ab5a Downloading 1.089GB
 80af3a31ab5a Downloading 1.091GB
 80af3a31ab5a Downloading 1.091GB
 80af3a31ab5a Downloading 1.092GB
 80af3a31ab5a Downloading 1.092GB
 80af3a31ab5a Downloading 1.092GB
 80af3a31ab5a Downloading 1.093GB
 80af3a31ab5a Downloading 1.093GB
 80af3a31ab5a Downloading 1.094GB
 80af3a31ab5a Downloading 1.094GB
 80af3a31ab5a Downloading 1.094GB
 80af3a31ab5a Downloading 1.095GB
 80af3a31ab5a Downloading 1.095GB
 80af3a31ab5a Downloading 1.096GB
 80af3a31ab5a Downloading 1.096GB
 80af3a31ab5a Downloading 1.097GB
 80af3a31ab5a Downloading 1.097GB
 80af3a31ab5a Downloading 1.098GB
 80af3a31ab5a Downloading 1.098GB
 80af3a31ab5a Downloading 1.099GB
 80af3a31ab5a Downloading 1.099GB
 80af3a31ab5a Downloading 1.1GB
 80af3a31ab5a Downloading 1.1GB
 80af3a31ab5a Downloading 1.101GB
 80af3a31ab5a Downloading 1.101GB
 80af3a31ab5a Downloading 1.102GB
 80af3a31ab5a Downloading 1.102GB
 80af3a31ab5a Downloading 1.103GB
 80af3a31ab5a Downloading 1.103GB
 80af3a31ab5a Downloading 1.104GB
 80af3a31ab5a Downloading 1.104GB
 80af3a31ab5a Downloading 1.105GB
 80af3a31ab5a Downloading 1.105GB
 80af3a31ab5a Downloading 1.106GB
 80af3a31ab5a Downloading 1.106GB
 80af3a31ab5a Downloading 1.106GB
 80af3a31ab5a Downloading 1.107GB
 80af3a31ab5a Downloading 1.107GB
 80af3a31ab5a Downloading 1.108GB
 80af3a31ab5a Downloading 1.108GB
 80af3a31ab5a Downloading 1.108GB
 80af3a31ab5a Downloading 1.109GB
 80af3a31ab5a Downloading 1.109GB
 80af3a31ab5a Downloading 1.109GB
 80af3a31ab5a Downloading 1.11GB
 80af3a31ab5a Downloading 1.11GB
 80af3a31ab5a Downloading 1.11GB
 80af3a31ab5a Downloading 1.111GB
 80af3a31ab5a Downloading 1.111GB
 80af3a31ab5a Downloading 1.111GB
 80af3a31ab5a Downloading 1.113GB
 80af3a31ab5a Downloading 1.113GB
 80af3a31ab5a Downloading 1.113GB
 80af3a31ab5a Downloading 1.114GB
 80af3a31ab5a Downloading 1.114GB
 80af3a31ab5a Downloading 1.115GB
 80af3a31ab5a Downloading 1.115GB
 80af3a31ab5a Downloading 1.115GB
 80af3a31ab5a Downloading 1.116GB
 80af3a31ab5a Downloading 1.116GB
 80af3a31ab5a Downloading 1.117GB
 80af3a31ab5a Downloading 1.117GB
 80af3a31ab5a Downloading 1.118GB
 80af3a31ab5a Downloading 1.118GB
 80af3a31ab5a Downloading 1.118GB
 80af3a31ab5a Downloading 1.119GB
 80af3a31ab5a Downloading 1.119GB
 80af3a31ab5a Downloading 1.12GB
 80af3a31ab5a Downloading 1.12GB
 80af3a31ab5a Downloading 1.121GB
 80af3a31ab5a Downloading 1.121GB
 80af3a31ab5a Downloading 1.122GB
 80af3a31ab5a Downloading 1.122GB
 80af3a31ab5a Downloading 1.123GB
 80af3a31ab5a Downloading 1.123GB
 80af3a31ab5a Downloading 1.124GB
 80af3a31ab5a Downloading 1.124GB
 80af3a31ab5a Downloading 1.125GB
 80af3a31ab5a Downloading 1.125GB
 80af3a31ab5a Downloading 1.126GB
 80af3a31ab5a Downloading 1.126GB
 80af3a31ab5a Downloading 1.127GB
 80af3a31ab5a Downloading 1.127GB
 80af3a31ab5a Downloading 1.128GB
 80af3a31ab5a Downloading 1.128GB
 80af3a31ab5a Downloading 1.128GB
 80af3a31ab5a Downloading 1.129GB
 80af3a31ab5a Downloading 1.129GB
 80af3a31ab5a Downloading 1.13GB
 80af3a31ab5a Downloading 1.13GB
 80af3a31ab5a Downloading 1.13GB
 80af3a31ab5a Downloading 1.131GB
 80af3a31ab5a Downloading 1.131GB
 80af3a31ab5a Downloading 1.132GB
 80af3a31ab5a Downloading 1.132GB
 80af3a31ab5a Downloading 1.132GB
 80af3a31ab5a Downloading 1.134GB
 80af3a31ab5a Downloading 1.135GB
 80af3a31ab5a Downloading 1.135GB
 80af3a31ab5a Downloading 1.135GB
 80af3a31ab5a Downloading 1.136GB
 80af3a31ab5a Downloading 1.136GB
 80af3a31ab5a Downloading 1.137GB
 80af3a31ab5a Downloading 1.137GB
 80af3a31ab5a Downloading 1.138GB
 80af3a31ab5a Downloading 1.138GB
 80af3a31ab5a Downloading 1.139GB
 80af3a31ab5a Downloading 1.139GB
 80af3a31ab5a Downloading 1.14GB
 80af3a31ab5a Downloading 1.14GB
 80af3a31ab5a Downloading 1.141GB
 80af3a31ab5a Downloading 1.141GB
 80af3a31ab5a Downloading 1.142GB
 80af3a31ab5a Downloading 1.142GB
 80af3a31ab5a Downloading 1.143GB
 80af3a31ab5a Downloading 1.143GB
 80af3a31ab5a Downloading 1.144GB
 80af3a31ab5a Downloading 1.144GB
 80af3a31ab5a Downloading 1.145GB
 80af3a31ab5a Downloading 1.145GB
 80af3a31ab5a Downloading 1.146GB
 80af3a31ab5a Downloading 1.146GB
 80af3a31ab5a Downloading 1.147GB
 80af3a31ab5a Downloading 1.147GB
 80af3a31ab5a Downloading 1.148GB
 80af3a31ab5a Downloading 1.148GB
 80af3a31ab5a Downloading 1.149GB
 80af3a31ab5a Downloading 1.149GB
 80af3a31ab5a Downloading 1.15GB
 80af3a31ab5a Downloading 1.15GB
 80af3a31ab5a Downloading 1.151GB
 80af3a31ab5a Downloading 1.151GB
 80af3a31ab5a Downloading 1.152GB
 80af3a31ab5a Downloading 1.152GB
 80af3a31ab5a Downloading 1.153GB
 80af3a31ab5a Downloading 1.153GB
 80af3a31ab5a Downloading 1.154GB
 80af3a31ab5a Downloading 1.154GB
 80af3a31ab5a Downloading 1.156GB
 80af3a31ab5a Downloading 1.156GB
 80af3a31ab5a Downloading 1.157GB
 80af3a31ab5a Downloading 1.157GB
 80af3a31ab5a Downloading 1.158GB
 80af3a31ab5a Downloading 1.159GB
 80af3a31ab5a Downloading 1.159GB
 80af3a31ab5a Downloading 1.16GB
 80af3a31ab5a Downloading 1.16GB
 80af3a31ab5a Downloading 1.161GB
 80af3a31ab5a Downloading 1.161GB
 80af3a31ab5a Downloading 1.162GB
 80af3a31ab5a Downloading 1.162GB
 80af3a31ab5a Downloading 1.163GB
 80af3a31ab5a Downloading 1.163GB
 80af3a31ab5a Downloading 1.164GB
 80af3a31ab5a Downloading 1.164GB
 80af3a31ab5a Downloading 1.164GB
 80af3a31ab5a Downloading 1.165GB
 80af3a31ab5a Downloading 1.165GB
 80af3a31ab5a Downloading 1.166GB
 80af3a31ab5a Downloading 1.166GB
 80af3a31ab5a Downloading 1.167GB
 80af3a31ab5a Downloading 1.167GB
 80af3a31ab5a Downloading 1.168GB
 80af3a31ab5a Downloading 1.169GB
 80af3a31ab5a Downloading 1.169GB
 80af3a31ab5a Downloading 1.17GB
 80af3a31ab5a Downloading 1.17GB
 80af3a31ab5a Downloading 1.17GB
 80af3a31ab5a Downloading 1.171GB
 80af3a31ab5a Downloading 1.172GB
 80af3a31ab5a Downloading 1.172GB
 80af3a31ab5a Downloading 1.173GB
 80af3a31ab5a Downloading 1.173GB
 80af3a31ab5a Downloading 1.174GB
 80af3a31ab5a Downloading 1.174GB
 80af3a31ab5a Downloading 1.175GB
 80af3a31ab5a Downloading 1.175GB
 80af3a31ab5a Downloading 1.177GB
 80af3a31ab5a Downloading 1.177GB
 80af3a31ab5a Downloading 1.178GB
 80af3a31ab5a Downloading 1.178GB
 80af3a31ab5a Downloading 1.179GB
 80af3a31ab5a Downloading 1.179GB
 80af3a31ab5a Downloading 1.18GB
 80af3a31ab5a Downloading 1.18GB
 80af3a31ab5a Downloading 1.18GB
 80af3a31ab5a Downloading 1.181GB
 80af3a31ab5a Downloading 1.181GB
 80af3a31ab5a Downloading 1.181GB
 80af3a31ab5a Downloading 1.182GB
 80af3a31ab5a Downloading 1.182GB
 80af3a31ab5a Downloading 1.183GB
 80af3a31ab5a Downloading 1.183GB
 80af3a31ab5a Downloading 1.183GB
 80af3a31ab5a Downloading 1.184GB
 80af3a31ab5a Downloading 1.184GB
 80af3a31ab5a Downloading 1.184GB
 80af3a31ab5a Downloading 1.185GB
 80af3a31ab5a Downloading 1.185GB
 80af3a31ab5a Downloading 1.186GB
 80af3a31ab5a Downloading 1.186GB
 80af3a31ab5a Downloading 1.187GB
 80af3a31ab5a Downloading 1.187GB
 80af3a31ab5a Downloading 1.188GB
 80af3a31ab5a Downloading 1.188GB
 80af3a31ab5a Downloading 1.188GB
 80af3a31ab5a Downloading 1.189GB
 80af3a31ab5a Downloading 1.189GB
 80af3a31ab5a Downloading 1.19GB
 80af3a31ab5a Downloading 1.19GB
 80af3a31ab5a Downloading 1.191GB
 80af3a31ab5a Downloading 1.191GB
 80af3a31ab5a Downloading 1.192GB
 80af3a31ab5a Downloading 1.192GB
 80af3a31ab5a Downloading 1.193GB
 80af3a31ab5a Downloading 1.194GB
 80af3a31ab5a Downloading 1.194GB
 80af3a31ab5a Downloading 1.195GB
 80af3a31ab5a Downloading 1.195GB
 80af3a31ab5a Downloading 1.196GB
 80af3a31ab5a Downloading 1.196GB
 80af3a31ab5a Downloading 1.197GB
 80af3a31ab5a Downloading 1.197GB
 80af3a31ab5a Downloading 1.199GB
 80af3a31ab5a Downloading 1.199GB
 80af3a31ab5a Downloading 1.2GB
 80af3a31ab5a Downloading 1.2GB
 80af3a31ab5a Downloading 1.201GB
 80af3a31ab5a Downloading 1.201GB
 80af3a31ab5a Downloading 1.202GB
 80af3a31ab5a Downloading 1.202GB
 80af3a31ab5a Downloading 1.203GB
 80af3a31ab5a Downloading 1.203GB
 80af3a31ab5a Downloading 1.204GB
 80af3a31ab5a Downloading 1.204GB
 80af3a31ab5a Downloading 1.205GB
 80af3a31ab5a Downloading 1.206GB
 80af3a31ab5a Downloading 1.206GB
 80af3a31ab5a Downloading 1.207GB
 80af3a31ab5a Downloading 1.207GB
 80af3a31ab5a Downloading 1.208GB
 80af3a31ab5a Downloading 1.208GB
 80af3a31ab5a Downloading 1.209GB
 80af3a31ab5a Downloading 1.209GB
 80af3a31ab5a Downloading 1.209GB
 80af3a31ab5a Downloading 1.21GB
 80af3a31ab5a Downloading 1.211GB
 80af3a31ab5a Downloading 1.211GB
 80af3a31ab5a Downloading 1.211GB
 80af3a31ab5a Downloading 1.212GB
 80af3a31ab5a Downloading 1.213GB
 80af3a31ab5a Downloading 1.213GB
 80af3a31ab5a Downloading 1.214GB
 80af3a31ab5a Downloading 1.214GB
 80af3a31ab5a Downloading 1.215GB
 80af3a31ab5a Downloading 1.215GB
 80af3a31ab5a Downloading 1.216GB
 80af3a31ab5a Downloading 1.216GB
 80af3a31ab5a Downloading 1.217GB
 80af3a31ab5a Downloading 1.217GB
 80af3a31ab5a Downloading 1.218GB
 80af3a31ab5a Downloading 1.218GB
 80af3a31ab5a Downloading 1.219GB
 80af3a31ab5a Downloading 1.219GB
 80af3a31ab5a Downloading 1.221GB
 80af3a31ab5a Downloading 1.221GB
 80af3a31ab5a Downloading 1.222GB
 80af3a31ab5a Downloading 1.223GB
 80af3a31ab5a Downloading 1.223GB
 80af3a31ab5a Downloading 1.223GB
 80af3a31ab5a Downloading 1.224GB
 80af3a31ab5a Downloading 1.224GB
 80af3a31ab5a Downloading 1.225GB
 80af3a31ab5a Downloading 1.225GB
 80af3a31ab5a Downloading 1.226GB
 80af3a31ab5a Downloading 1.226GB
 80af3a31ab5a Downloading 1.226GB
 80af3a31ab5a Downloading 1.227GB
 80af3a31ab5a Downloading 1.227GB
 80af3a31ab5a Downloading 1.228GB
 80af3a31ab5a Downloading 1.228GB
 80af3a31ab5a Downloading 1.229GB
 80af3a31ab5a Downloading 1.229GB
 80af3a31ab5a Downloading 1.229GB
 80af3a31ab5a Downloading 1.23GB
 80af3a31ab5a Downloading 1.23GB
 80af3a31ab5a Downloading 1.231GB
 80af3a31ab5a Downloading 1.231GB
 80af3a31ab5a Downloading 1.232GB
 80af3a31ab5a Downloading 1.232GB
 80af3a31ab5a Downloading 1.232GB
 80af3a31ab5a Downloading 1.233GB
 80af3a31ab5a Downloading 1.233GB
 80af3a31ab5a Downloading 1.234GB
 80af3a31ab5a Downloading 1.234GB
 80af3a31ab5a Downloading 1.235GB
 80af3a31ab5a Downloading 1.235GB
 80af3a31ab5a Downloading 1.235GB
 80af3a31ab5a Downloading 1.236GB
 80af3a31ab5a Downloading 1.236GB
 80af3a31ab5a Downloading 1.237GB
 80af3a31ab5a Downloading 1.237GB
 80af3a31ab5a Downloading 1.238GB
 80af3a31ab5a Downloading 1.238GB
 80af3a31ab5a Downloading 1.239GB
 80af3a31ab5a Downloading 1.239GB
 80af3a31ab5a Downloading 1.239GB
 80af3a31ab5a Downloading 1.24GB
 80af3a31ab5a Downloading 1.24GB
 80af3a31ab5a Downloading 1.242GB
 80af3a31ab5a Downloading 1.242GB
 80af3a31ab5a Downloading 1.243GB
 80af3a31ab5a Downloading 1.243GB
 80af3a31ab5a Downloading 1.244GB
 80af3a31ab5a Downloading 1.244GB
 80af3a31ab5a Downloading 1.245GB
 80af3a31ab5a Downloading 1.245GB
 80af3a31ab5a Downloading 1.245GB
 80af3a31ab5a Downloading 1.246GB
 80af3a31ab5a Downloading 1.246GB
 80af3a31ab5a Downloading 1.247GB
 80af3a31ab5a Downloading 1.247GB
 80af3a31ab5a Downloading 1.248GB
 80af3a31ab5a Downloading 1.248GB
 80af3a31ab5a Downloading 1.249GB
 80af3a31ab5a Downloading 1.249GB
 80af3a31ab5a Downloading 1.25GB
 80af3a31ab5a Downloading 1.25GB
 80af3a31ab5a Downloading 1.25GB
 80af3a31ab5a Downloading 1.251GB
 80af3a31ab5a Downloading 1.251GB
 80af3a31ab5a Downloading 1.252GB
 80af3a31ab5a Downloading 1.252GB
 80af3a31ab5a Downloading 1.253GB
 80af3a31ab5a Downloading 1.253GB
 80af3a31ab5a Downloading 1.254GB
 80af3a31ab5a Downloading 1.254GB
 80af3a31ab5a Downloading 1.255GB
 80af3a31ab5a Downloading 1.255GB
 80af3a31ab5a Downloading 1.255GB
 80af3a31ab5a Downloading 1.256GB
 80af3a31ab5a Downloading 1.256GB
 80af3a31ab5a Downloading 1.257GB
 80af3a31ab5a Downloading 1.257GB
 80af3a31ab5a Downloading 1.258GB
 80af3a31ab5a Downloading 1.258GB
 80af3a31ab5a Downloading 1.259GB
 80af3a31ab5a Downloading 1.259GB
 80af3a31ab5a Downloading 1.26GB
 80af3a31ab5a Downloading 1.26GB
 80af3a31ab5a Downloading 1.261GB
 80af3a31ab5a Downloading 1.261GB
 80af3a31ab5a Downloading 1.262GB
 80af3a31ab5a Downloading 1.262GB
 80af3a31ab5a Downloading 1.264GB
 80af3a31ab5a Downloading 1.265GB
 80af3a31ab5a Downloading 1.265GB
 80af3a31ab5a Downloading 1.266GB
 80af3a31ab5a Downloading 1.266GB
 80af3a31ab5a Downloading 1.266GB
 80af3a31ab5a Downloading 1.266GB
 80af3a31ab5a Downloading 1.266GB
 80af3a31ab5a Downloading 1.266GB
 80af3a31ab5a Downloading 1.266GB
 80af3a31ab5a Downloading 1.266GB
 80af3a31ab5a Downloading 1.267GB
 80af3a31ab5a Downloading 1.267GB
 80af3a31ab5a Downloading 1.267GB
 80af3a31ab5a Downloading 1.268GB
 80af3a31ab5a Downloading 1.268GB
 80af3a31ab5a Downloading 1.269GB
 80af3a31ab5a Downloading 1.269GB
 80af3a31ab5a Downloading 1.269GB
 80af3a31ab5a Downloading 1.27GB
 80af3a31ab5a Downloading 1.27GB
 80af3a31ab5a Downloading 1.271GB
 80af3a31ab5a Downloading 1.271GB
 80af3a31ab5a Downloading 1.272GB
 80af3a31ab5a Downloading 1.272GB
 80af3a31ab5a Downloading 1.273GB
 80af3a31ab5a Downloading 1.273GB
 80af3a31ab5a Downloading 1.273GB
 80af3a31ab5a Downloading 1.274GB
 80af3a31ab5a Downloading 1.274GB
 80af3a31ab5a Downloading 1.275GB
 80af3a31ab5a Downloading 1.275GB
 80af3a31ab5a Downloading 1.275GB
 80af3a31ab5a Downloading 1.276GB
 80af3a31ab5a Downloading 1.276GB
 80af3a31ab5a Downloading 1.276GB
 80af3a31ab5a Downloading 1.277GB
 80af3a31ab5a Downloading 1.277GB
 80af3a31ab5a Downloading 1.278GB
 80af3a31ab5a Downloading 1.278GB
 80af3a31ab5a Downloading 1.279GB
 80af3a31ab5a Downloading 1.279GB
 80af3a31ab5a Downloading 1.28GB
 80af3a31ab5a Downloading 1.28GB
 80af3a31ab5a Downloading 1.28GB
 80af3a31ab5a Downloading 1.281GB
 80af3a31ab5a Downloading 1.281GB
 80af3a31ab5a Downloading 1.282GB
 80af3a31ab5a Downloading 1.282GB
 80af3a31ab5a Downloading 1.283GB
 80af3a31ab5a Downloading 1.283GB
 80af3a31ab5a Downloading 1.285GB
 80af3a31ab5a Downloading 1.285GB
 80af3a31ab5a Downloading 1.286GB
 80af3a31ab5a Downloading 1.286GB
 80af3a31ab5a Downloading 1.287GB
 80af3a31ab5a Downloading 1.288GB
 80af3a31ab5a Downloading 1.288GB
 80af3a31ab5a Downloading 1.288GB
 80af3a31ab5a Downloading 1.289GB
 80af3a31ab5a Downloading 1.29GB
 80af3a31ab5a Downloading 1.29GB
 80af3a31ab5a Downloading 1.291GB
 80af3a31ab5a Downloading 1.291GB
 80af3a31ab5a Downloading 1.292GB
 80af3a31ab5a Downloading 1.292GB
 80af3a31ab5a Downloading 1.292GB
 80af3a31ab5a Downloading 1.293GB
 80af3a31ab5a Downloading 1.293GB
 80af3a31ab5a Downloading 1.294GB
 80af3a31ab5a Downloading 1.295GB
 80af3a31ab5a Downloading 1.295GB
 80af3a31ab5a Downloading 1.296GB
 80af3a31ab5a Downloading 1.296GB
 80af3a31ab5a Downloading 1.297GB
 80af3a31ab5a Downloading 1.297GB
 80af3a31ab5a Downloading 1.298GB
 80af3a31ab5a Downloading 1.298GB
 80af3a31ab5a Downloading 1.299GB
 80af3a31ab5a Downloading 1.299GB
 80af3a31ab5a Downloading 1.3GB
 80af3a31ab5a Downloading 1.3GB
 80af3a31ab5a Downloading 1.301GB
 80af3a31ab5a Downloading 1.301GB
 80af3a31ab5a Downloading 1.302GB
 80af3a31ab5a Downloading 1.302GB
 80af3a31ab5a Downloading 1.303GB
 80af3a31ab5a Downloading 1.303GB
 80af3a31ab5a Downloading 1.304GB
 80af3a31ab5a Downloading 1.304GB
 80af3a31ab5a Downloading 1.305GB
 80af3a31ab5a Downloading 1.305GB
 80af3a31ab5a Downloading 1.307GB
 80af3a31ab5a Downloading 1.307GB
 80af3a31ab5a Downloading 1.308GB
 80af3a31ab5a Downloading 1.308GB
 80af3a31ab5a Downloading 1.309GB
 80af3a31ab5a Downloading 1.31GB
 80af3a31ab5a Downloading 1.31GB
 80af3a31ab5a Downloading 1.311GB
 80af3a31ab5a Downloading 1.311GB
 80af3a31ab5a Downloading 1.312GB
 80af3a31ab5a Downloading 1.312GB
 80af3a31ab5a Downloading 1.313GB
 80af3a31ab5a Downloading 1.313GB
 80af3a31ab5a Downloading 1.314GB
 80af3a31ab5a Downloading 1.314GB
 80af3a31ab5a Downloading 1.315GB
 80af3a31ab5a Downloading 1.315GB
 80af3a31ab5a Downloading 1.316GB
 80af3a31ab5a Downloading 1.316GB
 80af3a31ab5a Downloading 1.317GB
 80af3a31ab5a Downloading 1.317GB
 80af3a31ab5a Downloading 1.318GB
 80af3a31ab5a Downloading 1.318GB
 80af3a31ab5a Downloading 1.319GB
 80af3a31ab5a Downloading 1.319GB
 80af3a31ab5a Downloading 1.32GB
 80af3a31ab5a Downloading 1.32GB
 80af3a31ab5a Downloading 1.321GB
 80af3a31ab5a Downloading 1.321GB
 80af3a31ab5a Downloading 1.322GB
 80af3a31ab5a Downloading 1.322GB
 80af3a31ab5a Downloading 1.323GB
 80af3a31ab5a Downloading 1.323GB
 80af3a31ab5a Downloading 1.324GB
 80af3a31ab5a Downloading 1.324GB
 80af3a31ab5a Downloading 1.325GB
 80af3a31ab5a Downloading 1.325GB
 80af3a31ab5a Downloading 1.326GB
 80af3a31ab5a Downloading 1.326GB
 80af3a31ab5a Downloading 1.327GB
 80af3a31ab5a Downloading 1.329GB
 80af3a31ab5a Downloading 1.329GB
 80af3a31ab5a Downloading 1.33GB
 80af3a31ab5a Downloading 1.33GB
 80af3a31ab5a Downloading 1.331GB
 80af3a31ab5a Downloading 1.331GB
 80af3a31ab5a Downloading 1.332GB
 80af3a31ab5a Downloading 1.332GB
 80af3a31ab5a Downloading 1.333GB
 80af3a31ab5a Downloading 1.333GB
 80af3a31ab5a Downloading 1.334GB
 80af3a31ab5a Downloading 1.334GB
 80af3a31ab5a Downloading 1.335GB
 80af3a31ab5a Downloading 1.335GB
 80af3a31ab5a Downloading 1.336GB
 80af3a31ab5a Downloading 1.336GB
 80af3a31ab5a Downloading 1.337GB
 80af3a31ab5a Downloading 1.337GB
 80af3a31ab5a Downloading 1.338GB
 80af3a31ab5a Downloading 1.338GB
 80af3a31ab5a Downloading 1.339GB
 80af3a31ab5a Downloading 1.339GB
 80af3a31ab5a Downloading 1.34GB
 80af3a31ab5a Downloading 1.34GB
 80af3a31ab5a Downloading 1.341GB
 80af3a31ab5a Downloading 1.341GB
 80af3a31ab5a Downloading 1.342GB
 80af3a31ab5a Downloading 1.342GB
 80af3a31ab5a Downloading 1.343GB
 80af3a31ab5a Downloading 1.343GB
 80af3a31ab5a Downloading 1.344GB
 80af3a31ab5a Downloading 1.344GB
 80af3a31ab5a Downloading 1.345GB
 80af3a31ab5a Downloading 1.345GB
 80af3a31ab5a Downloading 1.346GB
 80af3a31ab5a Downloading 1.346GB
 80af3a31ab5a Downloading 1.346GB
 80af3a31ab5a Downloading 1.347GB
 80af3a31ab5a Downloading 1.347GB
 80af3a31ab5a Downloading 1.348GB
 80af3a31ab5a Downloading 1.348GB
 80af3a31ab5a Downloading 1.35GB
 80af3a31ab5a Downloading 1.35GB
 80af3a31ab5a Downloading 1.351GB
 80af3a31ab5a Downloading 1.351GB
 80af3a31ab5a Downloading 1.352GB
 80af3a31ab5a Downloading 1.352GB
 80af3a31ab5a Downloading 1.353GB
 80af3a31ab5a Downloading 1.353GB
 80af3a31ab5a Downloading 1.354GB
 80af3a31ab5a Downloading 1.354GB
 80af3a31ab5a Downloading 1.354GB
 80af3a31ab5a Downloading 1.355GB
 80af3a31ab5a Downloading 1.355GB
 80af3a31ab5a Downloading 1.356GB
 80af3a31ab5a Downloading 1.356GB
 80af3a31ab5a Downloading 1.357GB
 80af3a31ab5a Downloading 1.357GB
 80af3a31ab5a Downloading 1.357GB
 80af3a31ab5a Downloading 1.358GB
 80af3a31ab5a Downloading 1.358GB
 80af3a31ab5a Downloading 1.359GB
 80af3a31ab5a Downloading 1.359GB
 80af3a31ab5a Downloading 1.359GB
 80af3a31ab5a Downloading 1.36GB
 80af3a31ab5a Downloading 1.36GB
 80af3a31ab5a Downloading 1.361GB
 80af3a31ab5a Downloading 1.361GB
 80af3a31ab5a Downloading 1.361GB
 80af3a31ab5a Downloading 1.362GB
 80af3a31ab5a Downloading 1.362GB
 80af3a31ab5a Downloading 1.363GB
 80af3a31ab5a Downloading 1.363GB
 80af3a31ab5a Downloading 1.364GB
 80af3a31ab5a Downloading 1.364GB
 80af3a31ab5a Downloading 1.365GB
 80af3a31ab5a Downloading 1.365GB
 80af3a31ab5a Downloading 1.365GB
 80af3a31ab5a Downloading 1.366GB
 80af3a31ab5a Downloading 1.366GB
 80af3a31ab5a Downloading 1.367GB
 80af3a31ab5a Downloading 1.367GB
 80af3a31ab5a Downloading 1.368GB
 80af3a31ab5a Downloading 1.368GB
 80af3a31ab5a Downloading 1.369GB
 80af3a31ab5a Downloading 1.369GB
 80af3a31ab5a Downloading 1.369GB
 80af3a31ab5a Downloading 1.37GB
 80af3a31ab5a Downloading 1.37GB
 80af3a31ab5a Downloading 1.372GB
 80af3a31ab5a Downloading 1.372GB
 80af3a31ab5a Downloading 1.373GB
 80af3a31ab5a Downloading 1.373GB
 80af3a31ab5a Downloading 1.374GB
 80af3a31ab5a Downloading 1.374GB
 80af3a31ab5a Downloading 1.374GB
 80af3a31ab5a Downloading 1.375GB
 80af3a31ab5a Downloading 1.375GB
 80af3a31ab5a Downloading 1.376GB
 80af3a31ab5a Downloading 1.376GB
 80af3a31ab5a Downloading 1.377GB
 80af3a31ab5a Downloading 1.377GB
 80af3a31ab5a Downloading 1.378GB
 80af3a31ab5a Downloading 1.378GB
 80af3a31ab5a Downloading 1.378GB
 80af3a31ab5a Downloading 1.379GB
 80af3a31ab5a Downloading 1.379GB
 80af3a31ab5a Downloading 1.38GB
 80af3a31ab5a Downloading 1.38GB
 80af3a31ab5a Downloading 1.381GB
 80af3a31ab5a Downloading 1.381GB
 80af3a31ab5a Downloading 1.382GB
 80af3a31ab5a Downloading 1.382GB
 80af3a31ab5a Downloading 1.382GB
 80af3a31ab5a Downloading 1.383GB
 80af3a31ab5a Downloading 1.383GB
 80af3a31ab5a Downloading 1.384GB
 80af3a31ab5a Downloading 1.384GB
 80af3a31ab5a Downloading 1.385GB
 80af3a31ab5a Downloading 1.385GB
 80af3a31ab5a Downloading 1.385GB
 80af3a31ab5a Downloading 1.386GB
 80af3a31ab5a Downloading 1.386GB
 80af3a31ab5a Downloading 1.386GB
 80af3a31ab5a Downloading 1.387GB
 80af3a31ab5a Downloading 1.387GB
 80af3a31ab5a Downloading 1.387GB
 80af3a31ab5a Downloading 1.388GB
 80af3a31ab5a Downloading 1.388GB
 80af3a31ab5a Downloading 1.389GB
 80af3a31ab5a Downloading 1.389GB
 80af3a31ab5a Downloading 1.39GB
 80af3a31ab5a Downloading 1.39GB
 80af3a31ab5a Downloading 1.391GB
 80af3a31ab5a Downloading 1.391GB
 80af3a31ab5a Downloading 1.391GB
 80af3a31ab5a Downloading 1.393GB
 80af3a31ab5a Downloading 1.393GB
 80af3a31ab5a Downloading 1.394GB
 80af3a31ab5a Downloading 1.394GB
 80af3a31ab5a Downloading 1.395GB
 80af3a31ab5a Downloading 1.395GB
 80af3a31ab5a Downloading 1.396GB
 80af3a31ab5a Downloading 1.396GB
 80af3a31ab5a Downloading 1.396GB
 80af3a31ab5a Downloading 1.397GB
 80af3a31ab5a Downloading 1.397GB
 80af3a31ab5a Downloading 1.398GB
 80af3a31ab5a Downloading 1.398GB
 80af3a31ab5a Downloading 1.399GB
 80af3a31ab5a Downloading 1.399GB
 80af3a31ab5a Downloading 1.4GB
 80af3a31ab5a Downloading 1.4GB
 80af3a31ab5a Downloading 1.401GB
 80af3a31ab5a Downloading 1.401GB
 80af3a31ab5a Downloading 1.402GB
 80af3a31ab5a Downloading 1.402GB
 80af3a31ab5a Downloading 1.402GB
 80af3a31ab5a Downloading 1.403GB
 80af3a31ab5a Downloading 1.403GB
 80af3a31ab5a Downloading 1.404GB
 80af3a31ab5a Downloading 1.404GB
 80af3a31ab5a Downloading 1.405GB
 80af3a31ab5a Downloading 1.405GB
 80af3a31ab5a Downloading 1.406GB
 80af3a31ab5a Downloading 1.406GB
 80af3a31ab5a Downloading 1.407GB
 80af3a31ab5a Downloading 1.407GB
 80af3a31ab5a Downloading 1.407GB
 80af3a31ab5a Downloading 1.408GB
 80af3a31ab5a Downloading 1.408GB
 80af3a31ab5a Downloading 1.409GB
 80af3a31ab5a Downloading 1.409GB
 80af3a31ab5a Downloading 1.409GB
 80af3a31ab5a Downloading 1.409GB
 80af3a31ab5a Downloading 1.409GB
 80af3a31ab5a Downloading 1.41GB
 80af3a31ab5a Downloading 1.41GB
 80af3a31ab5a Downloading 1.41GB
 80af3a31ab5a Downloading 1.41GB
 80af3a31ab5a Downloading 1.41GB
 80af3a31ab5a Downloading 1.41GB
 80af3a31ab5a Downloading 1.41GB
 80af3a31ab5a Downloading 1.41GB
 80af3a31ab5a Downloading 1.41GB
 80af3a31ab5a Downloading 1.41GB
 80af3a31ab5a Downloading 1.41GB
 80af3a31ab5a Downloading 1.41GB
 80af3a31ab5a Downloading 1.411GB
 80af3a31ab5a Downloading 1.411GB
 80af3a31ab5a Downloading 1.411GB
 80af3a31ab5a Downloading 1.411GB
 80af3a31ab5a Downloading 1.411GB
 80af3a31ab5a Downloading 1.411GB
 80af3a31ab5a Downloading 1.411GB
 80af3a31ab5a Downloading 1.411GB
 80af3a31ab5a Downloading 1.411GB
 80af3a31ab5a Downloading 1.411GB
 80af3a31ab5a Downloading 1.411GB
 80af3a31ab5a Downloading 1.412GB
 80af3a31ab5a Downloading 1.412GB
 80af3a31ab5a Downloading 1.412GB
 80af3a31ab5a Downloading 1.412GB
 80af3a31ab5a Downloading 1.412GB
 80af3a31ab5a Downloading 1.412GB
 80af3a31ab5a Downloading 1.412GB
 80af3a31ab5a Downloading 1.412GB
 80af3a31ab5a Downloading 1.412GB
 80af3a31ab5a Downloading 1.412GB
 80af3a31ab5a Downloading 1.413GB
 80af3a31ab5a Downloading 1.413GB
 80af3a31ab5a Downloading 1.413GB
 80af3a31ab5a Downloading 1.413GB
 80af3a31ab5a Downloading 1.413GB
 80af3a31ab5a Downloading 1.413GB
 80af3a31ab5a Downloading 1.413GB
 80af3a31ab5a Downloading 1.413GB
 80af3a31ab5a Downloading 1.413GB
 80af3a31ab5a Downloading 1.415GB
 80af3a31ab5a Downloading 1.415GB
 80af3a31ab5a Downloading 1.415GB
 80af3a31ab5a Downloading 1.415GB
 80af3a31ab5a Downloading 1.415GB
 80af3a31ab5a Downloading 1.415GB
 80af3a31ab5a Downloading 1.415GB
 80af3a31ab5a Downloading 1.416GB
 80af3a31ab5a Downloading 1.416GB
 80af3a31ab5a Downloading 1.416GB
 80af3a31ab5a Downloading 1.417GB
 80af3a31ab5a Downloading 1.417GB
 80af3a31ab5a Downloading 1.418GB
 80af3a31ab5a Downloading 1.418GB
 80af3a31ab5a Downloading 1.419GB
 80af3a31ab5a Downloading 1.419GB
 80af3a31ab5a Downloading 1.419GB
 80af3a31ab5a Downloading 1.419GB
 80af3a31ab5a Downloading 1.419GB
 80af3a31ab5a Downloading 1.419GB
 80af3a31ab5a Downloading 1.419GB
 80af3a31ab5a Downloading 1.419GB
 80af3a31ab5a Downloading 1.42GB
 80af3a31ab5a Downloading 1.421GB
 80af3a31ab5a Downloading 1.422GB
 80af3a31ab5a Downloading 1.423GB
 80af3a31ab5a Downloading 1.423GB
 80af3a31ab5a Downloading 1.424GB
 80af3a31ab5a Downloading 1.424GB
 80af3a31ab5a Downloading 1.425GB
 80af3a31ab5a Downloading 1.425GB
 80af3a31ab5a Downloading 1.426GB
 80af3a31ab5a Downloading 1.426GB
 80af3a31ab5a Downloading 1.427GB
 80af3a31ab5a Downloading 1.427GB
 80af3a31ab5a Downloading 1.427GB
 80af3a31ab5a Downloading 1.428GB
 80af3a31ab5a Downloading 1.428GB
 80af3a31ab5a Downloading 1.429GB
 80af3a31ab5a Downloading 1.429GB
 80af3a31ab5a Downloading 1.43GB
 80af3a31ab5a Downloading 1.43GB
 80af3a31ab5a Downloading 1.43GB
 80af3a31ab5a Downloading 1.431GB
 80af3a31ab5a Downloading 1.431GB
 80af3a31ab5a Downloading 1.432GB
 80af3a31ab5a Downloading 1.432GB
 80af3a31ab5a Downloading 1.432GB
 80af3a31ab5a Downloading 1.432GB
 80af3a31ab5a Downloading 1.432GB
 80af3a31ab5a Downloading 1.433GB
 80af3a31ab5a Downloading 1.433GB
 80af3a31ab5a Downloading 1.434GB
 80af3a31ab5a Downloading 1.436GB
 80af3a31ab5a Downloading 1.436GB
 80af3a31ab5a Downloading 1.437GB
 80af3a31ab5a Downloading 1.437GB
 80af3a31ab5a Downloading 1.438GB
 80af3a31ab5a Downloading 1.438GB
 80af3a31ab5a Downloading 1.438GB
 80af3a31ab5a Downloading 1.439GB
 80af3a31ab5a Downloading 1.439GB
 80af3a31ab5a Downloading 1.44GB
 80af3a31ab5a Downloading 1.44GB
 80af3a31ab5a Downloading 1.44GB
 80af3a31ab5a Downloading 1.441GB
 80af3a31ab5a Downloading 1.441GB
 80af3a31ab5a Downloading 1.442GB
 80af3a31ab5a Downloading 1.442GB
 80af3a31ab5a Downloading 1.443GB
 80af3a31ab5a Downloading 1.443GB
 80af3a31ab5a Downloading 1.443GB
 80af3a31ab5a Downloading 1.444GB
 80af3a31ab5a Downloading 1.444GB
 80af3a31ab5a Downloading 1.445GB
 80af3a31ab5a Downloading 1.445GB
 80af3a31ab5a Downloading 1.446GB
 80af3a31ab5a Downloading 1.446GB
 80af3a31ab5a Downloading 1.447GB
 80af3a31ab5a Downloading 1.447GB
 80af3a31ab5a Downloading 1.448GB
 80af3a31ab5a Downloading 1.448GB
 80af3a31ab5a Downloading 1.449GB
 80af3a31ab5a Downloading 1.449GB
 80af3a31ab5a Downloading 1.45GB
 80af3a31ab5a Downloading 1.45GB
 80af3a31ab5a Downloading 1.451GB
 80af3a31ab5a Downloading 1.451GB
 80af3a31ab5a Downloading 1.452GB
 80af3a31ab5a Downloading 1.452GB
 80af3a31ab5a Downloading 1.453GB
 80af3a31ab5a Downloading 1.453GB
 80af3a31ab5a Downloading 1.454GB
 80af3a31ab5a Downloading 1.454GB
 80af3a31ab5a Downloading 1.455GB
 80af3a31ab5a Downloading 1.455GB
 80af3a31ab5a Downloading 1.456GB
 80af3a31ab5a Downloading 1.456GB
 80af3a31ab5a Downloading 1.458GB
 80af3a31ab5a Downloading 1.458GB
 80af3a31ab5a Downloading 1.459GB
 80af3a31ab5a Downloading 1.46GB
 80af3a31ab5a Downloading 1.46GB
 80af3a31ab5a Downloading 1.461GB
 80af3a31ab5a Downloading 1.461GB
 80af3a31ab5a Downloading 1.462GB
 80af3a31ab5a Downloading 1.462GB
 80af3a31ab5a Downloading 1.463GB
 80af3a31ab5a Downloading 1.464GB
 80af3a31ab5a Downloading 1.464GB
 80af3a31ab5a Downloading 1.465GB
 80af3a31ab5a Downloading 1.465GB
 80af3a31ab5a Downloading 1.466GB
 80af3a31ab5a Downloading 1.466GB
 80af3a31ab5a Downloading 1.467GB
 80af3a31ab5a Downloading 1.468GB
 80af3a31ab5a Downloading 1.468GB
 80af3a31ab5a Downloading 1.469GB
 80af3a31ab5a Downloading 1.47GB
 80af3a31ab5a Downloading 1.47GB
 80af3a31ab5a Downloading 1.471GB
 80af3a31ab5a Downloading 1.471GB
 80af3a31ab5a Downloading 1.472GB
 80af3a31ab5a Downloading 1.472GB
 80af3a31ab5a Downloading 1.473GB
 80af3a31ab5a Downloading 1.473GB
 80af3a31ab5a Downloading 1.474GB
 80af3a31ab5a Downloading 1.474GB
 80af3a31ab5a Downloading 1.475GB
 80af3a31ab5a Downloading 1.475GB
 80af3a31ab5a Downloading 1.476GB
 80af3a31ab5a Downloading 1.476GB
 80af3a31ab5a Downloading 1.477GB
 80af3a31ab5a Downloading 1.477GB
 80af3a31ab5a Downloading 1.478GB
 80af3a31ab5a Downloading 1.478GB
 80af3a31ab5a Downloading 1.48GB
 80af3a31ab5a Downloading 1.48GB
 80af3a31ab5a Downloading 1.481GB
 80af3a31ab5a Downloading 1.481GB
 80af3a31ab5a Downloading 1.482GB
 80af3a31ab5a Downloading 1.482GB
 80af3a31ab5a Downloading 1.482GB
 80af3a31ab5a Downloading 1.482GB
 80af3a31ab5a Downloading 1.482GB
 80af3a31ab5a Downloading 1.482GB
 80af3a31ab5a Downloading 1.482GB
 80af3a31ab5a Downloading 1.483GB
 80af3a31ab5a Downloading 1.483GB
 80af3a31ab5a Downloading 1.483GB
 80af3a31ab5a Downloading 1.483GB
 80af3a31ab5a Downloading 1.484GB
 80af3a31ab5a Downloading 1.484GB
 80af3a31ab5a Downloading 1.484GB
 80af3a31ab5a Downloading 1.485GB
 80af3a31ab5a Downloading 1.486GB
 80af3a31ab5a Downloading 1.486GB
 80af3a31ab5a Downloading 1.487GB
 80af3a31ab5a Downloading 1.487GB
 80af3a31ab5a Downloading 1.488GB
 80af3a31ab5a Downloading 1.488GB
 80af3a31ab5a Downloading 1.488GB
 80af3a31ab5a Downloading 1.488GB
 80af3a31ab5a Downloading 1.488GB
 80af3a31ab5a Downloading 1.488GB
 80af3a31ab5a Downloading 1.489GB
 80af3a31ab5a Downloading 1.49GB
 80af3a31ab5a Downloading 1.491GB
 80af3a31ab5a Downloading 1.492GB
 80af3a31ab5a Downloading 1.493GB
 80af3a31ab5a Downloading 1.493GB
 80af3a31ab5a Downloading 1.494GB
 80af3a31ab5a Downloading 1.494GB
 80af3a31ab5a Downloading 1.495GB
 80af3a31ab5a Downloading 1.495GB
 80af3a31ab5a Downloading 1.495GB
 80af3a31ab5a Downloading 1.496GB
 80af3a31ab5a Downloading 1.496GB
 80af3a31ab5a Downloading 1.497GB
 80af3a31ab5a Downloading 1.497GB
 80af3a31ab5a Downloading 1.498GB
 80af3a31ab5a Downloading 1.498GB
 80af3a31ab5a Downloading 1.499GB
 80af3a31ab5a Downloading 1.499GB
 80af3a31ab5a Downloading 1.501GB
 80af3a31ab5a Downloading 1.501GB
 80af3a31ab5a Downloading 1.502GB
 80af3a31ab5a Downloading 1.502GB
 80af3a31ab5a Downloading 1.502GB
 80af3a31ab5a Downloading 1.502GB
 80af3a31ab5a Downloading 1.502GB
 80af3a31ab5a Downloading 1.503GB
 80af3a31ab5a Downloading 1.504GB
 80af3a31ab5a Downloading 1.505GB
 80af3a31ab5a Downloading 1.505GB
 80af3a31ab5a Downloading 1.506GB
 80af3a31ab5a Downloading 1.507GB
 80af3a31ab5a Downloading 1.507GB
 80af3a31ab5a Downloading 1.508GB
 80af3a31ab5a Downloading 1.508GB
 80af3a31ab5a Downloading 1.509GB
 80af3a31ab5a Downloading 1.509GB
 80af3a31ab5a Downloading 1.51GB
 80af3a31ab5a Downloading 1.51GB
 80af3a31ab5a Downloading 1.511GB
 80af3a31ab5a Downloading 1.511GB
 80af3a31ab5a Downloading 1.512GB
 80af3a31ab5a Downloading 1.513GB
 80af3a31ab5a Downloading 1.513GB
 80af3a31ab5a Downloading 1.514GB
 80af3a31ab5a Downloading 1.514GB
 80af3a31ab5a Downloading 1.515GB
 80af3a31ab5a Downloading 1.515GB
 80af3a31ab5a Downloading 1.516GB
 80af3a31ab5a Downloading 1.516GB
 80af3a31ab5a Downloading 1.517GB
 80af3a31ab5a Downloading 1.517GB
 80af3a31ab5a Downloading 1.518GB
 80af3a31ab5a Downloading 1.518GB
 80af3a31ab5a Downloading 1.519GB
 80af3a31ab5a Downloading 1.519GB
 80af3a31ab5a Downloading 1.52GB
 80af3a31ab5a Downloading 1.52GB
 80af3a31ab5a Downloading 1.52GB
 80af3a31ab5a Downloading 1.521GB
 80af3a31ab5a Downloading 1.521GB
 80af3a31ab5a Downloading 1.523GB
 80af3a31ab5a Downloading 1.523GB
 80af3a31ab5a Downloading 1.523GB
 80af3a31ab5a Downloading 1.524GB
 80af3a31ab5a Downloading 1.524GB
 80af3a31ab5a Downloading 1.524GB
 80af3a31ab5a Downloading 1.525GB
 80af3a31ab5a Downloading 1.525GB
 80af3a31ab5a Downloading 1.526GB
 80af3a31ab5a Downloading 1.526GB
 80af3a31ab5a Downloading 1.526GB
 80af3a31ab5a Downloading 1.527GB
 80af3a31ab5a Downloading 1.527GB
 80af3a31ab5a Downloading 1.528GB
 80af3a31ab5a Downloading 1.528GB
 80af3a31ab5a Downloading 1.529GB
 80af3a31ab5a Downloading 1.529GB
 80af3a31ab5a Downloading 1.53GB
 80af3a31ab5a Downloading 1.53GB
 80af3a31ab5a Downloading 1.53GB
 80af3a31ab5a Downloading 1.531GB
 80af3a31ab5a Downloading 1.531GB
 80af3a31ab5a Downloading 1.532GB
 80af3a31ab5a Downloading 1.532GB
 80af3a31ab5a Downloading 1.533GB
 80af3a31ab5a Downloading 1.533GB
 80af3a31ab5a Downloading 1.533GB
 80af3a31ab5a Downloading 1.534GB
 80af3a31ab5a Downloading 1.534GB
 80af3a31ab5a Downloading 1.534GB
 80af3a31ab5a Downloading 1.534GB
 80af3a31ab5a Downloading 1.534GB
 80af3a31ab5a Downloading 1.534GB
 80af3a31ab5a Downloading 1.534GB
 80af3a31ab5a Downloading 1.534GB
 80af3a31ab5a Downloading 1.535GB
 80af3a31ab5a Downloading 1.536GB
 80af3a31ab5a Downloading 1.536GB
 80af3a31ab5a Downloading 1.537GB
 80af3a31ab5a Downloading 1.537GB
 80af3a31ab5a Downloading 1.537GB
 80af3a31ab5a Downloading 1.538GB
 80af3a31ab5a Downloading 1.538GB
 80af3a31ab5a Downloading 1.539GB
 80af3a31ab5a Downloading 1.539GB
 80af3a31ab5a Downloading 1.539GB
 80af3a31ab5a Downloading 1.54GB
 80af3a31ab5a Downloading 1.54GB
 80af3a31ab5a Downloading 1.541GB
 80af3a31ab5a Downloading 1.541GB
 80af3a31ab5a Downloading 1.542GB
 80af3a31ab5a Downloading 1.542GB
 80af3a31ab5a Downloading 1.544GB
 80af3a31ab5a Downloading 1.544GB
 80af3a31ab5a Downloading 1.545GB
 80af3a31ab5a Downloading 1.545GB
 80af3a31ab5a Downloading 1.546GB
 80af3a31ab5a Downloading 1.546GB
 80af3a31ab5a Downloading 1.547GB
 80af3a31ab5a Downloading 1.547GB
 80af3a31ab5a Downloading 1.548GB
 80af3a31ab5a Downloading 1.548GB
 80af3a31ab5a Downloading 1.549GB
 80af3a31ab5a Downloading 1.549GB
 80af3a31ab5a Downloading 1.55GB
 80af3a31ab5a Downloading 1.55GB
 80af3a31ab5a Downloading 1.551GB
 80af3a31ab5a Downloading 1.551GB
 80af3a31ab5a Downloading 1.551GB
 80af3a31ab5a Downloading 1.552GB
 80af3a31ab5a Downloading 1.552GB
 80af3a31ab5a Downloading 1.553GB
 80af3a31ab5a Downloading 1.553GB
 80af3a31ab5a Downloading 1.554GB
 80af3a31ab5a Downloading 1.554GB
 80af3a31ab5a Downloading 1.555GB
 80af3a31ab5a Downloading 1.555GB
 80af3a31ab5a Downloading 1.556GB
 80af3a31ab5a Downloading 1.556GB
 80af3a31ab5a Downloading 1.557GB
 80af3a31ab5a Downloading 1.557GB
 80af3a31ab5a Downloading 1.558GB
 80af3a31ab5a Downloading 1.558GB
 80af3a31ab5a Downloading 1.559GB
 80af3a31ab5a Downloading 1.559GB
 80af3a31ab5a Downloading 1.56GB
 80af3a31ab5a Downloading 1.56GB
 80af3a31ab5a Downloading 1.561GB
 80af3a31ab5a Downloading 1.562GB
 80af3a31ab5a Downloading 1.562GB
 80af3a31ab5a Downloading 1.563GB
 80af3a31ab5a Downloading 1.563GB
 80af3a31ab5a Downloading 1.564GB
 80af3a31ab5a Downloading 1.564GB
 80af3a31ab5a Downloading 1.566GB
 80af3a31ab5a Downloading 1.566GB
 80af3a31ab5a Downloading 1.567GB
 80af3a31ab5a Downloading 1.568GB
 80af3a31ab5a Downloading 1.568GB
 80af3a31ab5a Downloading 1.569GB
 80af3a31ab5a Downloading 1.569GB
 80af3a31ab5a Downloading 1.57GB
 80af3a31ab5a Downloading 1.57GB
 80af3a31ab5a Downloading 1.571GB
 80af3a31ab5a Downloading 1.571GB
 80af3a31ab5a Downloading 1.572GB
 80af3a31ab5a Downloading 1.572GB
 80af3a31ab5a Downloading 1.573GB
 80af3a31ab5a Downloading 1.573GB
 80af3a31ab5a Downloading 1.574GB
 80af3a31ab5a Downloading 1.574GB
 80af3a31ab5a Downloading 1.575GB
 80af3a31ab5a Downloading 1.575GB
 80af3a31ab5a Downloading 1.575GB
 80af3a31ab5a Downloading 1.576GB
 80af3a31ab5a Downloading 1.576GB
 80af3a31ab5a Downloading 1.577GB
 80af3a31ab5a Downloading 1.577GB
 80af3a31ab5a Downloading 1.578GB
 80af3a31ab5a Downloading 1.578GB
 80af3a31ab5a Downloading 1.579GB
 80af3a31ab5a Downloading 1.579GB
 80af3a31ab5a Downloading 1.58GB
 80af3a31ab5a Downloading 1.58GB
 80af3a31ab5a Downloading 1.58GB
 80af3a31ab5a Downloading 1.58GB
 80af3a31ab5a Downloading 1.58GB
 80af3a31ab5a Downloading 1.581GB
 80af3a31ab5a Downloading 1.582GB
 80af3a31ab5a Downloading 1.583GB
 80af3a31ab5a Downloading 1.584GB
 80af3a31ab5a Downloading 1.584GB
 80af3a31ab5a Downloading 1.585GB
 80af3a31ab5a Downloading 1.585GB
 80af3a31ab5a Downloading 1.585GB
 80af3a31ab5a Downloading 1.586GB
 80af3a31ab5a Downloading 1.588GB
 80af3a31ab5a Downloading 1.588GB
 80af3a31ab5a Downloading 1.589GB
 80af3a31ab5a Downloading 1.589GB
 80af3a31ab5a Downloading 1.59GB
 80af3a31ab5a Downloading 1.59GB
 80af3a31ab5a Downloading 1.591GB
 80af3a31ab5a Downloading 1.592GB
 80af3a31ab5a Downloading 1.592GB
 80af3a31ab5a Downloading 1.593GB
 80af3a31ab5a Downloading 1.593GB
 80af3a31ab5a Downloading 1.594GB
 80af3a31ab5a Downloading 1.595GB
 80af3a31ab5a Downloading 1.595GB
 80af3a31ab5a Downloading 1.596GB
 80af3a31ab5a Downloading 1.596GB
 80af3a31ab5a Downloading 1.597GB
 80af3a31ab5a Downloading 1.597GB
 80af3a31ab5a Downloading 1.598GB
 80af3a31ab5a Downloading 1.599GB
 80af3a31ab5a Downloading 1.599GB
 80af3a31ab5a Downloading 1.6GB
 80af3a31ab5a Downloading 1.6GB
 80af3a31ab5a Downloading 1.601GB
 80af3a31ab5a Downloading 1.601GB
 80af3a31ab5a Downloading 1.602GB
 80af3a31ab5a Downloading 1.603GB
 80af3a31ab5a Downloading 1.603GB
 80af3a31ab5a Downloading 1.604GB
 80af3a31ab5a Downloading 1.604GB
 80af3a31ab5a Downloading 1.604GB
 80af3a31ab5a Downloading 1.605GB
 80af3a31ab5a Downloading 1.605GB
 80af3a31ab5a Downloading 1.606GB
 80af3a31ab5a Downloading 1.606GB
 80af3a31ab5a Downloading 1.607GB
 80af3a31ab5a Downloading 1.607GB
 80af3a31ab5a Downloading 1.607GB
 80af3a31ab5a Downloading 1.607GB
 80af3a31ab5a Downloading 1.607GB
 80af3a31ab5a Downloading 1.609GB
 80af3a31ab5a Downloading 1.611GB
 80af3a31ab5a Downloading 1.611GB
 80af3a31ab5a Downloading 1.612GB
 80af3a31ab5a Downloading 1.612GB
 80af3a31ab5a Downloading 1.613GB
 80af3a31ab5a Downloading 1.613GB
 80af3a31ab5a Downloading 1.614GB
 80af3a31ab5a Downloading 1.615GB
 80af3a31ab5a Downloading 1.615GB
 80af3a31ab5a Downloading 1.616GB
 80af3a31ab5a Downloading 1.616GB
 80af3a31ab5a Downloading 1.617GB
 80af3a31ab5a Downloading 1.617GB
 80af3a31ab5a Downloading 1.618GB
 80af3a31ab5a Downloading 1.618GB
 80af3a31ab5a Downloading 1.619GB
 80af3a31ab5a Downloading 1.619GB
 80af3a31ab5a Downloading 1.619GB
 80af3a31ab5a Downloading 1.62GB
 80af3a31ab5a Downloading 1.62GB
 80af3a31ab5a Downloading 1.621GB
 80af3a31ab5a Downloading 1.621GB
 80af3a31ab5a Downloading 1.622GB
 80af3a31ab5a Downloading 1.622GB
 80af3a31ab5a Downloading 1.622GB
 80af3a31ab5a Downloading 1.622GB
 80af3a31ab5a Downloading 1.623GB
 80af3a31ab5a Downloading 1.623GB
 80af3a31ab5a Downloading 1.624GB
 80af3a31ab5a Downloading 1.624GB
 80af3a31ab5a Downloading 1.624GB
 80af3a31ab5a Downloading 1.625GB
 80af3a31ab5a Downloading 1.625GB
 80af3a31ab5a Downloading 1.626GB
 80af3a31ab5a Downloading 1.626GB
 80af3a31ab5a Downloading 1.627GB
 80af3a31ab5a Downloading 1.627GB
 80af3a31ab5a Downloading 1.628GB
 80af3a31ab5a Downloading 1.628GB
 80af3a31ab5a Downloading 1.629GB
 80af3a31ab5a Downloading 1.629GB
 80af3a31ab5a Downloading 1.631GB
 80af3a31ab5a Downloading 1.631GB
 80af3a31ab5a Downloading 1.632GB
 80af3a31ab5a Downloading 1.632GB
 80af3a31ab5a Downloading 1.633GB
 80af3a31ab5a Downloading 1.633GB
 80af3a31ab5a Downloading 1.634GB
 80af3a31ab5a Downloading 1.634GB
 80af3a31ab5a Downloading 1.635GB
 80af3a31ab5a Downloading 1.635GB
 80af3a31ab5a Downloading 1.636GB
 80af3a31ab5a Downloading 1.636GB
 80af3a31ab5a Downloading 1.637GB
 80af3a31ab5a Downloading 1.637GB
 80af3a31ab5a Downloading 1.638GB
 80af3a31ab5a Downloading 1.638GB
 80af3a31ab5a Downloading 1.639GB
 80af3a31ab5a Downloading 1.639GB
 80af3a31ab5a Downloading 1.64GB
 80af3a31ab5a Downloading 1.64GB
 80af3a31ab5a Downloading 1.641GB
 80af3a31ab5a Downloading 1.641GB
 80af3a31ab5a Downloading 1.642GB
 80af3a31ab5a Downloading 1.642GB
 80af3a31ab5a Downloading 1.643GB
 80af3a31ab5a Downloading 1.643GB
 80af3a31ab5a Downloading 1.644GB
 80af3a31ab5a Downloading 1.644GB
 80af3a31ab5a Downloading 1.645GB
 80af3a31ab5a Downloading 1.645GB
 80af3a31ab5a Downloading 1.646GB
 80af3a31ab5a Downloading 1.646GB
 80af3a31ab5a Downloading 1.647GB
 80af3a31ab5a Downloading 1.647GB
 80af3a31ab5a Downloading 1.648GB
 80af3a31ab5a Downloading 1.648GB
 80af3a31ab5a Downloading 1.649GB
 80af3a31ab5a Downloading 1.649GB
 80af3a31ab5a Downloading 1.65GB
 80af3a31ab5a Downloading 1.652GB
 80af3a31ab5a Downloading 1.652GB
 80af3a31ab5a Downloading 1.653GB
 80af3a31ab5a Downloading 1.653GB
 80af3a31ab5a Downloading 1.654GB
 80af3a31ab5a Downloading 1.654GB
 80af3a31ab5a Downloading 1.655GB
 80af3a31ab5a Downloading 1.656GB
 80af3a31ab5a Downloading 1.656GB
 80af3a31ab5a Downloading 1.657GB
 80af3a31ab5a Downloading 1.657GB
 80af3a31ab5a Downloading 1.658GB
 80af3a31ab5a Downloading 1.658GB
 80af3a31ab5a Downloading 1.659GB
 80af3a31ab5a Downloading 1.659GB
 80af3a31ab5a Downloading 1.66GB
 80af3a31ab5a Downloading 1.66GB
 80af3a31ab5a Downloading 1.661GB
 80af3a31ab5a Downloading 1.661GB
 80af3a31ab5a Downloading 1.662GB
 80af3a31ab5a Downloading 1.662GB
 80af3a31ab5a Downloading 1.663GB
 80af3a31ab5a Downloading 1.663GB
 80af3a31ab5a Downloading 1.663GB
 80af3a31ab5a Downloading 1.664GB
 80af3a31ab5a Downloading 1.664GB
 80af3a31ab5a Downloading 1.665GB
 80af3a31ab5a Downloading 1.665GB
 80af3a31ab5a Downloading 1.666GB
 80af3a31ab5a Downloading 1.666GB
 80af3a31ab5a Downloading 1.666GB
 80af3a31ab5a Downloading 1.667GB
 80af3a31ab5a Downloading 1.667GB
 80af3a31ab5a Downloading 1.668GB
 80af3a31ab5a Downloading 1.668GB
 80af3a31ab5a Downloading 1.668GB
 80af3a31ab5a Downloading 1.669GB
 80af3a31ab5a Downloading 1.669GB
 80af3a31ab5a Downloading 1.67GB
 80af3a31ab5a Downloading 1.67GB
 80af3a31ab5a Downloading 1.671GB
 80af3a31ab5a Downloading 1.671GB
 80af3a31ab5a Downloading 1.671GB
 80af3a31ab5a Downloading 1.672GB
 80af3a31ab5a Downloading 1.672GB
 80af3a31ab5a Downloading 1.674GB
 80af3a31ab5a Downloading 1.674GB
 80af3a31ab5a Downloading 1.675GB
 80af3a31ab5a Downloading 1.675GB
 80af3a31ab5a Downloading 1.675GB
 80af3a31ab5a Downloading 1.676GB
 80af3a31ab5a Downloading 1.676GB
 80af3a31ab5a Downloading 1.677GB
 80af3a31ab5a Downloading 1.677GB
 80af3a31ab5a Downloading 1.678GB
 80af3a31ab5a Downloading 1.678GB
 80af3a31ab5a Downloading 1.678GB
 80af3a31ab5a Downloading 1.679GB
 80af3a31ab5a Downloading 1.679GB
 80af3a31ab5a Downloading 1.679GB
 80af3a31ab5a Downloading 1.68GB
 80af3a31ab5a Downloading 1.68GB
 80af3a31ab5a Downloading 1.68GB
 80af3a31ab5a Downloading 1.68GB
 80af3a31ab5a Downloading 1.681GB
 80af3a31ab5a Downloading 1.681GB
 80af3a31ab5a Downloading 1.681GB
 80af3a31ab5a Downloading 1.681GB
 80af3a31ab5a Downloading 1.682GB
 80af3a31ab5a Downloading 1.682GB
 80af3a31ab5a Downloading 1.682GB
 80af3a31ab5a Downloading 1.682GB
 80af3a31ab5a Downloading 1.682GB
 80af3a31ab5a Downloading 1.682GB
 80af3a31ab5a Downloading 1.682GB
 80af3a31ab5a Downloading 1.683GB
 80af3a31ab5a Downloading 1.683GB
 80af3a31ab5a Downloading 1.683GB
 80af3a31ab5a Downloading 1.683GB
 80af3a31ab5a Downloading 1.683GB
 80af3a31ab5a Downloading 1.683GB
 80af3a31ab5a Downloading 1.683GB
 80af3a31ab5a Downloading 1.683GB
 80af3a31ab5a Downloading 1.683GB
 80af3a31ab5a Downloading 1.683GB
 80af3a31ab5a Downloading 1.684GB
 80af3a31ab5a Downloading 1.684GB
 80af3a31ab5a Downloading 1.684GB
 80af3a31ab5a Downloading 1.685GB
 80af3a31ab5a Downloading 1.685GB
 80af3a31ab5a Downloading 1.685GB
 80af3a31ab5a Downloading 1.686GB
 80af3a31ab5a Downloading 1.686GB
 80af3a31ab5a Downloading 1.686GB
 80af3a31ab5a Downloading 1.687GB
 80af3a31ab5a Downloading 1.687GB
 80af3a31ab5a Downloading 1.688GB
 80af3a31ab5a Downloading 1.688GB
 80af3a31ab5a Downloading 1.688GB
 80af3a31ab5a Downloading 1.689GB
 80af3a31ab5a Downloading 1.689GB
 80af3a31ab5a Downloading 1.69GB
 80af3a31ab5a Downloading 1.69GB
 80af3a31ab5a Downloading 1.69GB
 80af3a31ab5a Downloading 1.69GB
 80af3a31ab5a Downloading 1.691GB
 80af3a31ab5a Downloading 1.691GB
 80af3a31ab5a Downloading 1.691GB
 80af3a31ab5a Downloading 1.692GB
 80af3a31ab5a Downloading 1.692GB
 80af3a31ab5a Downloading 1.693GB
 80af3a31ab5a Downloading 1.693GB
 80af3a31ab5a Downloading 1.693GB
 80af3a31ab5a Downloading 1.694GB
 80af3a31ab5a Downloading 1.694GB
 80af3a31ab5a Downloading 1.694GB
 80af3a31ab5a Downloading 1.696GB
 80af3a31ab5a Downloading 1.696GB
 80af3a31ab5a Downloading 1.696GB
 80af3a31ab5a Downloading 1.697GB
 80af3a31ab5a Downloading 1.697GB
 80af3a31ab5a Downloading 1.697GB
 80af3a31ab5a Downloading 1.697GB
 80af3a31ab5a Downloading 1.698GB
 80af3a31ab5a Downloading 1.698GB
 80af3a31ab5a Downloading 1.698GB
 80af3a31ab5a Downloading 1.698GB
 80af3a31ab5a Downloading 1.699GB
 80af3a31ab5a Downloading 1.699GB
 80af3a31ab5a Downloading 1.699GB
 80af3a31ab5a Downloading 1.699GB
 80af3a31ab5a Downloading 1.7GB
 80af3a31ab5a Downloading 1.7GB
 80af3a31ab5a Downloading 1.7GB
 80af3a31ab5a Downloading 1.7GB
 80af3a31ab5a Downloading 1.7GB
 80af3a31ab5a Downloading 1.701GB
 80af3a31ab5a Downloading 1.701GB
 80af3a31ab5a Downloading 1.701GB
 80af3a31ab5a Downloading 1.702GB
 80af3a31ab5a Downloading 1.702GB
 80af3a31ab5a Downloading 1.702GB
 80af3a31ab5a Downloading 1.702GB
 80af3a31ab5a Downloading 1.703GB
 80af3a31ab5a Downloading 1.703GB
 80af3a31ab5a Downloading 1.703GB
 80af3a31ab5a Downloading 1.703GB
 80af3a31ab5a Downloading 1.703GB
 80af3a31ab5a Downloading 1.703GB
 80af3a31ab5a Downloading 1.704GB
 80af3a31ab5a Downloading 1.704GB
 80af3a31ab5a Downloading 1.705GB
 80af3a31ab5a Downloading 1.705GB
 80af3a31ab5a Downloading 1.705GB
 80af3a31ab5a Downloading 1.705GB
 80af3a31ab5a Downloading 1.706GB
 80af3a31ab5a Downloading 1.706GB
 80af3a31ab5a Downloading 1.706GB
 80af3a31ab5a Downloading 1.706GB
 80af3a31ab5a Downloading 1.707GB
 80af3a31ab5a Downloading 1.707GB
 80af3a31ab5a Downloading 1.708GB
 80af3a31ab5a Downloading 1.708GB
 80af3a31ab5a Downloading 1.709GB
 80af3a31ab5a Downloading 1.709GB
 80af3a31ab5a Downloading 1.71GB
 80af3a31ab5a Downloading 1.711GB
 80af3a31ab5a Downloading 1.711GB
 80af3a31ab5a Downloading 1.712GB
 80af3a31ab5a Downloading 1.712GB
 80af3a31ab5a Downloading 1.713GB
 80af3a31ab5a Downloading 1.713GB
 80af3a31ab5a Downloading 1.714GB
 80af3a31ab5a Downloading 1.714GB
 80af3a31ab5a Downloading 1.714GB
 80af3a31ab5a Downloading 1.715GB
 80af3a31ab5a Downloading 1.715GB
 80af3a31ab5a Downloading 1.717GB
 80af3a31ab5a Downloading 1.717GB
 80af3a31ab5a Downloading 1.717GB
 80af3a31ab5a Downloading 1.718GB
 80af3a31ab5a Downloading 1.718GB
 80af3a31ab5a Downloading 1.718GB
 80af3a31ab5a Downloading 1.719GB
 80af3a31ab5a Downloading 1.719GB
 80af3a31ab5a Downloading 1.719GB
 80af3a31ab5a Downloading 1.72GB
 80af3a31ab5a Downloading 1.72GB
 80af3a31ab5a Downloading 1.721GB
 80af3a31ab5a Downloading 1.721GB
 80af3a31ab5a Downloading 1.721GB
 80af3a31ab5a Downloading 1.722GB
 80af3a31ab5a Downloading 1.722GB
 80af3a31ab5a Downloading 1.722GB
 80af3a31ab5a Downloading 1.723GB
 80af3a31ab5a Downloading 1.723GB
 80af3a31ab5a Downloading 1.723GB
 80af3a31ab5a Downloading 1.724GB
 80af3a31ab5a Downloading 1.724GB
 80af3a31ab5a Downloading 1.725GB
 80af3a31ab5a Downloading 1.725GB
 80af3a31ab5a Downloading 1.725GB
 80af3a31ab5a Downloading 1.726GB
 80af3a31ab5a Downloading 1.726GB
 80af3a31ab5a Downloading 1.727GB
 80af3a31ab5a Downloading 1.727GB
 80af3a31ab5a Downloading 1.727GB
 80af3a31ab5a Downloading 1.728GB
 80af3a31ab5a Downloading 1.728GB
 80af3a31ab5a Downloading 1.728GB
 80af3a31ab5a Downloading 1.729GB
 80af3a31ab5a Downloading 1.729GB
 80af3a31ab5a Downloading 1.729GB
 80af3a31ab5a Downloading 1.73GB
 80af3a31ab5a Downloading 1.73GB
 80af3a31ab5a Downloading 1.731GB
 80af3a31ab5a Downloading 1.731GB
 80af3a31ab5a Downloading 1.731GB
 80af3a31ab5a Downloading 1.732GB
 80af3a31ab5a Downloading 1.732GB
 80af3a31ab5a Downloading 1.733GB
 80af3a31ab5a Downloading 1.733GB
 80af3a31ab5a Downloading 1.733GB
 80af3a31ab5a Downloading 1.734GB
 80af3a31ab5a Downloading 1.734GB
 80af3a31ab5a Downloading 1.734GB
 80af3a31ab5a Downloading 1.735GB
 80af3a31ab5a Downloading 1.735GB
 80af3a31ab5a Downloading 1.736GB
 80af3a31ab5a Downloading 1.736GB
 80af3a31ab5a Downloading 1.736GB
 80af3a31ab5a Downloading 1.737GB
 80af3a31ab5a Downloading 1.737GB
 80af3a31ab5a Downloading 1.739GB
 80af3a31ab5a Downloading 1.739GB
 80af3a31ab5a Downloading 1.739GB
 80af3a31ab5a Downloading 1.74GB
 80af3a31ab5a Downloading 1.74GB
 80af3a31ab5a Downloading 1.741GB
 80af3a31ab5a Downloading 1.741GB
 80af3a31ab5a Downloading 1.741GB
 80af3a31ab5a Downloading 1.742GB
 80af3a31ab5a Downloading 1.742GB
 80af3a31ab5a Downloading 1.743GB
 80af3a31ab5a Downloading 1.743GB
 80af3a31ab5a Downloading 1.743GB
 80af3a31ab5a Downloading 1.743GB
 80af3a31ab5a Downloading 1.743GB
 80af3a31ab5a Downloading 1.743GB
 80af3a31ab5a Downloading 1.744GB
 80af3a31ab5a Downloading 1.744GB
 80af3a31ab5a Downloading 1.745GB
 80af3a31ab5a Downloading 1.746GB
 80af3a31ab5a Downloading 1.747GB
 80af3a31ab5a Downloading 1.747GB
 80af3a31ab5a Downloading 1.747GB
 80af3a31ab5a Downloading 1.748GB
 80af3a31ab5a Downloading 1.748GB
 80af3a31ab5a Downloading 1.749GB
 80af3a31ab5a Downloading 1.749GB
 80af3a31ab5a Downloading 1.749GB
 80af3a31ab5a Downloading 1.75GB
 80af3a31ab5a Downloading 1.75GB
 80af3a31ab5a Downloading 1.75GB
 80af3a31ab5a Downloading 1.751GB
 80af3a31ab5a Downloading 1.751GB
 80af3a31ab5a Downloading 1.752GB
 80af3a31ab5a Downloading 1.752GB
 80af3a31ab5a Downloading 1.752GB
 80af3a31ab5a Downloading 1.753GB
 80af3a31ab5a Downloading 1.753GB
 80af3a31ab5a Downloading 1.753GB
 80af3a31ab5a Downloading 1.753GB
 80af3a31ab5a Downloading 1.753GB
 80af3a31ab5a Downloading 1.753GB
 80af3a31ab5a Downloading 1.753GB
 80af3a31ab5a Downloading 1.753GB
 80af3a31ab5a Downloading 1.753GB
 80af3a31ab5a Downloading 1.754GB
 80af3a31ab5a Downloading 1.754GB
 80af3a31ab5a Downloading 1.755GB
 80af3a31ab5a Downloading 1.756GB
 80af3a31ab5a Downloading 1.756GB
 80af3a31ab5a Downloading 1.756GB
 80af3a31ab5a Downloading 1.757GB
 80af3a31ab5a Downloading 1.757GB
 80af3a31ab5a Downloading 1.757GB
 80af3a31ab5a Downloading 1.758GB
 80af3a31ab5a Downloading 1.758GB
 80af3a31ab5a Downloading 1.76GB
 80af3a31ab5a Downloading 1.76GB
 80af3a31ab5a Downloading 1.76GB
 80af3a31ab5a Downloading 1.761GB
 80af3a31ab5a Downloading 1.761GB
 80af3a31ab5a Downloading 1.762GB
 80af3a31ab5a Downloading 1.762GB
 80af3a31ab5a Downloading 1.762GB
 80af3a31ab5a Downloading 1.763GB
 80af3a31ab5a Downloading 1.763GB
 80af3a31ab5a Downloading 1.763GB
 80af3a31ab5a Downloading 1.763GB
 80af3a31ab5a Downloading 1.764GB
 80af3a31ab5a Downloading 1.764GB
 80af3a31ab5a Downloading 1.764GB
 80af3a31ab5a Downloading 1.765GB
 80af3a31ab5a Downloading 1.765GB
 80af3a31ab5a Downloading 1.765GB
 80af3a31ab5a Downloading 1.766GB
 80af3a31ab5a Downloading 1.766GB
 80af3a31ab5a Downloading 1.766GB
 80af3a31ab5a Downloading 1.767GB
 80af3a31ab5a Downloading 1.767GB
 80af3a31ab5a Downloading 1.768GB
 80af3a31ab5a Downloading 1.768GB
 80af3a31ab5a Downloading 1.768GB
 80af3a31ab5a Downloading 1.769GB
 80af3a31ab5a Downloading 1.769GB
 80af3a31ab5a Downloading 1.77GB
 80af3a31ab5a Downloading 1.77GB
 80af3a31ab5a Downloading 1.77GB
 80af3a31ab5a Downloading 1.771GB
 80af3a31ab5a Downloading 1.771GB
 80af3a31ab5a Downloading 1.771GB
 80af3a31ab5a Downloading 1.772GB
 80af3a31ab5a Downloading 1.772GB
 80af3a31ab5a Downloading 1.773GB
 80af3a31ab5a Downloading 1.773GB
 80af3a31ab5a Downloading 1.773GB
 80af3a31ab5a Downloading 1.774GB
 80af3a31ab5a Downloading 1.774GB
 80af3a31ab5a Downloading 1.775GB
 80af3a31ab5a Downloading 1.775GB
 80af3a31ab5a Downloading 1.775GB
 80af3a31ab5a Downloading 1.776GB
 80af3a31ab5a Downloading 1.776GB
 80af3a31ab5a Downloading 1.777GB
 80af3a31ab5a Downloading 1.777GB
 80af3a31ab5a Downloading 1.777GB
 80af3a31ab5a Downloading 1.778GB
 80af3a31ab5a Downloading 1.778GB
 80af3a31ab5a Downloading 1.779GB
 80af3a31ab5a Downloading 1.779GB
 80af3a31ab5a Downloading 1.779GB
 80af3a31ab5a Downloading 1.78GB
 80af3a31ab5a Downloading 1.78GB
 80af3a31ab5a Downloading 1.782GB
 80af3a31ab5a Downloading 1.782GB
 80af3a31ab5a Downloading 1.782GB
 80af3a31ab5a Downloading 1.783GB
 80af3a31ab5a Downloading 1.783GB
 80af3a31ab5a Downloading 1.784GB
 80af3a31ab5a Downloading 1.784GB
 80af3a31ab5a Downloading 1.784GB
 80af3a31ab5a Downloading 1.785GB
 80af3a31ab5a Downloading 1.785GB
 80af3a31ab5a Downloading 1.786GB
 80af3a31ab5a Downloading 1.786GB
 80af3a31ab5a Downloading 1.786GB
 80af3a31ab5a Downloading 1.787GB
 80af3a31ab5a Downloading 1.787GB
 80af3a31ab5a Downloading 1.788GB
 80af3a31ab5a Downloading 1.788GB
 80af3a31ab5a Downloading 1.789GB
 80af3a31ab5a Downloading 1.789GB
 80af3a31ab5a Downloading 1.789GB
 80af3a31ab5a Downloading 1.79GB
 80af3a31ab5a Downloading 1.79GB
 80af3a31ab5a Downloading 1.791GB
 80af3a31ab5a Downloading 1.791GB
 80af3a31ab5a Downloading 1.792GB
 80af3a31ab5a Downloading 1.792GB
 80af3a31ab5a Downloading 1.793GB
 80af3a31ab5a Downloading 1.793GB
 80af3a31ab5a Downloading 1.794GB
 80af3a31ab5a Downloading 1.794GB
 80af3a31ab5a Downloading 1.795GB
 80af3a31ab5a Downloading 1.795GB
 80af3a31ab5a Downloading 1.796GB
 80af3a31ab5a Downloading 1.796GB
 80af3a31ab5a Downloading 1.796GB
 80af3a31ab5a Downloading 1.796GB
 80af3a31ab5a Downloading 1.796GB
 80af3a31ab5a Downloading 1.796GB
 80af3a31ab5a Downloading 1.797GB
 80af3a31ab5a Downloading 1.797GB
 80af3a31ab5a Downloading 1.797GB
 80af3a31ab5a Downloading 1.797GB
 80af3a31ab5a Downloading 1.797GB
 80af3a31ab5a Downloading 1.797GB
 80af3a31ab5a Downloading 1.797GB
 80af3a31ab5a Downloading 1.797GB
 80af3a31ab5a Downloading 1.797GB
 80af3a31ab5a Downloading 1.797GB
 80af3a31ab5a Downloading 1.797GB
 80af3a31ab5a Downloading 1.797GB
 80af3a31ab5a Downloading 1.797GB
 80af3a31ab5a Downloading 1.797GB
 80af3a31ab5a Downloading 1.797GB
 80af3a31ab5a Downloading 1.797GB
 80af3a31ab5a Downloading 1.798GB
 80af3a31ab5a Downloading 1.798GB
 80af3a31ab5a Downloading 1.798GB
 80af3a31ab5a Downloading 1.798GB
 80af3a31ab5a Downloading 1.799GB
 80af3a31ab5a Downloading 1.799GB
 80af3a31ab5a Downloading 1.8GB
 80af3a31ab5a Downloading 1.8GB
 80af3a31ab5a Downloading 1.801GB
 80af3a31ab5a Downloading 1.801GB
 80af3a31ab5a Downloading 1.803GB
 80af3a31ab5a Downloading 1.803GB
 80af3a31ab5a Downloading 1.804GB
 80af3a31ab5a Downloading 1.804GB
 80af3a31ab5a Downloading 1.805GB
 80af3a31ab5a Downloading 1.805GB
 80af3a31ab5a Downloading 1.806GB
 80af3a31ab5a Downloading 1.806GB
 80af3a31ab5a Downloading 1.807GB
 80af3a31ab5a Downloading 1.807GB
 80af3a31ab5a Downloading 1.808GB
 80af3a31ab5a Downloading 1.808GB
 80af3a31ab5a Downloading 1.809GB
 80af3a31ab5a Downloading 1.809GB
 80af3a31ab5a Downloading 1.81GB
 80af3a31ab5a Downloading 1.81GB
 80af3a31ab5a Downloading 1.811GB
 80af3a31ab5a Downloading 1.812GB
 80af3a31ab5a Downloading 1.812GB
 80af3a31ab5a Downloading 1.812GB
 80af3a31ab5a Downloading 1.813GB
 80af3a31ab5a Downloading 1.813GB
 80af3a31ab5a Downloading 1.814GB
 80af3a31ab5a Downloading 1.814GB
 80af3a31ab5a Downloading 1.815GB
 80af3a31ab5a Downloading 1.815GB
 80af3a31ab5a Downloading 1.816GB
 80af3a31ab5a Downloading 1.816GB
 80af3a31ab5a Downloading 1.817GB
 80af3a31ab5a Downloading 1.817GB
 80af3a31ab5a Downloading 1.818GB
 80af3a31ab5a Downloading 1.818GB
 80af3a31ab5a Downloading 1.818GB
 80af3a31ab5a Downloading 1.819GB
 80af3a31ab5a Downloading 1.819GB
 80af3a31ab5a Downloading 1.82GB
 80af3a31ab5a Downloading 1.82GB
 80af3a31ab5a Downloading 1.821GB
 80af3a31ab5a Downloading 1.821GB
 80af3a31ab5a Downloading 1.821GB
 80af3a31ab5a Downloading 1.822GB
 80af3a31ab5a Downloading 1.822GB
 80af3a31ab5a Downloading 1.823GB
 80af3a31ab5a Downloading 1.823GB
 80af3a31ab5a Downloading 1.823GB
 80af3a31ab5a Downloading 1.825GB
 80af3a31ab5a Downloading 1.825GB
 80af3a31ab5a Downloading 1.826GB
 80af3a31ab5a Downloading 1.826GB
 80af3a31ab5a Downloading 1.826GB
 80af3a31ab5a Downloading 1.827GB
 80af3a31ab5a Downloading 1.827GB
 80af3a31ab5a Downloading 1.828GB
 80af3a31ab5a Downloading 1.828GB
 80af3a31ab5a Downloading 1.829GB
 80af3a31ab5a Downloading 1.829GB
 80af3a31ab5a Downloading 1.83GB
 80af3a31ab5a Downloading 1.83GB
 80af3a31ab5a Downloading 1.831GB
 80af3a31ab5a Downloading 1.831GB
 80af3a31ab5a Downloading 1.832GB
 80af3a31ab5a Downloading 1.832GB
 80af3a31ab5a Downloading 1.833GB
 80af3a31ab5a Downloading 1.833GB
 80af3a31ab5a Downloading 1.834GB
 80af3a31ab5a Downloading 1.834GB
 80af3a31ab5a Downloading 1.835GB
 80af3a31ab5a Downloading 1.835GB
 80af3a31ab5a Downloading 1.836GB
 80af3a31ab5a Downloading 1.836GB
 80af3a31ab5a Downloading 1.837GB
 80af3a31ab5a Downloading 1.837GB
 80af3a31ab5a Downloading 1.838GB
 80af3a31ab5a Downloading 1.838GB
 80af3a31ab5a Downloading 1.839GB
 80af3a31ab5a Downloading 1.839GB
 80af3a31ab5a Downloading 1.84GB
 80af3a31ab5a Downloading 1.84GB
 80af3a31ab5a Downloading 1.84GB
 80af3a31ab5a Downloading 1.841GB
 80af3a31ab5a Downloading 1.841GB
 80af3a31ab5a Downloading 1.842GB
 80af3a31ab5a Downloading 1.842GB
 80af3a31ab5a Downloading 1.843GB
 80af3a31ab5a Downloading 1.843GB
 80af3a31ab5a Downloading 1.844GB
 80af3a31ab5a Downloading 1.844GB
 80af3a31ab5a Downloading 1.845GB
 80af3a31ab5a Downloading 1.845GB
 80af3a31ab5a Downloading 1.845GB
 80af3a31ab5a Downloading 1.847GB
 80af3a31ab5a Downloading 1.847GB
 80af3a31ab5a Downloading 1.848GB
 80af3a31ab5a Downloading 1.848GB
 80af3a31ab5a Downloading 1.848GB
 80af3a31ab5a Downloading 1.849GB
 80af3a31ab5a Downloading 1.849GB
 80af3a31ab5a Downloading 1.85GB
 80af3a31ab5a Downloading 1.85GB
 80af3a31ab5a Downloading 1.85GB
 80af3a31ab5a Downloading 1.851GB
 80af3a31ab5a Downloading 1.851GB
 80af3a31ab5a Downloading 1.852GB
 80af3a31ab5a Downloading 1.852GB
 80af3a31ab5a Downloading 1.852GB
 80af3a31ab5a Downloading 1.853GB
 80af3a31ab5a Downloading 1.853GB
 80af3a31ab5a Downloading 1.854GB
 80af3a31ab5a Downloading 1.854GB
 80af3a31ab5a Downloading 1.854GB
 80af3a31ab5a Downloading 1.855GB
 80af3a31ab5a Downloading 1.855GB
 80af3a31ab5a Downloading 1.856GB
 80af3a31ab5a Downloading 1.856GB
 80af3a31ab5a Downloading 1.856GB
 80af3a31ab5a Downloading 1.857GB
 80af3a31ab5a Downloading 1.857GB
 80af3a31ab5a Downloading 1.857GB
 80af3a31ab5a Downloading 1.858GB
 80af3a31ab5a Downloading 1.858GB
 80af3a31ab5a Downloading 1.859GB
 80af3a31ab5a Downloading 1.859GB
 80af3a31ab5a Downloading 1.859GB
 80af3a31ab5a Downloading 1.86GB
 80af3a31ab5a Downloading 1.86GB
 80af3a31ab5a Downloading 1.86GB
 80af3a31ab5a Downloading 1.861GB
 80af3a31ab5a Downloading 1.861GB
 80af3a31ab5a Downloading 1.862GB
 80af3a31ab5a Downloading 1.862GB
 80af3a31ab5a Downloading 1.862GB
 80af3a31ab5a Downloading 1.863GB
 80af3a31ab5a Downloading 1.863GB
 80af3a31ab5a Downloading 1.863GB
 80af3a31ab5a Downloading 1.864GB
 80af3a31ab5a Downloading 1.864GB
 80af3a31ab5a Downloading 1.864GB
 80af3a31ab5a Downloading 1.865GB
 80af3a31ab5a Downloading 1.865GB
 80af3a31ab5a Downloading 1.865GB
 80af3a31ab5a Downloading 1.866GB
 80af3a31ab5a Downloading 1.866GB
 80af3a31ab5a Downloading 1.866GB
 80af3a31ab5a Downloading 1.868GB
 80af3a31ab5a Downloading 1.868GB
 80af3a31ab5a Downloading 1.868GB
 80af3a31ab5a Downloading 1.869GB
 80af3a31ab5a Downloading 1.869GB
 80af3a31ab5a Downloading 1.869GB
 80af3a31ab5a Downloading 1.87GB
 80af3a31ab5a Downloading 1.87GB
 80af3a31ab5a Downloading 1.87GB
 80af3a31ab5a Downloading 1.871GB
 80af3a31ab5a Downloading 1.871GB
 80af3a31ab5a Downloading 1.871GB
 80af3a31ab5a Downloading 1.872GB
 80af3a31ab5a Downloading 1.872GB
 80af3a31ab5a Downloading 1.873GB
 80af3a31ab5a Downloading 1.873GB
 80af3a31ab5a Downloading 1.874GB
 80af3a31ab5a Downloading 1.874GB
 80af3a31ab5a Downloading 1.874GB
 80af3a31ab5a Downloading 1.875GB
 80af3a31ab5a Downloading 1.875GB
 80af3a31ab5a Downloading 1.875GB
 80af3a31ab5a Downloading 1.875GB
 80af3a31ab5a Downloading 1.875GB
 80af3a31ab5a Downloading 1.875GB
 80af3a31ab5a Downloading 1.875GB
 80af3a31ab5a Downloading 1.875GB
 80af3a31ab5a Downloading 1.875GB
 80af3a31ab5a Downloading 1.876GB
 80af3a31ab5a Downloading 1.877GB
 80af3a31ab5a Downloading 1.878GB
 80af3a31ab5a Downloading 1.879GB
 80af3a31ab5a Downloading 1.88GB
 80af3a31ab5a Downloading 1.88GB
 80af3a31ab5a Downloading 1.881GB
 80af3a31ab5a Downloading 1.881GB
 80af3a31ab5a Downloading 1.882GB
 80af3a31ab5a Downloading 1.882GB
 80af3a31ab5a Downloading 1.882GB
 80af3a31ab5a Downloading 1.883GB
 80af3a31ab5a Downloading 1.883GB
 80af3a31ab5a Downloading 1.884GB
 80af3a31ab5a Downloading 1.884GB
 80af3a31ab5a Downloading 1.884GB
 80af3a31ab5a Downloading 1.885GB
 80af3a31ab5a Downloading 1.885GB
 80af3a31ab5a Downloading 1.886GB
 80af3a31ab5a Downloading 1.886GB
 80af3a31ab5a Downloading 1.886GB
 80af3a31ab5a Downloading 1.887GB
 80af3a31ab5a Downloading 1.887GB
 80af3a31ab5a Downloading 1.888GB
 80af3a31ab5a Downloading 1.888GB
 80af3a31ab5a Downloading 1.89GB
 80af3a31ab5a Downloading 1.89GB
 80af3a31ab5a Downloading 1.891GB
 80af3a31ab5a Downloading 1.891GB
 80af3a31ab5a Downloading 1.892GB
 80af3a31ab5a Downloading 1.892GB
 80af3a31ab5a Downloading 1.893GB
 80af3a31ab5a Downloading 1.893GB
 80af3a31ab5a Downloading 1.894GB
 80af3a31ab5a Downloading 1.894GB
 80af3a31ab5a Downloading 1.894GB
 80af3a31ab5a Downloading 1.895GB
 80af3a31ab5a Downloading 1.895GB
 80af3a31ab5a Downloading 1.896GB
 80af3a31ab5a Downloading 1.896GB
 80af3a31ab5a Downloading 1.897GB
 80af3a31ab5a Downloading 1.897GB
 80af3a31ab5a Downloading 1.898GB
 80af3a31ab5a Downloading 1.898GB
 80af3a31ab5a Downloading 1.899GB
 80af3a31ab5a Downloading 1.899GB
 80af3a31ab5a Downloading 1.9GB
 80af3a31ab5a Downloading 1.9GB
 80af3a31ab5a Downloading 1.901GB
 80af3a31ab5a Downloading 1.901GB
 80af3a31ab5a Downloading 1.902GB
 80af3a31ab5a Downloading 1.902GB
 80af3a31ab5a Downloading 1.903GB
 80af3a31ab5a Downloading 1.903GB
 80af3a31ab5a Downloading 1.903GB
 80af3a31ab5a Downloading 1.904GB
 80af3a31ab5a Downloading 1.904GB
 80af3a31ab5a Downloading 1.905GB
 80af3a31ab5a Downloading 1.905GB
 80af3a31ab5a Downloading 1.906GB
 80af3a31ab5a Downloading 1.906GB
 80af3a31ab5a Downloading 1.907GB
 80af3a31ab5a Downloading 1.907GB
 80af3a31ab5a Downloading 1.908GB
 80af3a31ab5a Downloading 1.908GB
 80af3a31ab5a Downloading 1.909GB
 80af3a31ab5a Downloading 1.909GB
 80af3a31ab5a Downloading 1.911GB
 80af3a31ab5a Downloading 1.911GB
 80af3a31ab5a Downloading 1.912GB
 80af3a31ab5a Downloading 1.912GB
 80af3a31ab5a Downloading 1.913GB
 80af3a31ab5a Downloading 1.913GB
 80af3a31ab5a Downloading 1.914GB
 80af3a31ab5a Downloading 1.914GB
 80af3a31ab5a Downloading 1.914GB
 80af3a31ab5a Downloading 1.915GB
 80af3a31ab5a Downloading 1.915GB
 80af3a31ab5a Downloading 1.916GB
 80af3a31ab5a Downloading 1.916GB
 80af3a31ab5a Downloading 1.917GB
 80af3a31ab5a Downloading 1.917GB
 80af3a31ab5a Downloading 1.917GB
 80af3a31ab5a Downloading 1.918GB
 80af3a31ab5a Downloading 1.918GB
 80af3a31ab5a Downloading 1.919GB
 80af3a31ab5a Downloading 1.919GB
 80af3a31ab5a Downloading 1.92GB
 80af3a31ab5a Downloading 1.92GB
 80af3a31ab5a Downloading 1.921GB
 80af3a31ab5a Downloading 1.921GB
 80af3a31ab5a Downloading 1.921GB
 80af3a31ab5a Downloading 1.922GB
 80af3a31ab5a Downloading 1.922GB
 80af3a31ab5a Downloading 1.923GB
 80af3a31ab5a Downloading 1.923GB
 80af3a31ab5a Downloading 1.924GB
 80af3a31ab5a Downloading 1.924GB
 80af3a31ab5a Downloading 1.925GB
 80af3a31ab5a Downloading 1.925GB
 80af3a31ab5a Downloading 1.925GB
 80af3a31ab5a Downloading 1.925GB
 80af3a31ab5a Downloading 1.925GB
 80af3a31ab5a Downloading 1.925GB
 80af3a31ab5a Downloading 1.925GB
 80af3a31ab5a Downloading 1.926GB
 80af3a31ab5a Downloading 1.926GB
 80af3a31ab5a Downloading 1.927GB
 80af3a31ab5a Downloading 1.927GB
 80af3a31ab5a Downloading 1.928GB
 80af3a31ab5a Downloading 1.928GB
 80af3a31ab5a Downloading 1.929GB
 80af3a31ab5a Downloading 1.929GB
 80af3a31ab5a Downloading 1.93GB
 80af3a31ab5a Downloading 1.93GB
 80af3a31ab5a Downloading 1.931GB
 80af3a31ab5a Downloading 1.931GB
 80af3a31ab5a Downloading 1.931GB
 80af3a31ab5a Downloading 1.933GB
 80af3a31ab5a Downloading 1.934GB
 80af3a31ab5a Downloading 1.934GB
 80af3a31ab5a Downloading 1.934GB
 80af3a31ab5a Downloading 1.935GB
 80af3a31ab5a Downloading 1.935GB
 80af3a31ab5a Downloading 1.936GB
 80af3a31ab5a Downloading 1.936GB
 80af3a31ab5a Downloading 1.937GB
 80af3a31ab5a Downloading 1.937GB
 80af3a31ab5a Downloading 1.938GB
 80af3a31ab5a Downloading 1.938GB
 80af3a31ab5a Downloading 1.939GB
 80af3a31ab5a Downloading 1.939GB
 80af3a31ab5a Downloading 1.94GB
 80af3a31ab5a Downloading 1.94GB
 80af3a31ab5a Downloading 1.941GB
 80af3a31ab5a Downloading 1.941GB
 80af3a31ab5a Downloading 1.942GB
 80af3a31ab5a Downloading 1.942GB
 80af3a31ab5a Downloading 1.943GB
 80af3a31ab5a Downloading 1.943GB
 80af3a31ab5a Downloading 1.943GB
 80af3a31ab5a Downloading 1.944GB
 80af3a31ab5a Downloading 1.944GB
 80af3a31ab5a Downloading 1.945GB
 80af3a31ab5a Downloading 1.945GB
 80af3a31ab5a Downloading 1.946GB
 80af3a31ab5a Downloading 1.946GB
 80af3a31ab5a Downloading 1.947GB
 80af3a31ab5a Downloading 1.947GB
 80af3a31ab5a Downloading 1.948GB
 80af3a31ab5a Downloading 1.948GB
 80af3a31ab5a Downloading 1.949GB
 80af3a31ab5a Downloading 1.949GB
 80af3a31ab5a Downloading 1.95GB
 80af3a31ab5a Downloading 1.95GB
 80af3a31ab5a Downloading 1.951GB
 80af3a31ab5a Downloading 1.951GB
 80af3a31ab5a Downloading 1.952GB
 80af3a31ab5a Downloading 1.952GB
 80af3a31ab5a Downloading 1.953GB
 80af3a31ab5a Downloading 1.953GB
 80af3a31ab5a Downloading 1.953GB
 80af3a31ab5a Downloading 1.955GB
 80af3a31ab5a Downloading 1.955GB
 80af3a31ab5a Downloading 1.956GB
 80af3a31ab5a Downloading 1.957GB
 80af3a31ab5a Downloading 1.957GB
 80af3a31ab5a Downloading 1.957GB
 80af3a31ab5a Downloading 1.958GB
 80af3a31ab5a Downloading 1.958GB
 80af3a31ab5a Downloading 1.959GB
 80af3a31ab5a Downloading 1.959GB
 80af3a31ab5a Downloading 1.96GB
 80af3a31ab5a Downloading 1.96GB
 80af3a31ab5a Downloading 1.961GB
 80af3a31ab5a Downloading 1.961GB
 80af3a31ab5a Downloading 1.962GB
 80af3a31ab5a Downloading 1.962GB
 80af3a31ab5a Downloading 1.962GB
 80af3a31ab5a Downloading 1.962GB
 80af3a31ab5a Downloading 1.963GB
 80af3a31ab5a Downloading 1.963GB
 80af3a31ab5a Downloading 1.963GB
 80af3a31ab5a Downloading 1.964GB
 80af3a31ab5a Downloading 1.964GB
 80af3a31ab5a Downloading 1.964GB
 80af3a31ab5a Downloading 1.965GB
 80af3a31ab5a Downloading 1.965GB
 80af3a31ab5a Downloading 1.966GB
 80af3a31ab5a Downloading 1.966GB
 80af3a31ab5a Downloading 1.966GB
 80af3a31ab5a Downloading 1.967GB
 80af3a31ab5a Downloading 1.967GB
 80af3a31ab5a Downloading 1.968GB
 80af3a31ab5a Downloading 1.968GB
 80af3a31ab5a Downloading 1.969GB
 80af3a31ab5a Downloading 1.969GB
 80af3a31ab5a Downloading 1.97GB
 80af3a31ab5a Downloading 1.97GB
 80af3a31ab5a Downloading 1.971GB
 80af3a31ab5a Downloading 1.971GB
 80af3a31ab5a Downloading 1.972GB
 80af3a31ab5a Downloading 1.972GB
 80af3a31ab5a Downloading 1.973GB
 80af3a31ab5a Downloading 1.973GB
 80af3a31ab5a Downloading 1.974GB
 80af3a31ab5a Downloading 1.974GB
 80af3a31ab5a Downloading 1.976GB
 80af3a31ab5a Downloading 1.976GB
 80af3a31ab5a Downloading 1.977GB
 80af3a31ab5a Downloading 1.977GB
 80af3a31ab5a Downloading 1.978GB
 80af3a31ab5a Downloading 1.979GB
 80af3a31ab5a Downloading 1.979GB
 80af3a31ab5a Downloading 1.979GB
 80af3a31ab5a Downloading 1.98GB
 80af3a31ab5a Downloading 1.98GB
 80af3a31ab5a Downloading 1.981GB
 80af3a31ab5a Downloading 1.981GB
 80af3a31ab5a Downloading 1.982GB
 80af3a31ab5a Downloading 1.982GB
 80af3a31ab5a Downloading 1.983GB
 80af3a31ab5a Downloading 1.983GB
 80af3a31ab5a Downloading 1.984GB
 80af3a31ab5a Downloading 1.984GB
 80af3a31ab5a Downloading 1.984GB
 80af3a31ab5a Downloading 1.985GB
 80af3a31ab5a Downloading 1.985GB
 80af3a31ab5a Downloading 1.986GB
 80af3a31ab5a Downloading 1.987GB
 80af3a31ab5a Downloading 1.987GB
 80af3a31ab5a Downloading 1.988GB
 80af3a31ab5a Downloading 1.988GB
 80af3a31ab5a Downloading 1.989GB
 80af3a31ab5a Downloading 1.989GB
 80af3a31ab5a Downloading 1.99GB
 80af3a31ab5a Downloading 1.99GB
 80af3a31ab5a Downloading 1.991GB
 80af3a31ab5a Downloading 1.991GB
 80af3a31ab5a Downloading 1.992GB
 80af3a31ab5a Downloading 1.992GB
 80af3a31ab5a Downloading 1.992GB
 80af3a31ab5a Downloading 1.993GB
 80af3a31ab5a Downloading 1.994GB
 80af3a31ab5a Downloading 1.994GB
 80af3a31ab5a Downloading 1.994GB
 80af3a31ab5a Downloading 1.995GB
 80af3a31ab5a Downloading 1.995GB
 80af3a31ab5a Downloading 1.996GB
 80af3a31ab5a Downloading 1.996GB
 80af3a31ab5a Downloading 1.998GB
 80af3a31ab5a Downloading 1.998GB
 80af3a31ab5a Downloading 1.999GB
 80af3a31ab5a Downloading 1.999GB
 80af3a31ab5a Downloading 1.999GB
 80af3a31ab5a Downloading 2GB
 80af3a31ab5a Downloading 2GB
 80af3a31ab5a Downloading 2.001GB
 80af3a31ab5a Downloading 2.001GB
 80af3a31ab5a Downloading 2.002GB
 80af3a31ab5a Downloading 2.002GB
 80af3a31ab5a Downloading 2.002GB
 80af3a31ab5a Downloading 2.003GB
 80af3a31ab5a Downloading 2.003GB
 80af3a31ab5a Downloading 2.004GB
 80af3a31ab5a Downloading 2.004GB
 80af3a31ab5a Downloading 2.004GB
 80af3a31ab5a Downloading 2.005GB
 80af3a31ab5a Downloading 2.005GB
 80af3a31ab5a Downloading 2.006GB
 80af3a31ab5a Downloading 2.006GB
 80af3a31ab5a Downloading 2.007GB
 80af3a31ab5a Downloading 2.007GB
 80af3a31ab5a Downloading 2.007GB
 80af3a31ab5a Downloading 2.008GB
 80af3a31ab5a Downloading 2.008GB
 80af3a31ab5a Downloading 2.009GB
 80af3a31ab5a Downloading 2.009GB
 80af3a31ab5a Downloading 2.01GB
 80af3a31ab5a Downloading 2.01GB
 80af3a31ab5a Downloading 2.011GB
 80af3a31ab5a Downloading 2.011GB
 80af3a31ab5a Downloading 2.012GB
 80af3a31ab5a Downloading 2.012GB
 80af3a31ab5a Downloading 2.013GB
 80af3a31ab5a Downloading 2.013GB
 80af3a31ab5a Downloading 2.014GB
 80af3a31ab5a Downloading 2.014GB
 80af3a31ab5a Downloading 2.015GB
 80af3a31ab5a Downloading 2.015GB
 80af3a31ab5a Downloading 2.016GB
 80af3a31ab5a Downloading 2.016GB
 80af3a31ab5a Downloading 2.017GB
 80af3a31ab5a Downloading 2.017GB
 80af3a31ab5a Downloading 2.019GB
 80af3a31ab5a Downloading 2.019GB
 80af3a31ab5a Downloading 2.02GB
 80af3a31ab5a Downloading 2.02GB
 80af3a31ab5a Downloading 2.021GB
 80af3a31ab5a Downloading 2.021GB
 80af3a31ab5a Downloading 2.021GB
 80af3a31ab5a Downloading 2.022GB
 80af3a31ab5a Downloading 2.023GB
 80af3a31ab5a Downloading 2.023GB
 80af3a31ab5a Downloading 2.024GB
 80af3a31ab5a Downloading 2.024GB
 80af3a31ab5a Downloading 2.025GB
 80af3a31ab5a Downloading 2.025GB
 80af3a31ab5a Downloading 2.026GB
 80af3a31ab5a Downloading 2.026GB
 80af3a31ab5a Downloading 2.027GB
 80af3a31ab5a Downloading 2.027GB
 80af3a31ab5a Downloading 2.028GB
 80af3a31ab5a Downloading 2.028GB
 80af3a31ab5a Downloading 2.029GB
 80af3a31ab5a Downloading 2.029GB
 80af3a31ab5a Downloading 2.03GB
 80af3a31ab5a Downloading 2.03GB
 80af3a31ab5a Downloading 2.031GB
 80af3a31ab5a Downloading 2.031GB
 80af3a31ab5a Downloading 2.032GB
 80af3a31ab5a Downloading 2.032GB
 80af3a31ab5a Downloading 2.033GB
 80af3a31ab5a Downloading 2.034GB
 80af3a31ab5a Downloading 2.034GB
 80af3a31ab5a Downloading 2.034GB
 80af3a31ab5a Downloading 2.035GB
 80af3a31ab5a Downloading 2.035GB
 80af3a31ab5a Downloading 2.036GB
 80af3a31ab5a Downloading 2.036GB
 80af3a31ab5a Downloading 2.037GB
 80af3a31ab5a Downloading 2.037GB
 80af3a31ab5a Downloading 2.038GB
 80af3a31ab5a Downloading 2.038GB
 80af3a31ab5a Downloading 2.038GB
 80af3a31ab5a Downloading 2.039GB
 80af3a31ab5a Downloading 2.039GB
 80af3a31ab5a Downloading 2.041GB
 80af3a31ab5a Downloading 2.041GB
 80af3a31ab5a Downloading 2.041GB
 80af3a31ab5a Downloading 2.042GB
 80af3a31ab5a Downloading 2.042GB
 80af3a31ab5a Downloading 2.043GB
 80af3a31ab5a Downloading 2.043GB
 80af3a31ab5a Downloading 2.044GB
 80af3a31ab5a Downloading 2.044GB
 80af3a31ab5a Downloading 2.045GB
 80af3a31ab5a Downloading 2.045GB
 80af3a31ab5a Downloading 2.046GB
 80af3a31ab5a Downloading 2.046GB
 80af3a31ab5a Downloading 2.046GB
 80af3a31ab5a Downloading 2.047GB
 80af3a31ab5a Downloading 2.047GB
 80af3a31ab5a Downloading 2.048GB
 80af3a31ab5a Downloading 2.048GB
 80af3a31ab5a Downloading 2.049GB
 80af3a31ab5a Downloading 2.049GB
 80af3a31ab5a Downloading 2.05GB
 80af3a31ab5a Downloading 2.05GB
 80af3a31ab5a Downloading 2.051GB
 80af3a31ab5a Downloading 2.051GB
 80af3a31ab5a Downloading 2.052GB
 80af3a31ab5a Downloading 2.052GB
 80af3a31ab5a Downloading 2.053GB
 80af3a31ab5a Downloading 2.053GB
 80af3a31ab5a Downloading 2.054GB
 80af3a31ab5a Downloading 2.054GB
 80af3a31ab5a Downloading 2.055GB
 80af3a31ab5a Downloading 2.056GB
 80af3a31ab5a Downloading 2.056GB
 80af3a31ab5a Downloading 2.057GB
 80af3a31ab5a Downloading 2.057GB
 80af3a31ab5a Downloading 2.057GB
 80af3a31ab5a Downloading 2.057GB
 80af3a31ab5a Downloading 2.057GB
 80af3a31ab5a Downloading 2.057GB
 80af3a31ab5a Downloading 2.057GB
 80af3a31ab5a Downloading 2.057GB
 80af3a31ab5a Downloading 2.058GB
 80af3a31ab5a Downloading 2.06GB
 80af3a31ab5a Downloading 2.062GB
 80af3a31ab5a Downloading 2.063GB
 80af3a31ab5a Downloading 2.063GB
 80af3a31ab5a Downloading 2.064GB
 80af3a31ab5a Downloading 2.064GB
 80af3a31ab5a Downloading 2.065GB
 80af3a31ab5a Downloading 2.065GB
 80af3a31ab5a Downloading 2.065GB
 80af3a31ab5a Downloading 2.066GB
 80af3a31ab5a Downloading 2.066GB
 80af3a31ab5a Downloading 2.066GB
 80af3a31ab5a Downloading 2.066GB
 80af3a31ab5a Downloading 2.067GB
 80af3a31ab5a Downloading 2.067GB
 80af3a31ab5a Downloading 2.067GB
 80af3a31ab5a Downloading 2.068GB
 80af3a31ab5a Downloading 2.068GB
 80af3a31ab5a Downloading 2.069GB
 80af3a31ab5a Downloading 2.069GB
 80af3a31ab5a Downloading 2.069GB
 80af3a31ab5a Downloading 2.069GB
 80af3a31ab5a Downloading 2.069GB
 80af3a31ab5a Downloading 2.069GB
 80af3a31ab5a Downloading 2.069GB
 80af3a31ab5a Downloading 2.069GB
 80af3a31ab5a Downloading 2.069GB
 80af3a31ab5a Downloading 2.069GB
 80af3a31ab5a Downloading 2.07GB
 80af3a31ab5a Downloading 2.07GB
 80af3a31ab5a Downloading 2.07GB
 80af3a31ab5a Downloading 2.07GB
 80af3a31ab5a Downloading 2.07GB
 80af3a31ab5a Downloading 2.07GB
 80af3a31ab5a Downloading 2.07GB
 80af3a31ab5a Downloading 2.07GB
 80af3a31ab5a Downloading 2.07GB
 80af3a31ab5a Downloading 2.07GB
 80af3a31ab5a Downloading 2.071GB
 80af3a31ab5a Downloading 2.071GB
 80af3a31ab5a Downloading 2.071GB
 80af3a31ab5a Downloading 2.071GB
 80af3a31ab5a Downloading 2.071GB
 80af3a31ab5a Downloading 2.071GB
 80af3a31ab5a Downloading 2.072GB
 80af3a31ab5a Downloading 2.072GB
 80af3a31ab5a Downloading 2.072GB
 80af3a31ab5a Downloading 2.073GB
 80af3a31ab5a Downloading 2.073GB
 80af3a31ab5a Downloading 2.074GB
 80af3a31ab5a Downloading 2.075GB
 80af3a31ab5a Downloading 2.075GB
 80af3a31ab5a Downloading 2.076GB
 80af3a31ab5a Downloading 2.076GB
 80af3a31ab5a Downloading 2.076GB
 80af3a31ab5a Downloading 2.077GB
 80af3a31ab5a Downloading 2.077GB
 80af3a31ab5a Downloading 2.078GB
 80af3a31ab5a Downloading 2.078GB
 80af3a31ab5a Downloading 2.079GB
 80af3a31ab5a Downloading 2.079GB
 80af3a31ab5a Downloading 2.08GB
 80af3a31ab5a Downloading 2.08GB
 80af3a31ab5a Downloading 2.081GB
 80af3a31ab5a Downloading 2.081GB
 80af3a31ab5a Downloading 2.081GB
 80af3a31ab5a Downloading 2.082GB
 80af3a31ab5a Downloading 2.082GB
 80af3a31ab5a Downloading 2.084GB
 80af3a31ab5a Downloading 2.084GB
 80af3a31ab5a Downloading 2.084GB
 80af3a31ab5a Downloading 2.085GB
 80af3a31ab5a Downloading 2.085GB
 80af3a31ab5a Downloading 2.086GB
 80af3a31ab5a Downloading 2.086GB
 80af3a31ab5a Downloading 2.086GB
 80af3a31ab5a Downloading 2.087GB
 80af3a31ab5a Downloading 2.087GB
 80af3a31ab5a Downloading 2.088GB
 80af3a31ab5a Downloading 2.088GB
 80af3a31ab5a Downloading 2.088GB
 80af3a31ab5a Downloading 2.089GB
 80af3a31ab5a Downloading 2.089GB
 80af3a31ab5a Downloading 2.09GB
 80af3a31ab5a Downloading 2.09GB
 80af3a31ab5a Downloading 2.091GB
 80af3a31ab5a Downloading 2.091GB
 80af3a31ab5a Downloading 2.092GB
 80af3a31ab5a Downloading 2.092GB
 80af3a31ab5a Downloading 2.093GB
 80af3a31ab5a Downloading 2.093GB
 80af3a31ab5a Downloading 2.094GB
 80af3a31ab5a Downloading 2.094GB
 80af3a31ab5a Downloading 2.095GB
 80af3a31ab5a Downloading 2.095GB
 80af3a31ab5a Downloading 2.096GB
 80af3a31ab5a Downloading 2.096GB
 80af3a31ab5a Downloading 2.097GB
 80af3a31ab5a Downloading 2.097GB
 80af3a31ab5a Downloading 2.098GB
 80af3a31ab5a Downloading 2.099GB
 80af3a31ab5a Downloading 2.099GB
 80af3a31ab5a Downloading 2.1GB
 80af3a31ab5a Downloading 2.1GB
 80af3a31ab5a Downloading 2.101GB
 80af3a31ab5a Downloading 2.101GB
 80af3a31ab5a Downloading 2.102GB
 80af3a31ab5a Downloading 2.102GB
 80af3a31ab5a Downloading 2.103GB
 80af3a31ab5a Downloading 2.103GB
 80af3a31ab5a Downloading 2.104GB
 80af3a31ab5a Downloading 2.104GB
 80af3a31ab5a Downloading 2.106GB
 80af3a31ab5a Downloading 2.106GB
 80af3a31ab5a Downloading 2.107GB
 80af3a31ab5a Downloading 2.107GB
 80af3a31ab5a Downloading 2.108GB
 80af3a31ab5a Downloading 2.109GB
 80af3a31ab5a Downloading 2.109GB
 80af3a31ab5a Downloading 2.11GB
 80af3a31ab5a Downloading 2.11GB
 80af3a31ab5a Downloading 2.111GB
 80af3a31ab5a Downloading 2.111GB
 80af3a31ab5a Downloading 2.112GB
 80af3a31ab5a Downloading 2.112GB
 80af3a31ab5a Downloading 2.113GB
 80af3a31ab5a Downloading 2.113GB
 80af3a31ab5a Downloading 2.114GB
 80af3a31ab5a Downloading 2.114GB
 80af3a31ab5a Downloading 2.115GB
 80af3a31ab5a Downloading 2.116GB
 80af3a31ab5a Downloading 2.116GB
 80af3a31ab5a Downloading 2.117GB
 80af3a31ab5a Downloading 2.117GB
 80af3a31ab5a Downloading 2.118GB
 80af3a31ab5a Downloading 2.118GB
 80af3a31ab5a Downloading 2.119GB
 80af3a31ab5a Downloading 2.119GB
 80af3a31ab5a Downloading 2.12GB
 80af3a31ab5a Downloading 2.12GB
 80af3a31ab5a Downloading 2.121GB
 80af3a31ab5a Downloading 2.121GB
 80af3a31ab5a Downloading 2.122GB
 80af3a31ab5a Downloading 2.122GB
 80af3a31ab5a Downloading 2.123GB
 80af3a31ab5a Downloading 2.124GB
 80af3a31ab5a Downloading 2.124GB
 80af3a31ab5a Downloading 2.124GB
 80af3a31ab5a Downloading 2.125GB
 80af3a31ab5a Downloading 2.127GB
 80af3a31ab5a Downloading 2.127GB
 80af3a31ab5a Downloading 2.128GB
 80af3a31ab5a Downloading 2.128GB
 80af3a31ab5a Downloading 2.129GB
 80af3a31ab5a Downloading 2.129GB
 80af3a31ab5a Downloading 2.13GB
 80af3a31ab5a Downloading 2.13GB
 80af3a31ab5a Downloading 2.131GB
 80af3a31ab5a Downloading 2.131GB
 80af3a31ab5a Downloading 2.132GB
 80af3a31ab5a Downloading 2.133GB
 80af3a31ab5a Downloading 2.133GB
 80af3a31ab5a Downloading 2.134GB
 80af3a31ab5a Downloading 2.134GB
 80af3a31ab5a Downloading 2.135GB
 80af3a31ab5a Downloading 2.135GB
 80af3a31ab5a Downloading 2.136GB
 80af3a31ab5a Downloading 2.136GB
 80af3a31ab5a Downloading 2.137GB
 80af3a31ab5a Downloading 2.137GB
 80af3a31ab5a Downloading 2.137GB
 80af3a31ab5a Downloading 2.138GB
 80af3a31ab5a Downloading 2.138GB
 80af3a31ab5a Downloading 2.139GB
 80af3a31ab5a Downloading 2.139GB
 80af3a31ab5a Downloading 2.14GB
 80af3a31ab5a Downloading 2.14GB
 80af3a31ab5a Downloading 2.14GB
 80af3a31ab5a Downloading 2.141GB
 80af3a31ab5a Downloading 2.141GB
 80af3a31ab5a Downloading 2.141GB
 80af3a31ab5a Downloading 2.142GB
 80af3a31ab5a Downloading 2.142GB
 80af3a31ab5a Downloading 2.142GB
 80af3a31ab5a Downloading 2.142GB
 80af3a31ab5a Downloading 2.142GB
 80af3a31ab5a Downloading 2.142GB
 80af3a31ab5a Downloading 2.142GB
 80af3a31ab5a Downloading 2.142GB
 80af3a31ab5a Downloading 2.143GB
 80af3a31ab5a Downloading 2.143GB
 80af3a31ab5a Downloading 2.144GB
 80af3a31ab5a Downloading 2.145GB
 80af3a31ab5a Downloading 2.145GB
 80af3a31ab5a Downloading 2.146GB
 80af3a31ab5a Downloading 2.146GB
 80af3a31ab5a Downloading 2.147GB
 80af3a31ab5a Downloading 2.147GB
 80af3a31ab5a Downloading 2.149GB
 80af3a31ab5a Downloading 2.149GB
 80af3a31ab5a Downloading 2.15GB
 80af3a31ab5a Downloading 2.15GB
 80af3a31ab5a Downloading 2.151GB
 80af3a31ab5a Downloading 2.151GB
 80af3a31ab5a Downloading 2.152GB
 80af3a31ab5a Downloading 2.152GB
 80af3a31ab5a Downloading 2.153GB
 80af3a31ab5a Downloading 2.153GB
 80af3a31ab5a Downloading 2.154GB
 80af3a31ab5a Downloading 2.154GB
 80af3a31ab5a Downloading 2.155GB
 80af3a31ab5a Downloading 2.155GB
 80af3a31ab5a Downloading 2.156GB
 80af3a31ab5a Downloading 2.156GB
 80af3a31ab5a Downloading 2.157GB
 80af3a31ab5a Downloading 2.157GB
 80af3a31ab5a Downloading 2.158GB
 80af3a31ab5a Downloading 2.158GB
 80af3a31ab5a Downloading 2.159GB
 80af3a31ab5a Downloading 2.16GB
 80af3a31ab5a Downloading 2.16GB
 80af3a31ab5a Downloading 2.16GB
 80af3a31ab5a Downloading 2.161GB
 80af3a31ab5a Downloading 2.161GB
 80af3a31ab5a Downloading 2.162GB
 80af3a31ab5a Downloading 2.163GB
 80af3a31ab5a Downloading 2.163GB
 80af3a31ab5a Downloading 2.164GB
 80af3a31ab5a Downloading 2.164GB
 80af3a31ab5a Downloading 2.165GB
 80af3a31ab5a Downloading 2.165GB
 80af3a31ab5a Downloading 2.166GB
 80af3a31ab5a Downloading 2.166GB
 80af3a31ab5a Downloading 2.167GB
 80af3a31ab5a Downloading 2.167GB
 80af3a31ab5a Downloading 2.168GB
 80af3a31ab5a Downloading 2.168GB
 80af3a31ab5a Downloading 2.17GB
 80af3a31ab5a Downloading 2.17GB
 80af3a31ab5a Downloading 2.171GB
 80af3a31ab5a Downloading 2.171GB
 80af3a31ab5a Downloading 2.172GB
 80af3a31ab5a Downloading 2.172GB
 80af3a31ab5a Downloading 2.173GB
 80af3a31ab5a Downloading 2.173GB
 80af3a31ab5a Downloading 2.174GB
 80af3a31ab5a Downloading 2.174GB
 80af3a31ab5a Downloading 2.174GB
 80af3a31ab5a Downloading 2.175GB
 80af3a31ab5a Downloading 2.175GB
 80af3a31ab5a Downloading 2.176GB
 80af3a31ab5a Downloading 2.176GB
 80af3a31ab5a Downloading 2.177GB
 80af3a31ab5a Downloading 2.177GB
 80af3a31ab5a Downloading 2.178GB
 80af3a31ab5a Downloading 2.178GB
 80af3a31ab5a Downloading 2.179GB
 80af3a31ab5a Downloading 2.179GB
 80af3a31ab5a Downloading 2.18GB
 80af3a31ab5a Downloading 2.181GB
 80af3a31ab5a Downloading 2.181GB
 80af3a31ab5a Downloading 2.182GB
 80af3a31ab5a Downloading 2.182GB
 80af3a31ab5a Downloading 2.183GB
 80af3a31ab5a Downloading 2.183GB
 80af3a31ab5a Downloading 2.184GB
 80af3a31ab5a Downloading 2.184GB
 80af3a31ab5a Downloading 2.185GB
 80af3a31ab5a Downloading 2.185GB
 80af3a31ab5a Downloading 2.186GB
 80af3a31ab5a Downloading 2.186GB
 80af3a31ab5a Downloading 2.187GB
 80af3a31ab5a Downloading 2.188GB
 80af3a31ab5a Downloading 2.188GB
 80af3a31ab5a Downloading 2.189GB
 80af3a31ab5a Downloading 2.189GB
 80af3a31ab5a Downloading 2.189GB
 80af3a31ab5a Downloading 2.19GB
 80af3a31ab5a Downloading 2.192GB
 80af3a31ab5a Downloading 2.192GB
 80af3a31ab5a Downloading 2.192GB
 80af3a31ab5a Downloading 2.193GB
 80af3a31ab5a Downloading 2.193GB
 80af3a31ab5a Downloading 2.194GB
 80af3a31ab5a Downloading 2.195GB
 80af3a31ab5a Downloading 2.195GB
 80af3a31ab5a Downloading 2.196GB
 80af3a31ab5a Downloading 2.196GB
 80af3a31ab5a Downloading 2.197GB
 80af3a31ab5a Downloading 2.197GB
 80af3a31ab5a Downloading 2.198GB
 80af3a31ab5a Downloading 2.198GB
 80af3a31ab5a Downloading 2.199GB
 80af3a31ab5a Downloading 2.199GB
 80af3a31ab5a Downloading 2.2GB
 80af3a31ab5a Downloading 2.2GB
 80af3a31ab5a Downloading 2.201GB
 80af3a31ab5a Downloading 2.201GB
 80af3a31ab5a Downloading 2.202GB
 80af3a31ab5a Downloading 2.202GB
 80af3a31ab5a Downloading 2.203GB
 80af3a31ab5a Downloading 2.203GB
 80af3a31ab5a Downloading 2.203GB
 80af3a31ab5a Downloading 2.204GB
 80af3a31ab5a Downloading 2.204GB
 80af3a31ab5a Downloading 2.205GB
 80af3a31ab5a Downloading 2.205GB
 80af3a31ab5a Downloading 2.206GB
 80af3a31ab5a Downloading 2.206GB
 80af3a31ab5a Downloading 2.206GB
 80af3a31ab5a Downloading 2.207GB
 80af3a31ab5a Downloading 2.207GB
 80af3a31ab5a Downloading 2.208GB
 80af3a31ab5a Downloading 2.208GB
 80af3a31ab5a Downloading 2.209GB
 80af3a31ab5a Downloading 2.209GB
 80af3a31ab5a Downloading 2.21GB
 80af3a31ab5a Downloading 2.21GB
 80af3a31ab5a Downloading 2.211GB
 80af3a31ab5a Downloading 2.211GB
 80af3a31ab5a Downloading 2.211GB
 80af3a31ab5a Downloading 2.211GB
 80af3a31ab5a Downloading 2.211GB
 80af3a31ab5a Downloading 2.212GB
 80af3a31ab5a Downloading 2.212GB
 80af3a31ab5a Downloading 2.212GB
 80af3a31ab5a Downloading 2.212GB
 80af3a31ab5a Downloading 2.212GB
 80af3a31ab5a Downloading 2.212GB
 80af3a31ab5a Downloading 2.212GB
 80af3a31ab5a Downloading 2.212GB
 80af3a31ab5a Downloading 2.212GB
 80af3a31ab5a Downloading 2.212GB
 80af3a31ab5a Downloading 2.212GB
 80af3a31ab5a Downloading 2.212GB
 80af3a31ab5a Downloading 2.214GB
 80af3a31ab5a Downloading 2.214GB
 80af3a31ab5a Downloading 2.214GB
 80af3a31ab5a Downloading 2.214GB
 80af3a31ab5a Downloading 2.214GB
 80af3a31ab5a Downloading 2.214GB
 80af3a31ab5a Downloading 2.214GB
 80af3a31ab5a Downloading 2.214GB
 80af3a31ab5a Downloading 2.214GB
 80af3a31ab5a Downloading 2.214GB
 80af3a31ab5a Downloading 2.214GB
 80af3a31ab5a Downloading 2.215GB
 80af3a31ab5a Downloading 2.215GB
 80af3a31ab5a Downloading 2.215GB
 80af3a31ab5a Downloading 2.215GB
 80af3a31ab5a Downloading 2.215GB
 80af3a31ab5a Downloading 2.216GB
 80af3a31ab5a Downloading 2.216GB
 80af3a31ab5a Downloading 2.217GB
 80af3a31ab5a Downloading 2.218GB
 80af3a31ab5a Downloading 2.219GB
 80af3a31ab5a Downloading 2.219GB
 80af3a31ab5a Downloading 2.22GB
 80af3a31ab5a Downloading 2.22GB
 80af3a31ab5a Downloading 2.221GB
 80af3a31ab5a Downloading 2.221GB
 80af3a31ab5a Downloading 2.222GB
 80af3a31ab5a Downloading 2.222GB
 80af3a31ab5a Downloading 2.223GB
 80af3a31ab5a Downloading 2.223GB
 80af3a31ab5a Downloading 2.223GB
 80af3a31ab5a Downloading 2.224GB
 80af3a31ab5a Downloading 2.224GB
 80af3a31ab5a Downloading 2.225GB
 80af3a31ab5a Downloading 2.225GB
 80af3a31ab5a Downloading 2.225GB
 80af3a31ab5a Downloading 2.226GB
 80af3a31ab5a Downloading 2.226GB
 80af3a31ab5a Downloading 2.227GB
 80af3a31ab5a Downloading 2.227GB
 80af3a31ab5a Downloading 2.227GB
 80af3a31ab5a Downloading 2.227GB
 80af3a31ab5a Downloading 2.227GB
 80af3a31ab5a Downloading 2.228GB
 80af3a31ab5a Downloading 2.228GB
 80af3a31ab5a Downloading 2.229GB
 80af3a31ab5a Downloading 2.23GB
 80af3a31ab5a Downloading 2.23GB
 80af3a31ab5a Downloading 2.231GB
 80af3a31ab5a Downloading 2.231GB
 80af3a31ab5a Downloading 2.232GB
 80af3a31ab5a Downloading 2.232GB
 80af3a31ab5a Downloading 2.232GB
 80af3a31ab5a Downloading 2.233GB
 80af3a31ab5a Downloading 2.233GB
 80af3a31ab5a Downloading 2.233GB
 80af3a31ab5a Downloading 2.233GB
 80af3a31ab5a Downloading 2.235GB
 80af3a31ab5a Downloading 2.235GB
 80af3a31ab5a Downloading 2.236GB
 80af3a31ab5a Downloading 2.236GB
 80af3a31ab5a Downloading 2.236GB
 80af3a31ab5a Downloading 2.237GB
 80af3a31ab5a Downloading 2.237GB
 80af3a31ab5a Downloading 2.238GB
 80af3a31ab5a Downloading 2.238GB
 80af3a31ab5a Downloading 2.238GB
 80af3a31ab5a Downloading 2.239GB
 80af3a31ab5a Downloading 2.239GB
 80af3a31ab5a Downloading 2.24GB
 80af3a31ab5a Downloading 2.24GB
 80af3a31ab5a Downloading 2.241GB
 80af3a31ab5a Downloading 2.241GB
 80af3a31ab5a Downloading 2.241GB
 80af3a31ab5a Downloading 2.242GB
 80af3a31ab5a Downloading 2.242GB
 80af3a31ab5a Downloading 2.243GB
 80af3a31ab5a Downloading 2.243GB
 80af3a31ab5a Downloading 2.244GB
 80af3a31ab5a Downloading 2.244GB
 80af3a31ab5a Downloading 2.245GB
 80af3a31ab5a Downloading 2.245GB
 80af3a31ab5a Downloading 2.246GB
 80af3a31ab5a Downloading 2.246GB
 80af3a31ab5a Downloading 2.247GB
 80af3a31ab5a Downloading 2.247GB
 80af3a31ab5a Downloading 2.248GB
 80af3a31ab5a Downloading 2.248GB
 80af3a31ab5a Downloading 2.249GB
 80af3a31ab5a Downloading 2.249GB
 80af3a31ab5a Downloading 2.25GB
 80af3a31ab5a Downloading 2.25GB
 80af3a31ab5a Downloading 2.25GB
 80af3a31ab5a Downloading 2.251GB
 80af3a31ab5a Downloading 2.251GB
 80af3a31ab5a Downloading 2.252GB
 80af3a31ab5a Downloading 2.252GB
 80af3a31ab5a Downloading 2.253GB
 80af3a31ab5a Downloading 2.253GB
 80af3a31ab5a Downloading 2.253GB
 80af3a31ab5a Downloading 2.254GB
 80af3a31ab5a Downloading 2.254GB
 80af3a31ab5a Downloading 2.255GB
 80af3a31ab5a Downloading 2.255GB
 80af3a31ab5a Downloading 2.255GB
 80af3a31ab5a Downloading 2.257GB
 80af3a31ab5a Downloading 2.257GB
 80af3a31ab5a Downloading 2.257GB
 80af3a31ab5a Downloading 2.257GB
 80af3a31ab5a Downloading 2.257GB
 80af3a31ab5a Downloading 2.257GB
 80af3a31ab5a Downloading 2.257GB
 80af3a31ab5a Downloading 2.258GB
 80af3a31ab5a Downloading 2.26GB
 80af3a31ab5a Downloading 2.26GB
 80af3a31ab5a Downloading 2.261GB
 80af3a31ab5a Downloading 2.261GB
 80af3a31ab5a Downloading 2.262GB
 80af3a31ab5a Downloading 2.262GB
 80af3a31ab5a Downloading 2.263GB
 80af3a31ab5a Downloading 2.263GB
 80af3a31ab5a Downloading 2.264GB
 80af3a31ab5a Downloading 2.264GB
 80af3a31ab5a Downloading 2.264GB
 80af3a31ab5a Downloading 2.265GB
 80af3a31ab5a Downloading 2.265GB
 80af3a31ab5a Downloading 2.266GB
 80af3a31ab5a Downloading 2.266GB
 80af3a31ab5a Downloading 2.267GB
 80af3a31ab5a Downloading 2.267GB
 80af3a31ab5a Downloading 2.268GB
 80af3a31ab5a Downloading 2.268GB
 80af3a31ab5a Downloading 2.268GB
 80af3a31ab5a Downloading 2.268GB
 80af3a31ab5a Downloading 2.268GB
 80af3a31ab5a Downloading 2.269GB
 80af3a31ab5a Downloading 2.269GB
 80af3a31ab5a Downloading 2.269GB
 80af3a31ab5a Downloading 2.27GB
 80af3a31ab5a Downloading 2.27GB
 80af3a31ab5a Downloading 2.271GB
 80af3a31ab5a Downloading 2.271GB
 80af3a31ab5a Downloading 2.272GB
 80af3a31ab5a Downloading 2.272GB
 80af3a31ab5a Downloading 2.272GB
 80af3a31ab5a Downloading 2.273GB
 80af3a31ab5a Downloading 2.273GB
 80af3a31ab5a Downloading 2.274GB
 80af3a31ab5a Downloading 2.274GB
 80af3a31ab5a Downloading 2.274GB
 80af3a31ab5a Downloading 2.275GB
 80af3a31ab5a Downloading 2.275GB
 80af3a31ab5a Downloading 2.276GB
 80af3a31ab5a Downloading 2.276GB
 80af3a31ab5a Downloading 2.276GB
 80af3a31ab5a Downloading 2.278GB
 80af3a31ab5a Downloading 2.278GB
 80af3a31ab5a Downloading 2.278GB
 80af3a31ab5a Downloading 2.279GB
 80af3a31ab5a Downloading 2.279GB
 80af3a31ab5a Downloading 2.279GB
 80af3a31ab5a Downloading 2.279GB
 80af3a31ab5a Downloading 2.279GB
 80af3a31ab5a Downloading 2.28GB
 80af3a31ab5a Downloading 2.281GB
 80af3a31ab5a Downloading 2.281GB
 80af3a31ab5a Downloading 2.282GB
 80af3a31ab5a Downloading 2.282GB
 80af3a31ab5a Downloading 2.283GB
 80af3a31ab5a Downloading 2.283GB
 80af3a31ab5a Downloading 2.283GB
 80af3a31ab5a Downloading 2.284GB
 80af3a31ab5a Downloading 2.284GB
 80af3a31ab5a Downloading 2.284GB
 80af3a31ab5a Downloading 2.285GB
 80af3a31ab5a Downloading 2.285GB
 80af3a31ab5a Downloading 2.286GB
 80af3a31ab5a Downloading 2.286GB
 80af3a31ab5a Downloading 2.286GB
 80af3a31ab5a Downloading 2.287GB
 80af3a31ab5a Downloading 2.287GB
 80af3a31ab5a Downloading 2.288GB
 80af3a31ab5a Downloading 2.288GB
 80af3a31ab5a Downloading 2.288GB
 80af3a31ab5a Downloading 2.289GB
 80af3a31ab5a Downloading 2.289GB
 80af3a31ab5a Downloading 2.29GB
 80af3a31ab5a Downloading 2.29GB
 80af3a31ab5a Downloading 2.29GB
 80af3a31ab5a Downloading 2.291GB
 80af3a31ab5a Downloading 2.291GB
 80af3a31ab5a Downloading 2.292GB
 80af3a31ab5a Downloading 2.292GB
 80af3a31ab5a Downloading 2.292GB
 80af3a31ab5a Downloading 2.293GB
 80af3a31ab5a Downloading 2.293GB
 80af3a31ab5a Downloading 2.294GB
 80af3a31ab5a Downloading 2.294GB
 80af3a31ab5a Downloading 2.294GB
 80af3a31ab5a Downloading 2.295GB
 80af3a31ab5a Downloading 2.295GB
 80af3a31ab5a Downloading 2.296GB
 80af3a31ab5a Downloading 2.296GB
 80af3a31ab5a Downloading 2.296GB
 80af3a31ab5a Downloading 2.297GB
 80af3a31ab5a Downloading 2.297GB
 80af3a31ab5a Downloading 2.298GB
 80af3a31ab5a Downloading 2.298GB
 80af3a31ab5a Downloading 2.298GB
 80af3a31ab5a Downloading 2.3GB
 80af3a31ab5a Downloading 2.3GB
 80af3a31ab5a Downloading 2.3GB
 80af3a31ab5a Downloading 2.301GB
 80af3a31ab5a Downloading 2.301GB
 80af3a31ab5a Downloading 2.301GB
 80af3a31ab5a Downloading 2.302GB
 80af3a31ab5a Downloading 2.302GB
 80af3a31ab5a Downloading 2.303GB
 80af3a31ab5a Downloading 2.303GB
 80af3a31ab5a Downloading 2.303GB
 80af3a31ab5a Downloading 2.304GB
 80af3a31ab5a Downloading 2.304GB
 80af3a31ab5a Downloading 2.305GB
 80af3a31ab5a Downloading 2.305GB
 80af3a31ab5a Downloading 2.305GB
 80af3a31ab5a Downloading 2.306GB
 80af3a31ab5a Downloading 2.306GB
 80af3a31ab5a Downloading 2.306GB
 80af3a31ab5a Downloading 2.306GB
 80af3a31ab5a Downloading 2.307GB
 80af3a31ab5a Downloading 2.307GB
 80af3a31ab5a Downloading 2.307GB
 80af3a31ab5a Downloading 2.308GB
 80af3a31ab5a Downloading 2.308GB
 80af3a31ab5a Downloading 2.308GB
 80af3a31ab5a Downloading 2.308GB
 80af3a31ab5a Downloading 2.308GB
 80af3a31ab5a Downloading 2.309GB
 80af3a31ab5a Downloading 2.309GB
 80af3a31ab5a Downloading 2.309GB
 80af3a31ab5a Downloading 2.31GB
 80af3a31ab5a Downloading 2.31GB
 80af3a31ab5a Downloading 2.31GB
 80af3a31ab5a Downloading 2.31GB
 80af3a31ab5a Downloading 2.311GB
 80af3a31ab5a Downloading 2.311GB
 80af3a31ab5a Downloading 2.311GB
 80af3a31ab5a Downloading 2.312GB
 80af3a31ab5a Downloading 2.312GB
 80af3a31ab5a Downloading 2.312GB
 80af3a31ab5a Downloading 2.313GB
 80af3a31ab5a Downloading 2.313GB
 80af3a31ab5a Downloading 2.313GB
 80af3a31ab5a Downloading 2.314GB
 80af3a31ab5a Downloading 2.314GB
 80af3a31ab5a Downloading 2.314GB
 80af3a31ab5a Downloading 2.314GB
 80af3a31ab5a Downloading 2.314GB
 80af3a31ab5a Downloading 2.314GB
 80af3a31ab5a Downloading 2.314GB
 80af3a31ab5a Downloading 2.315GB
 80af3a31ab5a Downloading 2.316GB
 80af3a31ab5a Downloading 2.317GB
 80af3a31ab5a Downloading 2.318GB
 80af3a31ab5a Downloading 2.318GB
 80af3a31ab5a Downloading 2.318GB
 80af3a31ab5a Downloading 2.319GB
 80af3a31ab5a Downloading 2.319GB
 80af3a31ab5a Downloading 2.319GB
 80af3a31ab5a Downloading 2.32GB
 80af3a31ab5a Downloading 2.32GB
 80af3a31ab5a Downloading 2.322GB
 80af3a31ab5a Downloading 2.322GB
 80af3a31ab5a Downloading 2.322GB
 80af3a31ab5a Downloading 2.323GB
 80af3a31ab5a Downloading 2.323GB
 80af3a31ab5a Downloading 2.323GB
 80af3a31ab5a Downloading 2.324GB
 80af3a31ab5a Downloading 2.324GB
 80af3a31ab5a Downloading 2.325GB
 80af3a31ab5a Downloading 2.325GB
 80af3a31ab5a Downloading 2.325GB
 80af3a31ab5a Downloading 2.326GB
 80af3a31ab5a Downloading 2.326GB
 80af3a31ab5a Downloading 2.326GB
 80af3a31ab5a Downloading 2.327GB
 80af3a31ab5a Downloading 2.327GB
 80af3a31ab5a Downloading 2.328GB
 80af3a31ab5a Downloading 2.328GB
 80af3a31ab5a Downloading 2.328GB
 80af3a31ab5a Downloading 2.329GB
 80af3a31ab5a Downloading 2.329GB
 80af3a31ab5a Downloading 2.33GB
 80af3a31ab5a Downloading 2.33GB
 80af3a31ab5a Downloading 2.33GB
 80af3a31ab5a Downloading 2.331GB
 80af3a31ab5a Downloading 2.331GB
 80af3a31ab5a Downloading 2.332GB
 80af3a31ab5a Downloading 2.332GB
 80af3a31ab5a Downloading 2.333GB
 80af3a31ab5a Downloading 2.333GB
 80af3a31ab5a Downloading 2.333GB
 80af3a31ab5a Downloading 2.334GB
 80af3a31ab5a Downloading 2.334GB
 80af3a31ab5a Downloading 2.335GB
 80af3a31ab5a Downloading 2.335GB
 80af3a31ab5a Downloading 2.336GB
 80af3a31ab5a Downloading 2.336GB
 80af3a31ab5a Downloading 2.337GB
 80af3a31ab5a Downloading 2.337GB
 80af3a31ab5a Downloading 2.338GB
 80af3a31ab5a Downloading 2.338GB
 80af3a31ab5a Downloading 2.339GB
 80af3a31ab5a Downloading 2.339GB
 80af3a31ab5a Downloading 2.339GB
 80af3a31ab5a Downloading 2.34GB
 80af3a31ab5a Downloading 2.34GB
 80af3a31ab5a Downloading 2.341GB
 80af3a31ab5a Downloading 2.341GB
 80af3a31ab5a Downloading 2.343GB
 80af3a31ab5a Downloading 2.343GB
 80af3a31ab5a Downloading 2.343GB
 80af3a31ab5a Downloading 2.344GB
 80af3a31ab5a Downloading 2.344GB
 80af3a31ab5a Downloading 2.345GB
 80af3a31ab5a Downloading 2.345GB
 80af3a31ab5a Downloading 2.346GB
 80af3a31ab5a Downloading 2.346GB
 80af3a31ab5a Downloading 2.346GB
 80af3a31ab5a Downloading 2.347GB
 80af3a31ab5a Downloading 2.347GB
 80af3a31ab5a Downloading 2.348GB
 80af3a31ab5a Downloading 2.348GB
 80af3a31ab5a Downloading 2.349GB
 80af3a31ab5a Downloading 2.349GB
 80af3a31ab5a Downloading 2.349GB
 80af3a31ab5a Downloading 2.35GB
 80af3a31ab5a Downloading 2.35GB
 80af3a31ab5a Downloading 2.351GB
 80af3a31ab5a Downloading 2.351GB
 80af3a31ab5a Downloading 2.351GB
 80af3a31ab5a Downloading 2.352GB
 80af3a31ab5a Downloading 2.352GB
 80af3a31ab5a Downloading 2.353GB
 80af3a31ab5a Downloading 2.353GB
 80af3a31ab5a Downloading 2.353GB
 80af3a31ab5a Downloading 2.354GB
 80af3a31ab5a Downloading 2.354GB
 80af3a31ab5a Downloading 2.355GB
 80af3a31ab5a Downloading 2.355GB
 80af3a31ab5a Downloading 2.356GB
 80af3a31ab5a Downloading 2.356GB
 80af3a31ab5a Downloading 2.357GB
 80af3a31ab5a Downloading 2.357GB
 80af3a31ab5a Downloading 2.358GB
 80af3a31ab5a Downloading 2.358GB
 80af3a31ab5a Downloading 2.359GB
 80af3a31ab5a Downloading 2.359GB
 80af3a31ab5a Downloading 2.36GB
 80af3a31ab5a Downloading 2.36GB
 80af3a31ab5a Downloading 2.361GB
 80af3a31ab5a Downloading 2.361GB
 80af3a31ab5a Downloading 2.362GB
 80af3a31ab5a Downloading 2.362GB
 80af3a31ab5a Downloading 2.363GB
 80af3a31ab5a Downloading 2.363GB
 80af3a31ab5a Downloading 2.363GB
 80af3a31ab5a Downloading 2.365GB
 80af3a31ab5a Downloading 2.366GB
 80af3a31ab5a Downloading 2.366GB
 80af3a31ab5a Downloading 2.367GB
 80af3a31ab5a Downloading 2.367GB
 80af3a31ab5a Downloading 2.367GB
 80af3a31ab5a Downloading 2.368GB
 80af3a31ab5a Downloading 2.368GB
 80af3a31ab5a Downloading 2.369GB
 80af3a31ab5a Downloading 2.369GB
 80af3a31ab5a Downloading 2.37GB
 80af3a31ab5a Downloading 2.37GB
 80af3a31ab5a Downloading 2.37GB
 80af3a31ab5a Downloading 2.371GB
 80af3a31ab5a Downloading 2.371GB
 80af3a31ab5a Downloading 2.372GB
 80af3a31ab5a Downloading 2.372GB
 80af3a31ab5a Downloading 2.373GB
 80af3a31ab5a Downloading 2.373GB
 80af3a31ab5a Downloading 2.374GB
 80af3a31ab5a Downloading 2.374GB
 80af3a31ab5a Downloading 2.374GB
 80af3a31ab5a Downloading 2.375GB
 80af3a31ab5a Downloading 2.375GB
 80af3a31ab5a Downloading 2.376GB
 80af3a31ab5a Downloading 2.376GB
 80af3a31ab5a Downloading 2.376GB
 80af3a31ab5a Downloading 2.377GB
 80af3a31ab5a Downloading 2.377GB
 80af3a31ab5a Downloading 2.378GB
 80af3a31ab5a Downloading 2.378GB
 80af3a31ab5a Downloading 2.379GB
 80af3a31ab5a Downloading 2.379GB
 80af3a31ab5a Downloading 2.379GB
 80af3a31ab5a Downloading 2.38GB
 80af3a31ab5a Downloading 2.38GB
 80af3a31ab5a Downloading 2.381GB
 80af3a31ab5a Downloading 2.381GB
 80af3a31ab5a Downloading 2.381GB
 80af3a31ab5a Downloading 2.382GB
 80af3a31ab5a Downloading 2.382GB
 80af3a31ab5a Downloading 2.382GB
 80af3a31ab5a Downloading 2.383GB
 80af3a31ab5a Downloading 2.383GB
 80af3a31ab5a Downloading 2.384GB
 80af3a31ab5a Downloading 2.384GB
 80af3a31ab5a Downloading 2.384GB
 80af3a31ab5a Downloading 2.386GB
 80af3a31ab5a Downloading 2.386GB
 80af3a31ab5a Downloading 2.386GB
 80af3a31ab5a Downloading 2.387GB
 80af3a31ab5a Downloading 2.387GB
 80af3a31ab5a Downloading 2.388GB
 80af3a31ab5a Downloading 2.388GB
 80af3a31ab5a Downloading 2.388GB
 80af3a31ab5a Downloading 2.389GB
 80af3a31ab5a Downloading 2.389GB
 80af3a31ab5a Downloading 2.39GB
 80af3a31ab5a Downloading 2.39GB
 80af3a31ab5a Downloading 2.39GB
 80af3a31ab5a Downloading 2.391GB
 80af3a31ab5a Downloading 2.391GB
 80af3a31ab5a Downloading 2.392GB
 80af3a31ab5a Downloading 2.392GB
 80af3a31ab5a Downloading 2.392GB
 80af3a31ab5a Downloading 2.392GB
 80af3a31ab5a Downloading 2.392GB
 80af3a31ab5a Downloading 2.392GB
 80af3a31ab5a Downloading 2.392GB
 80af3a31ab5a Downloading 2.392GB
 80af3a31ab5a Downloading 2.392GB
 80af3a31ab5a Downloading 2.392GB
 80af3a31ab5a Downloading 2.393GB
 80af3a31ab5a Downloading 2.394GB
 80af3a31ab5a Downloading 2.395GB
 80af3a31ab5a Downloading 2.395GB
 80af3a31ab5a Downloading 2.396GB
 80af3a31ab5a Downloading 2.396GB
 80af3a31ab5a Downloading 2.397GB
 80af3a31ab5a Downloading 2.397GB
 80af3a31ab5a Downloading 2.397GB
 80af3a31ab5a Downloading 2.398GB
 80af3a31ab5a Downloading 2.398GB
 80af3a31ab5a Downloading 2.398GB
 80af3a31ab5a Downloading 2.399GB
 80af3a31ab5a Downloading 2.399GB
 80af3a31ab5a Downloading 2.4GB
 80af3a31ab5a Downloading 2.4GB
 80af3a31ab5a Downloading 2.4GB
 80af3a31ab5a Downloading 2.4GB
 80af3a31ab5a Downloading 2.401GB
 80af3a31ab5a Downloading 2.401GB
 80af3a31ab5a Downloading 2.401GB
 80af3a31ab5a Downloading 2.401GB
 80af3a31ab5a Downloading 2.402GB
 80af3a31ab5a Downloading 2.402GB
 80af3a31ab5a Downloading 2.402GB
 80af3a31ab5a Downloading 2.403GB
 80af3a31ab5a Downloading 2.403GB
 80af3a31ab5a Downloading 2.403GB
 80af3a31ab5a Downloading 2.403GB
 80af3a31ab5a Downloading 2.403GB
 80af3a31ab5a Downloading 2.403GB
 80af3a31ab5a Downloading 2.403GB
 80af3a31ab5a Downloading 2.403GB
 80af3a31ab5a Downloading 2.403GB
 80af3a31ab5a Downloading 2.403GB
 80af3a31ab5a Downloading 2.403GB
 80af3a31ab5a Downloading 2.403GB
 80af3a31ab5a Downloading 2.403GB
 80af3a31ab5a Downloading 2.403GB
 80af3a31ab5a Downloading 2.403GB
 80af3a31ab5a Downloading 2.403GB
 80af3a31ab5a Downloading 2.403GB
 80af3a31ab5a Downloading 2.403GB
 80af3a31ab5a Downloading 2.403GB
 80af3a31ab5a Downloading 2.403GB
 80af3a31ab5a Downloading 2.404GB
 80af3a31ab5a Downloading 2.404GB
 80af3a31ab5a Downloading 2.404GB
 80af3a31ab5a Downloading 2.404GB
 80af3a31ab5a Downloading 2.404GB
 80af3a31ab5a Downloading 2.404GB
 80af3a31ab5a Downloading 2.404GB
 80af3a31ab5a Downloading 2.404GB
 80af3a31ab5a Downloading 2.404GB
 80af3a31ab5a Downloading 2.405GB
 80af3a31ab5a Downloading 2.405GB
 80af3a31ab5a Downloading 2.405GB
 80af3a31ab5a Downloading 2.406GB
 80af3a31ab5a Downloading 2.406GB
 80af3a31ab5a Downloading 2.408GB
 80af3a31ab5a Downloading 2.408GB
 80af3a31ab5a Downloading 2.409GB
 80af3a31ab5a Downloading 2.409GB
 80af3a31ab5a Downloading 2.409GB
 80af3a31ab5a Downloading 2.41GB
 80af3a31ab5a Downloading 2.41GB
 80af3a31ab5a Downloading 2.41GB
 80af3a31ab5a Downloading 2.41GB
 80af3a31ab5a Downloading 2.41GB
 80af3a31ab5a Downloading 2.41GB
 80af3a31ab5a Downloading 2.412GB
 80af3a31ab5a Downloading 2.413GB
 80af3a31ab5a Downloading 2.413GB
 80af3a31ab5a Downloading 2.414GB
 80af3a31ab5a Downloading 2.414GB
 80af3a31ab5a Downloading 2.415GB
 80af3a31ab5a Downloading 2.415GB
 80af3a31ab5a Downloading 2.416GB
 80af3a31ab5a Downloading 2.416GB
 80af3a31ab5a Downloading 2.417GB
 80af3a31ab5a Downloading 2.417GB
 80af3a31ab5a Downloading 2.417GB
 80af3a31ab5a Downloading 2.417GB
 80af3a31ab5a Downloading 2.417GB
 80af3a31ab5a Downloading 2.417GB
 80af3a31ab5a Downloading 2.417GB
 80af3a31ab5a Downloading 2.419GB
 80af3a31ab5a Downloading 2.42GB
 80af3a31ab5a Downloading 2.42GB
 80af3a31ab5a Downloading 2.42GB
 80af3a31ab5a Downloading 2.421GB
 80af3a31ab5a Downloading 2.421GB
 80af3a31ab5a Downloading 2.422GB
 80af3a31ab5a Downloading 2.422GB
 80af3a31ab5a Downloading 2.422GB
 80af3a31ab5a Downloading 2.423GB
 80af3a31ab5a Downloading 2.423GB
 80af3a31ab5a Downloading 2.423GB
 80af3a31ab5a Downloading 2.424GB
 80af3a31ab5a Downloading 2.424GB
 80af3a31ab5a Downloading 2.425GB
 80af3a31ab5a Downloading 2.425GB
 80af3a31ab5a Downloading 2.425GB
 80af3a31ab5a Downloading 2.426GB
 80af3a31ab5a Downloading 2.426GB
 80af3a31ab5a Downloading 2.426GB
 80af3a31ab5a Downloading 2.427GB
 80af3a31ab5a Downloading 2.427GB
 80af3a31ab5a Downloading 2.429GB
 80af3a31ab5a Downloading 2.429GB
 80af3a31ab5a Downloading 2.429GB
 80af3a31ab5a Downloading 2.429GB
 80af3a31ab5a Downloading 2.43GB
 80af3a31ab5a Downloading 2.43GB
 80af3a31ab5a Downloading 2.43GB
 80af3a31ab5a Downloading 2.43GB
 80af3a31ab5a Downloading 2.431GB
 80af3a31ab5a Downloading 2.431GB
 80af3a31ab5a Downloading 2.432GB
 80af3a31ab5a Downloading 2.432GB
 80af3a31ab5a Downloading 2.432GB
 80af3a31ab5a Downloading 2.433GB
 80af3a31ab5a Downloading 2.433GB
 80af3a31ab5a Downloading 2.434GB
 80af3a31ab5a Downloading 2.434GB
 80af3a31ab5a Downloading 2.434GB
 80af3a31ab5a Downloading 2.435GB
 80af3a31ab5a Downloading 2.435GB
 80af3a31ab5a Downloading 2.436GB
 80af3a31ab5a Downloading 2.436GB
 80af3a31ab5a Downloading 2.436GB
 80af3a31ab5a Downloading 2.437GB
 80af3a31ab5a Downloading 2.437GB
 80af3a31ab5a Downloading 2.437GB
 80af3a31ab5a Downloading 2.438GB
 80af3a31ab5a Downloading 2.438GB
 80af3a31ab5a Downloading 2.438GB
 80af3a31ab5a Downloading 2.438GB
 80af3a31ab5a Downloading 2.438GB
 80af3a31ab5a Downloading 2.438GB
 80af3a31ab5a Downloading 2.439GB
 80af3a31ab5a Downloading 2.44GB
 80af3a31ab5a Downloading 2.441GB
 80af3a31ab5a Downloading 2.441GB
 80af3a31ab5a Downloading 2.442GB
 80af3a31ab5a Downloading 2.442GB
 80af3a31ab5a Downloading 2.442GB
 80af3a31ab5a Downloading 2.443GB
 80af3a31ab5a Downloading 2.443GB
 80af3a31ab5a Downloading 2.444GB
 80af3a31ab5a Downloading 2.444GB
 80af3a31ab5a Downloading 2.444GB
 80af3a31ab5a Downloading 2.445GB
 80af3a31ab5a Downloading 2.445GB
 80af3a31ab5a Downloading 2.445GB
 80af3a31ab5a Downloading 2.445GB
 80af3a31ab5a Downloading 2.446GB
 80af3a31ab5a Downloading 2.446GB
 80af3a31ab5a Downloading 2.446GB
 80af3a31ab5a Downloading 2.446GB
 80af3a31ab5a Downloading 2.447GB
 80af3a31ab5a Downloading 2.447GB
 80af3a31ab5a Downloading 2.447GB
 80af3a31ab5a Downloading 2.447GB
 80af3a31ab5a Downloading 2.448GB
 80af3a31ab5a Downloading 2.448GB
 80af3a31ab5a Downloading 2.448GB
 80af3a31ab5a Downloading 2.448GB
 80af3a31ab5a Downloading 2.449GB
 80af3a31ab5a Downloading 2.449GB
 80af3a31ab5a Downloading 2.449GB
 80af3a31ab5a Downloading 2.451GB
 80af3a31ab5a Downloading 2.451GB
 80af3a31ab5a Downloading 2.451GB
 80af3a31ab5a Downloading 2.452GB
 80af3a31ab5a Downloading 2.452GB
 80af3a31ab5a Downloading 2.453GB
 80af3a31ab5a Downloading 2.453GB
 80af3a31ab5a Downloading 2.453GB
 80af3a31ab5a Downloading 2.454GB
 80af3a31ab5a Downloading 2.454GB
 80af3a31ab5a Downloading 2.455GB
 80af3a31ab5a Downloading 2.455GB
 80af3a31ab5a Downloading 2.455GB
 80af3a31ab5a Downloading 2.456GB
 80af3a31ab5a Downloading 2.456GB
 80af3a31ab5a Downloading 2.457GB
 80af3a31ab5a Downloading 2.457GB
 80af3a31ab5a Downloading 2.457GB
 80af3a31ab5a Downloading 2.458GB
 80af3a31ab5a Downloading 2.458GB
 80af3a31ab5a Downloading 2.459GB
 80af3a31ab5a Downloading 2.459GB
 80af3a31ab5a Downloading 2.459GB
 80af3a31ab5a Downloading 2.46GB
 80af3a31ab5a Downloading 2.46GB
 80af3a31ab5a Downloading 2.461GB
 80af3a31ab5a Downloading 2.461GB
 80af3a31ab5a Downloading 2.461GB
 80af3a31ab5a Downloading 2.462GB
 80af3a31ab5a Downloading 2.462GB
 80af3a31ab5a Downloading 2.463GB
 80af3a31ab5a Downloading 2.463GB
 80af3a31ab5a Downloading 2.464GB
 80af3a31ab5a Downloading 2.464GB
 80af3a31ab5a Downloading 2.465GB
 80af3a31ab5a Downloading 2.465GB
 80af3a31ab5a Downloading 2.466GB
 80af3a31ab5a Downloading 2.466GB
 80af3a31ab5a Downloading 2.467GB
 80af3a31ab5a Downloading 2.467GB
 80af3a31ab5a Downloading 2.468GB
 80af3a31ab5a Downloading 2.468GB
 80af3a31ab5a Downloading 2.469GB
 80af3a31ab5a Downloading 2.469GB
 80af3a31ab5a Downloading 2.469GB
 80af3a31ab5a Downloading 2.47GB
 80af3a31ab5a Downloading 2.47GB
 80af3a31ab5a Downloading 2.471GB
 80af3a31ab5a Downloading 2.471GB
 80af3a31ab5a Downloading 2.471GB
 80af3a31ab5a Downloading 2.473GB
 80af3a31ab5a Downloading 2.473GB
 80af3a31ab5a Downloading 2.474GB
 80af3a31ab5a Downloading 2.474GB
 80af3a31ab5a Downloading 2.475GB
 80af3a31ab5a Downloading 2.475GB
 80af3a31ab5a Downloading 2.475GB
 80af3a31ab5a Downloading 2.476GB
 80af3a31ab5a Downloading 2.476GB
 80af3a31ab5a Downloading 2.477GB
 80af3a31ab5a Downloading 2.477GB
 80af3a31ab5a Downloading 2.477GB
 80af3a31ab5a Downloading 2.478GB
 80af3a31ab5a Downloading 2.478GB
 80af3a31ab5a Downloading 2.479GB
 80af3a31ab5a Downloading 2.479GB
 80af3a31ab5a Downloading 2.479GB
 80af3a31ab5a Downloading 2.48GB
 80af3a31ab5a Downloading 2.48GB
 80af3a31ab5a Downloading 2.481GB
 80af3a31ab5a Downloading 2.481GB
 80af3a31ab5a Downloading 2.482GB
 80af3a31ab5a Downloading 2.482GB
 80af3a31ab5a Downloading 2.482GB
 80af3a31ab5a Downloading 2.483GB
 80af3a31ab5a Downloading 2.483GB
 80af3a31ab5a Downloading 2.483GB
 80af3a31ab5a Downloading 2.484GB
 80af3a31ab5a Downloading 2.484GB
 80af3a31ab5a Downloading 2.485GB
 80af3a31ab5a Downloading 2.485GB
 80af3a31ab5a Downloading 2.486GB
 80af3a31ab5a Downloading 2.486GB
 80af3a31ab5a Downloading 2.486GB
 80af3a31ab5a Downloading 2.487GB
 80af3a31ab5a Downloading 2.487GB
 80af3a31ab5a Downloading 2.488GB
 80af3a31ab5a Downloading 2.488GB
 80af3a31ab5a Downloading 2.488GB
 80af3a31ab5a Downloading 2.489GB
 80af3a31ab5a Downloading 2.489GB
 80af3a31ab5a Downloading 2.49GB
 80af3a31ab5a Downloading 2.49GB
 80af3a31ab5a Downloading 2.491GB
 80af3a31ab5a Downloading 2.491GB
 80af3a31ab5a Downloading 2.491GB
 80af3a31ab5a Downloading 2.492GB
 80af3a31ab5a Downloading 2.492GB
 80af3a31ab5a Downloading 2.494GB
 80af3a31ab5a Downloading 2.494GB
 80af3a31ab5a Downloading 2.495GB
 80af3a31ab5a Downloading 2.495GB
 80af3a31ab5a Downloading 2.496GB
 80af3a31ab5a Downloading 2.496GB
 80af3a31ab5a Downloading 2.497GB
 80af3a31ab5a Downloading 2.497GB
 80af3a31ab5a Downloading 2.498GB
 80af3a31ab5a Downloading 2.498GB
 80af3a31ab5a Downloading 2.499GB
 80af3a31ab5a Downloading 2.499GB
 80af3a31ab5a Downloading 2.5GB
 80af3a31ab5a Downloading 2.501GB
 80af3a31ab5a Downloading 2.501GB
 80af3a31ab5a Downloading 2.502GB
 80af3a31ab5a Downloading 2.502GB
 80af3a31ab5a Downloading 2.503GB
 80af3a31ab5a Downloading 2.503GB
 80af3a31ab5a Downloading 2.504GB
 80af3a31ab5a Downloading 2.504GB
 80af3a31ab5a Downloading 2.504GB
 80af3a31ab5a Downloading 2.505GB
 80af3a31ab5a Downloading 2.505GB
 80af3a31ab5a Downloading 2.506GB
 80af3a31ab5a Downloading 2.506GB
 80af3a31ab5a Downloading 2.506GB
 80af3a31ab5a Downloading 2.507GB
 80af3a31ab5a Downloading 2.507GB
 80af3a31ab5a Downloading 2.507GB
 80af3a31ab5a Downloading 2.507GB
 80af3a31ab5a Downloading 2.507GB
 80af3a31ab5a Downloading 2.507GB
 80af3a31ab5a Downloading 2.507GB
 80af3a31ab5a Downloading 2.507GB
 80af3a31ab5a Downloading 2.507GB
 80af3a31ab5a Downloading 2.508GB
 80af3a31ab5a Downloading 2.509GB
 80af3a31ab5a Downloading 2.511GB
 80af3a31ab5a Downloading 2.512GB
 80af3a31ab5a Downloading 2.512GB
 80af3a31ab5a Downloading 2.513GB
 80af3a31ab5a Downloading 2.513GB
 80af3a31ab5a Downloading 2.514GB
 80af3a31ab5a Downloading 2.514GB
 80af3a31ab5a Downloading 2.514GB
 80af3a31ab5a Downloading 2.516GB
 80af3a31ab5a Downloading 2.516GB
 80af3a31ab5a Downloading 2.517GB
 80af3a31ab5a Downloading 2.517GB
 80af3a31ab5a Downloading 2.518GB
 80af3a31ab5a Downloading 2.518GB
 80af3a31ab5a Downloading 2.519GB
 80af3a31ab5a Downloading 2.519GB
 80af3a31ab5a Downloading 2.52GB
 80af3a31ab5a Downloading 2.52GB
 80af3a31ab5a Downloading 2.521GB
 80af3a31ab5a Downloading 2.521GB
 80af3a31ab5a Downloading 2.521GB
 80af3a31ab5a Downloading 2.521GB
 80af3a31ab5a Downloading 2.521GB
 80af3a31ab5a Downloading 2.521GB
 80af3a31ab5a Downloading 2.521GB
 80af3a31ab5a Downloading 2.521GB
 80af3a31ab5a Downloading 2.521GB
 80af3a31ab5a Downloading 2.521GB
 80af3a31ab5a Downloading 2.522GB
 80af3a31ab5a Downloading 2.522GB
 80af3a31ab5a Downloading 2.522GB
 80af3a31ab5a Downloading 2.522GB
 80af3a31ab5a Downloading 2.522GB
 80af3a31ab5a Downloading 2.523GB
 80af3a31ab5a Downloading 2.523GB
 80af3a31ab5a Downloading 2.524GB
 80af3a31ab5a Downloading 2.524GB
 80af3a31ab5a Downloading 2.524GB
 80af3a31ab5a Downloading 2.524GB
 80af3a31ab5a Downloading 2.524GB
 80af3a31ab5a Downloading 2.524GB
 80af3a31ab5a Downloading 2.525GB
 80af3a31ab5a Downloading 2.526GB
 80af3a31ab5a Downloading 2.528GB
 80af3a31ab5a Downloading 2.528GB
 80af3a31ab5a Downloading 2.529GB
 80af3a31ab5a Downloading 2.529GB
 80af3a31ab5a Downloading 2.53GB
 80af3a31ab5a Downloading 2.53GB
 80af3a31ab5a Downloading 2.531GB
 80af3a31ab5a Downloading 2.531GB
 80af3a31ab5a Downloading 2.532GB
 80af3a31ab5a Downloading 2.532GB
 80af3a31ab5a Downloading 2.533GB
 80af3a31ab5a Downloading 2.534GB
 80af3a31ab5a Downloading 2.534GB
 80af3a31ab5a Downloading 2.535GB
 80af3a31ab5a Downloading 2.535GB
 80af3a31ab5a Downloading 2.537GB
 80af3a31ab5a Downloading 2.537GB
 80af3a31ab5a Downloading 2.538GB
 80af3a31ab5a Downloading 2.538GB
 80af3a31ab5a Downloading 2.539GB
 80af3a31ab5a Downloading 2.539GB
 80af3a31ab5a Downloading 2.54GB
 80af3a31ab5a Downloading 2.54GB
 80af3a31ab5a Downloading 2.541GB
 80af3a31ab5a Downloading 2.541GB
 80af3a31ab5a Downloading 2.542GB
 80af3a31ab5a Downloading 2.542GB
 80af3a31ab5a Downloading 2.543GB
 80af3a31ab5a Downloading 2.543GB
 80af3a31ab5a Downloading 2.544GB
 80af3a31ab5a Downloading 2.544GB
 80af3a31ab5a Downloading 2.545GB
 80af3a31ab5a Downloading 2.545GB
 80af3a31ab5a Downloading 2.546GB
 80af3a31ab5a Downloading 2.546GB
 80af3a31ab5a Downloading 2.547GB
 80af3a31ab5a Downloading 2.547GB
 80af3a31ab5a Downloading 2.548GB
 80af3a31ab5a Downloading 2.548GB
 80af3a31ab5a Downloading 2.549GB
 80af3a31ab5a Downloading 2.549GB
 80af3a31ab5a Downloading 2.55GB
 80af3a31ab5a Downloading 2.55GB
 80af3a31ab5a Downloading 2.551GB
 80af3a31ab5a Downloading 2.551GB
 80af3a31ab5a Downloading 2.552GB
 80af3a31ab5a Downloading 2.552GB
 80af3a31ab5a Downloading 2.553GB
 80af3a31ab5a Downloading 2.554GB
 80af3a31ab5a Downloading 2.554GB
 80af3a31ab5a Downloading 2.555GB
 80af3a31ab5a Downloading 2.555GB
 80af3a31ab5a Downloading 2.556GB
 80af3a31ab5a Downloading 2.556GB
 80af3a31ab5a Downloading 2.557GB
 80af3a31ab5a Downloading 2.557GB
 80af3a31ab5a Downloading 2.559GB
 80af3a31ab5a Downloading 2.559GB
 80af3a31ab5a Downloading 2.56GB
 80af3a31ab5a Downloading 2.56GB
 80af3a31ab5a Downloading 2.561GB
 80af3a31ab5a Downloading 2.561GB
 80af3a31ab5a Downloading 2.561GB
 80af3a31ab5a Downloading 2.562GB
 80af3a31ab5a Downloading 2.562GB
 80af3a31ab5a Downloading 2.563GB
 80af3a31ab5a Downloading 2.563GB
 80af3a31ab5a Downloading 2.563GB
 80af3a31ab5a Downloading 2.563GB
 80af3a31ab5a Downloading 2.564GB
 80af3a31ab5a Downloading 2.565GB
 80af3a31ab5a Downloading 2.566GB
 80af3a31ab5a Downloading 2.567GB
 80af3a31ab5a Downloading 2.567GB
 80af3a31ab5a Downloading 2.568GB
 80af3a31ab5a Downloading 2.569GB
 80af3a31ab5a Downloading 2.569GB
 80af3a31ab5a Downloading 2.569GB
 80af3a31ab5a Downloading 2.57GB
 80af3a31ab5a Downloading 2.571GB
 80af3a31ab5a Downloading 2.571GB
 80af3a31ab5a Downloading 2.572GB
 80af3a31ab5a Downloading 2.572GB
 80af3a31ab5a Downloading 2.573GB
 80af3a31ab5a Downloading 2.573GB
 80af3a31ab5a Downloading 2.574GB
 80af3a31ab5a Downloading 2.574GB
 80af3a31ab5a Downloading 2.575GB
 80af3a31ab5a Downloading 2.575GB
 80af3a31ab5a Downloading 2.576GB
 80af3a31ab5a Downloading 2.577GB
 80af3a31ab5a Downloading 2.577GB
 80af3a31ab5a Downloading 2.578GB
 80af3a31ab5a Downloading 2.578GB
 80af3a31ab5a Downloading 2.579GB
 80af3a31ab5a Downloading 2.579GB
 80af3a31ab5a Downloading 2.581GB
 80af3a31ab5a Downloading 2.581GB
 80af3a31ab5a Downloading 2.582GB
 80af3a31ab5a Downloading 2.582GB
 80af3a31ab5a Downloading 2.583GB
 80af3a31ab5a Downloading 2.583GB
 80af3a31ab5a Downloading 2.584GB
 80af3a31ab5a Downloading 2.584GB
 80af3a31ab5a Downloading 2.585GB
 80af3a31ab5a Downloading 2.585GB
 80af3a31ab5a Downloading 2.586GB
 80af3a31ab5a Downloading 2.587GB
 80af3a31ab5a Downloading 2.587GB
 80af3a31ab5a Downloading 2.588GB
 80af3a31ab5a Downloading 2.588GB
 80af3a31ab5a Downloading 2.589GB
 80af3a31ab5a Downloading 2.589GB
 80af3a31ab5a Downloading 2.59GB
 80af3a31ab5a Downloading 2.59GB
 80af3a31ab5a Downloading 2.591GB
 80af3a31ab5a Downloading 2.591GB
 80af3a31ab5a Downloading 2.591GB
 80af3a31ab5a Downloading 2.592GB
 80af3a31ab5a Downloading 2.592GB
 80af3a31ab5a Downloading 2.593GB
 80af3a31ab5a Downloading 2.593GB
 80af3a31ab5a Downloading 2.594GB
 80af3a31ab5a Downloading 2.594GB
 80af3a31ab5a Downloading 2.595GB
 80af3a31ab5a Downloading 2.595GB
 80af3a31ab5a Downloading 2.595GB
 80af3a31ab5a Downloading 2.595GB
 80af3a31ab5a Downloading 2.595GB
 80af3a31ab5a Downloading 2.595GB
 80af3a31ab5a Downloading 2.595GB
 80af3a31ab5a Downloading 2.596GB
 80af3a31ab5a Downloading 2.598GB
 80af3a31ab5a Downloading 2.598GB
 80af3a31ab5a Downloading 2.599GB
 80af3a31ab5a Downloading 2.599GB
 80af3a31ab5a Downloading 2.599GB
 80af3a31ab5a Downloading 2.6GB
 80af3a31ab5a Downloading 2.6GB
 80af3a31ab5a Downloading 2.602GB
 80af3a31ab5a Downloading 2.602GB
 80af3a31ab5a Downloading 2.603GB
 80af3a31ab5a Downloading 2.603GB
 80af3a31ab5a Downloading 2.604GB
 80af3a31ab5a Downloading 2.605GB
 80af3a31ab5a Downloading 2.605GB
 80af3a31ab5a Downloading 2.606GB
 80af3a31ab5a Downloading 2.606GB
 80af3a31ab5a Downloading 2.607GB
 80af3a31ab5a Downloading 2.607GB
 80af3a31ab5a Downloading 2.608GB
 80af3a31ab5a Downloading 2.608GB
 80af3a31ab5a Downloading 2.609GB
 80af3a31ab5a Downloading 2.61GB
 80af3a31ab5a Downloading 2.61GB
 80af3a31ab5a Downloading 2.61GB
 80af3a31ab5a Downloading 2.611GB
 80af3a31ab5a Downloading 2.611GB
 80af3a31ab5a Downloading 2.612GB
 80af3a31ab5a Downloading 2.612GB
 80af3a31ab5a Downloading 2.613GB
 80af3a31ab5a Downloading 2.613GB
 80af3a31ab5a Downloading 2.614GB
 80af3a31ab5a Downloading 2.614GB
 80af3a31ab5a Downloading 2.615GB
 80af3a31ab5a Downloading 2.615GB
 80af3a31ab5a Downloading 2.616GB
 80af3a31ab5a Downloading 2.616GB
 80af3a31ab5a Downloading 2.616GB
 80af3a31ab5a Downloading 2.617GB
 80af3a31ab5a Downloading 2.617GB
 80af3a31ab5a Downloading 2.618GB
 80af3a31ab5a Downloading 2.618GB
 80af3a31ab5a Downloading 2.619GB
 80af3a31ab5a Downloading 2.619GB
 80af3a31ab5a Downloading 2.62GB
 80af3a31ab5a Downloading 2.62GB
 80af3a31ab5a Downloading 2.621GB
 80af3a31ab5a Downloading 2.621GB
 80af3a31ab5a Downloading 2.622GB
 80af3a31ab5a Downloading 2.622GB
 80af3a31ab5a Downloading 2.624GB
 80af3a31ab5a Downloading 2.624GB
 80af3a31ab5a Downloading 2.625GB
 80af3a31ab5a Downloading 2.625GB
 80af3a31ab5a Downloading 2.626GB
 80af3a31ab5a Downloading 2.626GB
 80af3a31ab5a Downloading 2.627GB
 80af3a31ab5a Downloading 2.628GB
 80af3a31ab5a Downloading 2.628GB
 80af3a31ab5a Downloading 2.629GB
 80af3a31ab5a Downloading 2.629GB
 80af3a31ab5a Downloading 2.629GB
 80af3a31ab5a Downloading 2.63GB
 80af3a31ab5a Downloading 2.63GB
 80af3a31ab5a Downloading 2.631GB
 80af3a31ab5a Downloading 2.631GB
 80af3a31ab5a Downloading 2.631GB
 80af3a31ab5a Downloading 2.632GB
 80af3a31ab5a Downloading 2.632GB
 80af3a31ab5a Downloading 2.633GB
 80af3a31ab5a Downloading 2.633GB
 80af3a31ab5a Downloading 2.634GB
 80af3a31ab5a Downloading 2.634GB
 80af3a31ab5a Downloading 2.635GB
 80af3a31ab5a Downloading 2.635GB
 80af3a31ab5a Downloading 2.636GB
 80af3a31ab5a Downloading 2.636GB
 80af3a31ab5a Downloading 2.637GB
 80af3a31ab5a Downloading 2.637GB
 80af3a31ab5a Downloading 2.638GB
 80af3a31ab5a Downloading 2.638GB
 80af3a31ab5a Downloading 2.639GB
 80af3a31ab5a Downloading 2.639GB
 80af3a31ab5a Downloading 2.64GB
 80af3a31ab5a Downloading 2.64GB
 80af3a31ab5a Downloading 2.641GB
 80af3a31ab5a Downloading 2.641GB
 80af3a31ab5a Downloading 2.642GB
 80af3a31ab5a Downloading 2.643GB
 80af3a31ab5a Downloading 2.643GB
 80af3a31ab5a Downloading 2.645GB
 80af3a31ab5a Downloading 2.645GB
 80af3a31ab5a Downloading 2.646GB
 80af3a31ab5a Downloading 2.646GB
 80af3a31ab5a Downloading 2.647GB
 80af3a31ab5a Downloading 2.647GB
 80af3a31ab5a Downloading 2.648GB
 80af3a31ab5a Downloading 2.648GB
 80af3a31ab5a Downloading 2.649GB
 80af3a31ab5a Downloading 2.649GB
 80af3a31ab5a Downloading 2.65GB
 80af3a31ab5a Downloading 2.65GB
 80af3a31ab5a Downloading 2.651GB
 80af3a31ab5a Downloading 2.652GB
 80af3a31ab5a Downloading 2.652GB
 80af3a31ab5a Downloading 2.653GB
 80af3a31ab5a Downloading 2.653GB
 80af3a31ab5a Downloading 2.654GB
 80af3a31ab5a Downloading 2.654GB
 80af3a31ab5a Downloading 2.655GB
 80af3a31ab5a Downloading 2.655GB
 80af3a31ab5a Downloading 2.656GB
 80af3a31ab5a Downloading 2.657GB
 80af3a31ab5a Downloading 2.657GB
 80af3a31ab5a Downloading 2.658GB
 80af3a31ab5a Downloading 2.658GB
 80af3a31ab5a Downloading 2.659GB
 80af3a31ab5a Downloading 2.659GB
 80af3a31ab5a Downloading 2.66GB
 80af3a31ab5a Downloading 2.66GB
 80af3a31ab5a Downloading 2.661GB
 80af3a31ab5a Downloading 2.662GB
 80af3a31ab5a Downloading 2.662GB
 80af3a31ab5a Downloading 2.663GB
 80af3a31ab5a Downloading 2.663GB
 80af3a31ab5a Downloading 2.664GB
 80af3a31ab5a Downloading 2.664GB
 80af3a31ab5a Downloading 2.665GB
 80af3a31ab5a Downloading 2.667GB
 80af3a31ab5a Downloading 2.667GB
 80af3a31ab5a Downloading 2.668GB
 80af3a31ab5a Downloading 2.668GB
 80af3a31ab5a Downloading 2.669GB
 80af3a31ab5a Downloading 2.67GB
 80af3a31ab5a Downloading 2.67GB
 80af3a31ab5a Downloading 2.671GB
 80af3a31ab5a Downloading 2.671GB
 80af3a31ab5a Downloading 2.672GB
 80af3a31ab5a Downloading 2.672GB
 80af3a31ab5a Downloading 2.673GB
 80af3a31ab5a Downloading 2.673GB
 80af3a31ab5a Downloading 2.674GB
 80af3a31ab5a Downloading 2.675GB
 80af3a31ab5a Downloading 2.675GB
 80af3a31ab5a Downloading 2.676GB
 80af3a31ab5a Downloading 2.676GB
 80af3a31ab5a Downloading 2.676GB
 80af3a31ab5a Downloading 2.676GB
 80af3a31ab5a Downloading 2.677GB
 80af3a31ab5a Downloading 2.677GB
 80af3a31ab5a Downloading 2.677GB
 80af3a31ab5a Downloading 2.677GB
 80af3a31ab5a Downloading 2.678GB
 80af3a31ab5a Downloading 2.678GB
 80af3a31ab5a Downloading 2.679GB
 80af3a31ab5a Downloading 2.679GB
 80af3a31ab5a Downloading 2.68GB
 80af3a31ab5a Downloading 2.68GB
 80af3a31ab5a Downloading 2.681GB
 80af3a31ab5a Downloading 2.682GB
 80af3a31ab5a Downloading 2.682GB
 80af3a31ab5a Downloading 2.683GB
 80af3a31ab5a Downloading 2.683GB
 80af3a31ab5a Downloading 2.684GB
 80af3a31ab5a Downloading 2.684GB
 80af3a31ab5a Downloading 2.685GB
 80af3a31ab5a Downloading 2.685GB
 80af3a31ab5a Downloading 2.686GB
 80af3a31ab5a Downloading 2.688GB
 80af3a31ab5a Downloading 2.688GB
 80af3a31ab5a Downloading 2.689GB
 80af3a31ab5a Downloading 2.689GB
 80af3a31ab5a Downloading 2.69GB
 80af3a31ab5a Downloading 2.69GB
 80af3a31ab5a Downloading 2.691GB
 80af3a31ab5a Downloading 2.692GB
 80af3a31ab5a Downloading 2.692GB
 80af3a31ab5a Downloading 2.693GB
 80af3a31ab5a Downloading 2.693GB
 80af3a31ab5a Downloading 2.694GB
 80af3a31ab5a Downloading 2.695GB
 80af3a31ab5a Downloading 2.695GB
 80af3a31ab5a Downloading 2.696GB
 80af3a31ab5a Downloading 2.696GB
 80af3a31ab5a Downloading 2.697GB
 80af3a31ab5a Downloading 2.697GB
 80af3a31ab5a Downloading 2.698GB
 80af3a31ab5a Downloading 2.699GB
 80af3a31ab5a Downloading 2.699GB
 80af3a31ab5a Downloading 2.7GB
 80af3a31ab5a Downloading 2.701GB
 80af3a31ab5a Downloading 2.701GB
 80af3a31ab5a Downloading 2.702GB
 80af3a31ab5a Downloading 2.702GB
 80af3a31ab5a Downloading 2.703GB
 80af3a31ab5a Downloading 2.703GB
 80af3a31ab5a Downloading 2.704GB
 80af3a31ab5a Downloading 2.705GB
 80af3a31ab5a Downloading 2.705GB
 80af3a31ab5a Downloading 2.706GB
 80af3a31ab5a Downloading 2.706GB
 80af3a31ab5a Downloading 2.707GB
 80af3a31ab5a Downloading 2.707GB
 80af3a31ab5a Downloading 2.708GB
 80af3a31ab5a Downloading 2.71GB
 80af3a31ab5a Downloading 2.71GB
 80af3a31ab5a Downloading 2.711GB
 80af3a31ab5a Downloading 2.712GB
 80af3a31ab5a Downloading 2.712GB
 80af3a31ab5a Downloading 2.713GB
 80af3a31ab5a Downloading 2.713GB
 80af3a31ab5a Downloading 2.714GB
 80af3a31ab5a Downloading 2.715GB
 80af3a31ab5a Downloading 2.715GB
 80af3a31ab5a Downloading 2.716GB
 80af3a31ab5a Downloading 2.716GB
 80af3a31ab5a Downloading 2.717GB
 80af3a31ab5a Downloading 2.717GB
 80af3a31ab5a Downloading 2.718GB
 80af3a31ab5a Downloading 2.718GB
 80af3a31ab5a Downloading 2.719GB
 80af3a31ab5a Downloading 2.72GB
 80af3a31ab5a Downloading 2.72GB
 80af3a31ab5a Downloading 2.721GB
 80af3a31ab5a Downloading 2.721GB
 80af3a31ab5a Downloading 2.722GB
 80af3a31ab5a Downloading 2.722GB
 80af3a31ab5a Downloading 2.723GB
 80af3a31ab5a Downloading 2.723GB
 80af3a31ab5a Downloading 2.724GB
 80af3a31ab5a Downloading 2.725GB
 80af3a31ab5a Downloading 2.725GB
 80af3a31ab5a Downloading 2.726GB
 80af3a31ab5a Downloading 2.726GB
 80af3a31ab5a Downloading 2.727GB
 80af3a31ab5a Downloading 2.727GB
 80af3a31ab5a Downloading 2.728GB
 80af3a31ab5a Downloading 2.729GB
 80af3a31ab5a Downloading 2.729GB
 80af3a31ab5a Downloading 2.729GB
 80af3a31ab5a Downloading 2.73GB
 80af3a31ab5a Downloading 2.73GB
 80af3a31ab5a Downloading 2.732GB
 80af3a31ab5a Downloading 2.732GB
 80af3a31ab5a Downloading 2.733GB
 80af3a31ab5a Downloading 2.734GB
 80af3a31ab5a Downloading 2.734GB
 80af3a31ab5a Downloading 2.734GB
 80af3a31ab5a Downloading 2.735GB
 80af3a31ab5a Downloading 2.736GB
 80af3a31ab5a Downloading 2.736GB
 80af3a31ab5a Downloading 2.737GB
 80af3a31ab5a Downloading 2.737GB
 80af3a31ab5a Downloading 2.738GB
 80af3a31ab5a Downloading 2.738GB
 80af3a31ab5a Downloading 2.739GB
 80af3a31ab5a Downloading 2.739GB
 80af3a31ab5a Downloading 2.74GB
 80af3a31ab5a Downloading 2.74GB
 80af3a31ab5a Downloading 2.741GB
 80af3a31ab5a Downloading 2.742GB
 80af3a31ab5a Downloading 2.742GB
 80af3a31ab5a Downloading 2.743GB
 80af3a31ab5a Downloading 2.743GB
 80af3a31ab5a Downloading 2.744GB
 80af3a31ab5a Downloading 2.744GB
 80af3a31ab5a Downloading 2.745GB
 80af3a31ab5a Downloading 2.745GB
 80af3a31ab5a Downloading 2.746GB
 80af3a31ab5a Downloading 2.746GB
 80af3a31ab5a Downloading 2.747GB
 80af3a31ab5a Downloading 2.747GB
 80af3a31ab5a Downloading 2.748GB
 80af3a31ab5a Downloading 2.749GB
 80af3a31ab5a Downloading 2.749GB
 80af3a31ab5a Downloading 2.75GB
 80af3a31ab5a Downloading 2.75GB
 80af3a31ab5a Downloading 2.751GB
 80af3a31ab5a Downloading 2.751GB
 80af3a31ab5a Downloading 2.753GB
 80af3a31ab5a Downloading 2.753GB
 80af3a31ab5a Downloading 2.754GB
 80af3a31ab5a Downloading 2.754GB
 80af3a31ab5a Downloading 2.755GB
 80af3a31ab5a Downloading 2.755GB
 80af3a31ab5a Downloading 2.756GB
 80af3a31ab5a Downloading 2.757GB
 80af3a31ab5a Downloading 2.757GB
 80af3a31ab5a Downloading 2.758GB
 80af3a31ab5a Downloading 2.758GB
 80af3a31ab5a Downloading 2.759GB
 80af3a31ab5a Downloading 2.759GB
 80af3a31ab5a Downloading 2.76GB
 80af3a31ab5a Downloading 2.76GB
 80af3a31ab5a Downloading 2.761GB
 80af3a31ab5a Downloading 2.761GB
 80af3a31ab5a Downloading 2.762GB
 80af3a31ab5a Downloading 2.762GB
 80af3a31ab5a Downloading 2.763GB
 80af3a31ab5a Downloading 2.763GB
 80af3a31ab5a Downloading 2.764GB
 80af3a31ab5a Downloading 2.764GB
 80af3a31ab5a Downloading 2.765GB
 80af3a31ab5a Downloading 2.765GB
 80af3a31ab5a Downloading 2.766GB
 80af3a31ab5a Downloading 2.767GB
 80af3a31ab5a Downloading 2.767GB
 80af3a31ab5a Downloading 2.768GB
 80af3a31ab5a Downloading 2.768GB
 80af3a31ab5a Downloading 2.769GB
 80af3a31ab5a Downloading 2.769GB
 80af3a31ab5a Downloading 2.77GB
 80af3a31ab5a Downloading 2.77GB
 80af3a31ab5a Downloading 2.771GB
 80af3a31ab5a Downloading 2.771GB
 80af3a31ab5a Downloading 2.772GB
 80af3a31ab5a Downloading 2.772GB
 80af3a31ab5a Downloading 2.773GB
 80af3a31ab5a Downloading 2.773GB
 80af3a31ab5a Downloading 2.775GB
 80af3a31ab5a Downloading 2.775GB
 80af3a31ab5a Downloading 2.776GB
 80af3a31ab5a Downloading 2.776GB
 80af3a31ab5a Downloading 2.777GB
 80af3a31ab5a Downloading 2.777GB
 80af3a31ab5a Downloading 2.778GB
 80af3a31ab5a Downloading 2.779GB
 80af3a31ab5a Downloading 2.779GB
 80af3a31ab5a Downloading 2.78GB
 80af3a31ab5a Downloading 2.78GB
 80af3a31ab5a Downloading 2.781GB
 80af3a31ab5a Downloading 2.781GB
 80af3a31ab5a Downloading 2.782GB
 80af3a31ab5a Downloading 2.782GB
 80af3a31ab5a Downloading 2.783GB
 80af3a31ab5a Downloading 2.783GB
 80af3a31ab5a Downloading 2.784GB
 80af3a31ab5a Downloading 2.784GB
 80af3a31ab5a Downloading 2.785GB
 80af3a31ab5a Downloading 2.785GB
 80af3a31ab5a Downloading 2.786GB
 80af3a31ab5a Downloading 2.786GB
 80af3a31ab5a Downloading 2.787GB
 80af3a31ab5a Downloading 2.787GB
 80af3a31ab5a Downloading 2.788GB
 80af3a31ab5a Downloading 2.788GB
 80af3a31ab5a Downloading 2.789GB
 80af3a31ab5a Downloading 2.789GB
 80af3a31ab5a Downloading 2.79GB
 80af3a31ab5a Downloading 2.79GB
 80af3a31ab5a Downloading 2.791GB
 80af3a31ab5a Downloading 2.792GB
 80af3a31ab5a Downloading 2.792GB
 80af3a31ab5a Downloading 2.793GB
 80af3a31ab5a Downloading 2.793GB
 80af3a31ab5a Downloading 2.794GB
 80af3a31ab5a Downloading 2.794GB
 80af3a31ab5a Downloading 2.796GB
 80af3a31ab5a Downloading 2.796GB
 80af3a31ab5a Downloading 2.797GB
 80af3a31ab5a Downloading 2.797GB
 80af3a31ab5a Downloading 2.798GB
 80af3a31ab5a Downloading 2.798GB
 80af3a31ab5a Downloading 2.799GB
 80af3a31ab5a Downloading 2.799GB
 80af3a31ab5a Downloading 2.8GB
 80af3a31ab5a Downloading 2.8GB
 80af3a31ab5a Downloading 2.801GB
 80af3a31ab5a Downloading 2.801GB
 80af3a31ab5a Downloading 2.802GB
 80af3a31ab5a Downloading 2.802GB
 80af3a31ab5a Downloading 2.802GB
 80af3a31ab5a Downloading 2.803GB
 80af3a31ab5a Downloading 2.803GB
 80af3a31ab5a Downloading 2.803GB
 80af3a31ab5a Downloading 2.804GB
 80af3a31ab5a Downloading 2.804GB
 80af3a31ab5a Downloading 2.805GB
 80af3a31ab5a Downloading 2.805GB
 80af3a31ab5a Downloading 2.805GB
 80af3a31ab5a Downloading 2.805GB
 80af3a31ab5a Downloading 2.806GB
 80af3a31ab5a Downloading 2.806GB
 80af3a31ab5a Downloading 2.806GB
 80af3a31ab5a Downloading 2.807GB
 80af3a31ab5a Downloading 2.807GB
 80af3a31ab5a Downloading 2.807GB
 80af3a31ab5a Downloading 2.808GB
 80af3a31ab5a Downloading 2.808GB
 80af3a31ab5a Downloading 2.809GB
 80af3a31ab5a Downloading 2.809GB
 80af3a31ab5a Downloading 2.809GB
 80af3a31ab5a Downloading 2.809GB
 80af3a31ab5a Downloading 2.81GB
 80af3a31ab5a Downloading 2.81GB
 80af3a31ab5a Downloading 2.81GB
 80af3a31ab5a Downloading 2.81GB
 80af3a31ab5a Downloading 2.811GB
 80af3a31ab5a Downloading 2.811GB
 80af3a31ab5a Downloading 2.812GB
 80af3a31ab5a Downloading 2.812GB
 80af3a31ab5a Downloading 2.812GB
 80af3a31ab5a Downloading 2.812GB
 80af3a31ab5a Downloading 2.813GB
 80af3a31ab5a Downloading 2.813GB
 80af3a31ab5a Downloading 2.813GB
 80af3a31ab5a Downloading 2.814GB
 80af3a31ab5a Downloading 2.814GB
 80af3a31ab5a Downloading 2.814GB
 80af3a31ab5a Downloading 2.815GB
 80af3a31ab5a Downloading 2.815GB
 80af3a31ab5a Downloading 2.815GB
 80af3a31ab5a Downloading 2.816GB
 80af3a31ab5a Downloading 2.816GB
 80af3a31ab5a Downloading 2.818GB
 80af3a31ab5a Downloading 2.818GB
 80af3a31ab5a Downloading 2.818GB
 80af3a31ab5a Downloading 2.819GB
 80af3a31ab5a Downloading 2.819GB
 80af3a31ab5a Downloading 2.82GB
 80af3a31ab5a Downloading 2.82GB
 80af3a31ab5a Downloading 2.821GB
 80af3a31ab5a Downloading 2.821GB
 80af3a31ab5a Downloading 2.821GB
 80af3a31ab5a Downloading 2.822GB
 80af3a31ab5a Downloading 2.822GB
 80af3a31ab5a Downloading 2.823GB
 80af3a31ab5a Downloading 2.823GB
 80af3a31ab5a Downloading 2.824GB
 80af3a31ab5a Downloading 2.824GB
 80af3a31ab5a Downloading 2.825GB
 80af3a31ab5a Downloading 2.825GB
 80af3a31ab5a Downloading 2.826GB
 80af3a31ab5a Downloading 2.826GB
 80af3a31ab5a Downloading 2.827GB
 80af3a31ab5a Downloading 2.827GB
 80af3a31ab5a Downloading 2.828GB
 80af3a31ab5a Downloading 2.828GB
 80af3a31ab5a Downloading 2.829GB
 80af3a31ab5a Downloading 2.83GB
 80af3a31ab5a Downloading 2.83GB
 80af3a31ab5a Downloading 2.831GB
 80af3a31ab5a Downloading 2.831GB
 80af3a31ab5a Downloading 2.832GB
 80af3a31ab5a Downloading 2.832GB
 80af3a31ab5a Downloading 2.833GB
 80af3a31ab5a Downloading 2.833GB
 80af3a31ab5a Downloading 2.833GB
 80af3a31ab5a Downloading 2.833GB
 80af3a31ab5a Downloading 2.833GB
 80af3a31ab5a Downloading 2.833GB
 80af3a31ab5a Downloading 2.833GB
 80af3a31ab5a Downloading 2.833GB
 80af3a31ab5a Downloading 2.833GB
 80af3a31ab5a Downloading 2.834GB
 80af3a31ab5a Downloading 2.834GB
 80af3a31ab5a Downloading 2.834GB
 80af3a31ab5a Downloading 2.835GB
 80af3a31ab5a Downloading 2.835GB
 80af3a31ab5a Downloading 2.836GB
 80af3a31ab5a Downloading 2.836GB
 80af3a31ab5a Downloading 2.837GB
 80af3a31ab5a Downloading 2.837GB
 80af3a31ab5a Downloading 2.837GB
 80af3a31ab5a Downloading 2.838GB
 80af3a31ab5a Downloading 2.838GB
 80af3a31ab5a Downloading 2.84GB
 80af3a31ab5a Downloading 2.84GB
 80af3a31ab5a Downloading 2.84GB
 80af3a31ab5a Downloading 2.841GB
 80af3a31ab5a Downloading 2.841GB
 80af3a31ab5a Downloading 2.842GB
 80af3a31ab5a Downloading 2.842GB
 80af3a31ab5a Downloading 2.843GB
 80af3a31ab5a Downloading 2.843GB
 80af3a31ab5a Downloading 2.843GB
 80af3a31ab5a Downloading 2.844GB
 80af3a31ab5a Downloading 2.844GB
 80af3a31ab5a Downloading 2.844GB
 80af3a31ab5a Downloading 2.845GB
 80af3a31ab5a Downloading 2.845GB
 80af3a31ab5a Downloading 2.846GB
 80af3a31ab5a Downloading 2.846GB
 80af3a31ab5a Downloading 2.846GB
 80af3a31ab5a Downloading 2.847GB
 80af3a31ab5a Downloading 2.847GB
 80af3a31ab5a Downloading 2.848GB
 80af3a31ab5a Downloading 2.848GB
 80af3a31ab5a Downloading 2.849GB
 80af3a31ab5a Downloading 2.849GB
 80af3a31ab5a Downloading 2.85GB
 80af3a31ab5a Downloading 2.85GB
 80af3a31ab5a Downloading 2.851GB
 80af3a31ab5a Downloading 2.851GB
 80af3a31ab5a Downloading 2.852GB
 80af3a31ab5a Downloading 2.852GB
 80af3a31ab5a Downloading 2.853GB
 80af3a31ab5a Downloading 2.853GB
 80af3a31ab5a Downloading 2.854GB
 80af3a31ab5a Downloading 2.854GB
 80af3a31ab5a Downloading 2.855GB
 80af3a31ab5a Downloading 2.855GB
 80af3a31ab5a Downloading 2.855GB
 80af3a31ab5a Downloading 2.856GB
 80af3a31ab5a Downloading 2.856GB
 80af3a31ab5a Downloading 2.857GB
 80af3a31ab5a Downloading 2.857GB
 80af3a31ab5a Downloading 2.858GB
 80af3a31ab5a Downloading 2.858GB
 80af3a31ab5a Downloading 2.859GB
 80af3a31ab5a Downloading 2.859GB
 80af3a31ab5a Downloading 2.859GB
 80af3a31ab5a Downloading 2.861GB
 80af3a31ab5a Downloading 2.861GB
 80af3a31ab5a Downloading 2.862GB
 80af3a31ab5a Downloading 2.862GB
 80af3a31ab5a Downloading 2.863GB
 80af3a31ab5a Downloading 2.863GB
 80af3a31ab5a Downloading 2.864GB
 80af3a31ab5a Downloading 2.864GB
 80af3a31ab5a Downloading 2.865GB
 80af3a31ab5a Downloading 2.865GB
 80af3a31ab5a Downloading 2.865GB
 80af3a31ab5a Downloading 2.866GB
 80af3a31ab5a Downloading 2.866GB
 80af3a31ab5a Downloading 2.867GB
 80af3a31ab5a Downloading 2.867GB
 80af3a31ab5a Downloading 2.867GB
 80af3a31ab5a Downloading 2.868GB
 80af3a31ab5a Downloading 2.868GB
 80af3a31ab5a Downloading 2.869GB
 80af3a31ab5a Downloading 2.869GB
 80af3a31ab5a Downloading 2.87GB
 80af3a31ab5a Downloading 2.87GB
 80af3a31ab5a Downloading 2.871GB
 80af3a31ab5a Downloading 2.871GB
 80af3a31ab5a Downloading 2.872GB
 80af3a31ab5a Downloading 2.872GB
 80af3a31ab5a Downloading 2.873GB
 80af3a31ab5a Downloading 2.873GB
 80af3a31ab5a Downloading 2.874GB
 80af3a31ab5a Downloading 2.874GB
 80af3a31ab5a Downloading 2.875GB
 80af3a31ab5a Downloading 2.875GB
 80af3a31ab5a Downloading 2.876GB
 80af3a31ab5a Downloading 2.876GB
 80af3a31ab5a Downloading 2.877GB
 80af3a31ab5a Downloading 2.878GB
 80af3a31ab5a Downloading 2.878GB
 80af3a31ab5a Downloading 2.879GB
 80af3a31ab5a Downloading 2.879GB
 80af3a31ab5a Downloading 2.88GB
 80af3a31ab5a Downloading 2.88GB
 80af3a31ab5a Downloading 2.881GB
 80af3a31ab5a Downloading 2.881GB
 80af3a31ab5a Downloading 2.883GB
 80af3a31ab5a Downloading 2.883GB
 80af3a31ab5a Downloading 2.884GB
 80af3a31ab5a Downloading 2.884GB
 80af3a31ab5a Downloading 2.885GB
 80af3a31ab5a Downloading 2.885GB
 80af3a31ab5a Downloading 2.886GB
 80af3a31ab5a Downloading 2.886GB
 80af3a31ab5a Downloading 2.887GB
 80af3a31ab5a Downloading 2.887GB
 80af3a31ab5a Downloading 2.888GB
 80af3a31ab5a Downloading 2.888GB
 80af3a31ab5a Downloading 2.889GB
 80af3a31ab5a Downloading 2.889GB
 80af3a31ab5a Downloading 2.889GB
 80af3a31ab5a Downloading 2.89GB
 80af3a31ab5a Downloading 2.89GB
 80af3a31ab5a Downloading 2.891GB
 80af3a31ab5a Downloading 2.891GB
 80af3a31ab5a Downloading 2.892GB
 80af3a31ab5a Downloading 2.892GB
 80af3a31ab5a Downloading 2.892GB
 80af3a31ab5a Downloading 2.893GB
 80af3a31ab5a Downloading 2.893GB
 80af3a31ab5a Downloading 2.893GB
 80af3a31ab5a Downloading 2.894GB
 80af3a31ab5a Downloading 2.894GB
 80af3a31ab5a Downloading 2.895GB
 80af3a31ab5a Downloading 2.895GB
 80af3a31ab5a Downloading 2.895GB
 80af3a31ab5a Downloading 2.896GB
 80af3a31ab5a Downloading 2.896GB
 80af3a31ab5a Downloading 2.896GB
 80af3a31ab5a Downloading 2.897GB
 80af3a31ab5a Downloading 2.897GB
 80af3a31ab5a Downloading 2.897GB
 80af3a31ab5a Downloading 2.898GB
 80af3a31ab5a Downloading 2.898GB
 80af3a31ab5a Downloading 2.899GB
 80af3a31ab5a Downloading 2.899GB
 80af3a31ab5a Downloading 2.899GB
 80af3a31ab5a Downloading 2.9GB
 80af3a31ab5a Downloading 2.9GB
 80af3a31ab5a Downloading 2.9GB
 80af3a31ab5a Downloading 2.901GB
 80af3a31ab5a Downloading 2.901GB
 80af3a31ab5a Downloading 2.901GB
 80af3a31ab5a Downloading 2.901GB
 80af3a31ab5a Downloading 2.902GB
 80af3a31ab5a Downloading 2.902GB
 80af3a31ab5a Downloading 2.902GB
 80af3a31ab5a Downloading 2.904GB
 80af3a31ab5a Downloading 2.904GB
 80af3a31ab5a Downloading 2.904GB
 80af3a31ab5a Downloading 2.904GB
 80af3a31ab5a Downloading 2.905GB
 80af3a31ab5a Downloading 2.905GB
 80af3a31ab5a Downloading 2.906GB
 80af3a31ab5a Downloading 2.906GB
 80af3a31ab5a Downloading 2.906GB
 80af3a31ab5a Downloading 2.907GB
 80af3a31ab5a Downloading 2.907GB
 80af3a31ab5a Downloading 2.908GB
 80af3a31ab5a Downloading 2.908GB
 80af3a31ab5a Downloading 2.909GB
 80af3a31ab5a Downloading 2.909GB
 80af3a31ab5a Downloading 2.91GB
 80af3a31ab5a Downloading 2.91GB
 80af3a31ab5a Downloading 2.91GB
 80af3a31ab5a Downloading 2.911GB
 80af3a31ab5a Downloading 2.911GB
 80af3a31ab5a Downloading 2.912GB
 80af3a31ab5a Downloading 2.912GB
 80af3a31ab5a Downloading 2.913GB
 80af3a31ab5a Downloading 2.913GB
 80af3a31ab5a Downloading 2.914GB
 80af3a31ab5a Downloading 2.914GB
 80af3a31ab5a Downloading 2.915GB
 80af3a31ab5a Downloading 2.915GB
 80af3a31ab5a Downloading 2.916GB
 80af3a31ab5a Downloading 2.916GB
 80af3a31ab5a Downloading 2.917GB
 80af3a31ab5a Downloading 2.917GB
 80af3a31ab5a Downloading 2.918GB
 80af3a31ab5a Downloading 2.918GB
 80af3a31ab5a Downloading 2.918GB
 80af3a31ab5a Downloading 2.919GB
 80af3a31ab5a Downloading 2.919GB
 80af3a31ab5a Downloading 2.92GB
 80af3a31ab5a Downloading 2.92GB
 80af3a31ab5a Downloading 2.921GB
 80af3a31ab5a Downloading 2.921GB
 80af3a31ab5a Downloading 2.921GB
 80af3a31ab5a Downloading 2.921GB
 80af3a31ab5a Downloading 2.922GB
 80af3a31ab5a Downloading 2.922GB
 80af3a31ab5a Downloading 2.922GB
 80af3a31ab5a Downloading 2.923GB
 80af3a31ab5a Downloading 2.923GB
 80af3a31ab5a Downloading 2.923GB
 80af3a31ab5a Downloading 2.924GB
 80af3a31ab5a Downloading 2.924GB
 80af3a31ab5a Downloading 2.924GB
 80af3a31ab5a Downloading 2.924GB
 80af3a31ab5a Downloading 2.926GB
 80af3a31ab5a Downloading 2.926GB
 80af3a31ab5a Downloading 2.927GB
 80af3a31ab5a Downloading 2.927GB
 80af3a31ab5a Downloading 2.927GB
 80af3a31ab5a Downloading 2.928GB
 80af3a31ab5a Downloading 2.928GB
 80af3a31ab5a Downloading 2.928GB
 80af3a31ab5a Downloading 2.928GB
 80af3a31ab5a Downloading 2.929GB
 80af3a31ab5a Downloading 2.929GB
 80af3a31ab5a Downloading 2.93GB
 80af3a31ab5a Downloading 2.93GB
 80af3a31ab5a Downloading 2.93GB
 80af3a31ab5a Downloading 2.931GB
 80af3a31ab5a Downloading 2.931GB
 80af3a31ab5a Downloading 2.931GB
 80af3a31ab5a Downloading 2.932GB
 80af3a31ab5a Downloading 2.932GB
 80af3a31ab5a Downloading 2.932GB
 80af3a31ab5a Downloading 2.932GB
 80af3a31ab5a Downloading 2.933GB
 80af3a31ab5a Downloading 2.933GB
 80af3a31ab5a Downloading 2.933GB
 80af3a31ab5a Downloading 2.934GB
 80af3a31ab5a Downloading 2.934GB
 80af3a31ab5a Downloading 2.934GB
 80af3a31ab5a Downloading 2.934GB
 80af3a31ab5a Downloading 2.935GB
 80af3a31ab5a Downloading 2.935GB
 80af3a31ab5a Downloading 2.935GB
 80af3a31ab5a Downloading 2.935GB
 80af3a31ab5a Downloading 2.936GB
 80af3a31ab5a Downloading 2.936GB
 80af3a31ab5a Downloading 2.936GB
 80af3a31ab5a Downloading 2.937GB
 80af3a31ab5a Downloading 2.937GB
 80af3a31ab5a Downloading 2.937GB
 80af3a31ab5a Downloading 2.937GB
 80af3a31ab5a Downloading 2.938GB
 80af3a31ab5a Downloading 2.938GB
 80af3a31ab5a Downloading 2.938GB
 80af3a31ab5a Downloading 2.939GB
 80af3a31ab5a Downloading 2.939GB
 80af3a31ab5a Downloading 2.939GB
 80af3a31ab5a Downloading 2.94GB
 80af3a31ab5a Downloading 2.94GB
 80af3a31ab5a Downloading 2.94GB
 80af3a31ab5a Downloading 2.94GB
 80af3a31ab5a Downloading 2.94GB
 80af3a31ab5a Downloading 2.941GB
 80af3a31ab5a Downloading 2.941GB
 80af3a31ab5a Downloading 2.941GB
 80af3a31ab5a Downloading 2.941GB
 80af3a31ab5a Downloading 2.941GB
 80af3a31ab5a Downloading 2.941GB
 80af3a31ab5a Downloading 2.942GB
 80af3a31ab5a Downloading 2.942GB
 80af3a31ab5a Downloading 2.942GB
 80af3a31ab5a Downloading 2.942GB
 80af3a31ab5a Downloading 2.943GB
 80af3a31ab5a Downloading 2.943GB
 80af3a31ab5a Downloading 2.943GB
 80af3a31ab5a Downloading 2.943GB
 80af3a31ab5a Downloading 2.944GB
 80af3a31ab5a Downloading 2.944GB
 80af3a31ab5a Downloading 2.944GB
 80af3a31ab5a Downloading 2.945GB
 80af3a31ab5a Downloading 2.945GB
 80af3a31ab5a Downloading 2.945GB
 80af3a31ab5a Downloading 2.946GB
 80af3a31ab5a Downloading 2.946GB
 80af3a31ab5a Downloading 2.946GB
 80af3a31ab5a Downloading 2.948GB
 80af3a31ab5a Downloading 2.948GB
 80af3a31ab5a Downloading 2.949GB
 80af3a31ab5a Downloading 2.949GB
 80af3a31ab5a Downloading 2.949GB
 80af3a31ab5a Downloading 2.95GB
 80af3a31ab5a Downloading 2.95GB
 80af3a31ab5a Downloading 2.951GB
 80af3a31ab5a Downloading 2.951GB
 80af3a31ab5a Downloading 2.951GB
 80af3a31ab5a Downloading 2.952GB
 80af3a31ab5a Downloading 2.952GB
 80af3a31ab5a Downloading 2.953GB
 80af3a31ab5a Downloading 2.953GB
 80af3a31ab5a Downloading 2.954GB
 80af3a31ab5a Downloading 2.954GB
 80af3a31ab5a Downloading 2.954GB
 80af3a31ab5a Downloading 2.955GB
 80af3a31ab5a Downloading 2.955GB
 80af3a31ab5a Downloading 2.955GB
 80af3a31ab5a Downloading 2.955GB
 80af3a31ab5a Downloading 2.956GB
 80af3a31ab5a Downloading 2.956GB
 80af3a31ab5a Downloading 2.957GB
 80af3a31ab5a Downloading 2.957GB
 80af3a31ab5a Downloading 2.957GB
 80af3a31ab5a Downloading 2.958GB
 80af3a31ab5a Downloading 2.958GB
 80af3a31ab5a Downloading 2.958GB
 80af3a31ab5a Downloading 2.958GB
 80af3a31ab5a Downloading 2.958GB
 80af3a31ab5a Downloading 2.959GB
 80af3a31ab5a Downloading 2.959GB
 80af3a31ab5a Downloading 2.959GB
 80af3a31ab5a Downloading 2.96GB
 80af3a31ab5a Downloading 2.96GB
 80af3a31ab5a Downloading 2.96GB
 80af3a31ab5a Downloading 2.961GB
 80af3a31ab5a Downloading 2.961GB
 80af3a31ab5a Downloading 2.962GB
 80af3a31ab5a Downloading 2.962GB
 80af3a31ab5a Downloading 2.962GB
 80af3a31ab5a Downloading 2.963GB
 80af3a31ab5a Downloading 2.963GB
 80af3a31ab5a Downloading 2.963GB
 80af3a31ab5a Downloading 2.964GB
 80af3a31ab5a Downloading 2.964GB
 80af3a31ab5a Downloading 2.964GB
 80af3a31ab5a Downloading 2.965GB
 80af3a31ab5a Downloading 2.965GB
 80af3a31ab5a Downloading 2.965GB
 80af3a31ab5a Downloading 2.966GB
 80af3a31ab5a Downloading 2.966GB
 80af3a31ab5a Downloading 2.967GB
 80af3a31ab5a Downloading 2.967GB
 80af3a31ab5a Downloading 2.969GB
 80af3a31ab5a Downloading 2.969GB
 80af3a31ab5a Downloading 2.969GB
 80af3a31ab5a Downloading 2.97GB
 80af3a31ab5a Downloading 2.97GB
 80af3a31ab5a Downloading 2.971GB
 80af3a31ab5a Downloading 2.971GB
 80af3a31ab5a Downloading 2.972GB
 80af3a31ab5a Downloading 2.972GB
 80af3a31ab5a Downloading 2.973GB
 80af3a31ab5a Downloading 2.973GB
 80af3a31ab5a Downloading 2.974GB
 80af3a31ab5a Downloading 2.974GB
 80af3a31ab5a Downloading 2.974GB
 80af3a31ab5a Downloading 2.975GB
 80af3a31ab5a Downloading 2.975GB
 80af3a31ab5a Downloading 2.976GB
 80af3a31ab5a Downloading 2.976GB
 80af3a31ab5a Downloading 2.977GB
 80af3a31ab5a Downloading 2.977GB
 80af3a31ab5a Downloading 2.978GB
 80af3a31ab5a Downloading 2.978GB
 80af3a31ab5a Downloading 2.979GB
 80af3a31ab5a Downloading 2.979GB
 80af3a31ab5a Downloading 2.98GB
 80af3a31ab5a Downloading 2.98GB
 80af3a31ab5a Downloading 2.98GB
 80af3a31ab5a Downloading 2.981GB
 80af3a31ab5a Downloading 2.981GB
 80af3a31ab5a Downloading 2.982GB
 80af3a31ab5a Downloading 2.982GB
 80af3a31ab5a Downloading 2.983GB
 80af3a31ab5a Downloading 2.983GB
 80af3a31ab5a Downloading 2.984GB
 80af3a31ab5a Downloading 2.984GB
 80af3a31ab5a Downloading 2.985GB
 80af3a31ab5a Downloading 2.985GB
 80af3a31ab5a Downloading 2.985GB
 80af3a31ab5a Downloading 2.986GB
 80af3a31ab5a Downloading 2.986GB
 80af3a31ab5a Downloading 2.987GB
 80af3a31ab5a Downloading 2.987GB
 80af3a31ab5a Downloading 2.988GB
 80af3a31ab5a Downloading 2.988GB
 80af3a31ab5a Downloading 2.989GB
 80af3a31ab5a Downloading 2.989GB
 80af3a31ab5a Downloading 2.991GB
 80af3a31ab5a Downloading 2.991GB
 80af3a31ab5a Downloading 2.991GB
 80af3a31ab5a Downloading 2.992GB
 80af3a31ab5a Downloading 2.992GB
 80af3a31ab5a Downloading 2.992GB
 80af3a31ab5a Downloading 2.993GB
 80af3a31ab5a Downloading 2.993GB
 80af3a31ab5a Downloading 2.993GB
 80af3a31ab5a Downloading 2.994GB
 80af3a31ab5a Downloading 2.994GB
 80af3a31ab5a Downloading 2.995GB
 80af3a31ab5a Downloading 2.995GB
 80af3a31ab5a Downloading 2.995GB
 80af3a31ab5a Downloading 2.996GB
 80af3a31ab5a Downloading 2.996GB
 80af3a31ab5a Downloading 2.996GB
 80af3a31ab5a Downloading 2.996GB
 80af3a31ab5a Downloading 2.997GB
 80af3a31ab5a Downloading 2.997GB
 80af3a31ab5a Downloading 2.998GB
 80af3a31ab5a Downloading 2.998GB
 80af3a31ab5a Downloading 2.998GB
 80af3a31ab5a Downloading 2.999GB
 80af3a31ab5a Downloading 2.999GB
 80af3a31ab5a Downloading 2.999GB
 80af3a31ab5a Downloading 3GB
 80af3a31ab5a Downloading 3GB
 80af3a31ab5a Downloading 3GB
 80af3a31ab5a Downloading 3.001GB
 80af3a31ab5a Downloading 3.001GB
 80af3a31ab5a Downloading 3.002GB
 80af3a31ab5a Downloading 3.002GB
 80af3a31ab5a Downloading 3.002GB
 80af3a31ab5a Downloading 3.003GB
 80af3a31ab5a Downloading 3.003GB
 80af3a31ab5a Downloading 3.003GB
 80af3a31ab5a Downloading 3.004GB
 80af3a31ab5a Downloading 3.004GB
 80af3a31ab5a Downloading 3.004GB
 80af3a31ab5a Downloading 3.005GB
 80af3a31ab5a Downloading 3.005GB
 80af3a31ab5a Downloading 3.005GB
 80af3a31ab5a Downloading 3.006GB
 80af3a31ab5a Downloading 3.006GB
 80af3a31ab5a Downloading 3.006GB
 80af3a31ab5a Downloading 3.007GB
 80af3a31ab5a Downloading 3.007GB
 80af3a31ab5a Downloading 3.008GB
 80af3a31ab5a Downloading 3.008GB
 80af3a31ab5a Downloading 3.008GB
 80af3a31ab5a Downloading 3.009GB
 80af3a31ab5a Downloading 3.009GB
 80af3a31ab5a Downloading 3.009GB
 80af3a31ab5a Downloading 3.01GB
 80af3a31ab5a Downloading 3.01GB
 80af3a31ab5a Downloading 3.01GB
 80af3a31ab5a Downloading 3.01GB
 80af3a31ab5a Downloading 3.012GB
 80af3a31ab5a Downloading 3.012GB
 80af3a31ab5a Downloading 3.012GB
 80af3a31ab5a Downloading 3.013GB
 80af3a31ab5a Downloading 3.013GB
 80af3a31ab5a Downloading 3.013GB
 80af3a31ab5a Downloading 3.014GB
 80af3a31ab5a Downloading 3.014GB
 80af3a31ab5a Downloading 3.014GB
 80af3a31ab5a Downloading 3.015GB
 80af3a31ab5a Downloading 3.015GB
 80af3a31ab5a Downloading 3.015GB
 80af3a31ab5a Downloading 3.016GB
 80af3a31ab5a Downloading 3.016GB
 80af3a31ab5a Downloading 3.016GB
 80af3a31ab5a Downloading 3.017GB
 80af3a31ab5a Downloading 3.017GB
 80af3a31ab5a Downloading 3.018GB
 80af3a31ab5a Downloading 3.018GB
 80af3a31ab5a Downloading 3.018GB
 80af3a31ab5a Downloading 3.019GB
 80af3a31ab5a Downloading 3.019GB
 80af3a31ab5a Downloading 3.02GB
 80af3a31ab5a Downloading 3.02GB
 80af3a31ab5a Downloading 3.02GB
 80af3a31ab5a Downloading 3.021GB
 80af3a31ab5a Downloading 3.021GB
 80af3a31ab5a Downloading 3.021GB
 80af3a31ab5a Downloading 3.022GB
 80af3a31ab5a Downloading 3.022GB
 80af3a31ab5a Downloading 3.023GB
 80af3a31ab5a Downloading 3.023GB
 80af3a31ab5a Downloading 3.023GB
 80af3a31ab5a Downloading 3.024GB
 80af3a31ab5a Downloading 3.024GB
 80af3a31ab5a Downloading 3.024GB
 80af3a31ab5a Downloading 3.025GB
 80af3a31ab5a Downloading 3.025GB
 80af3a31ab5a Downloading 3.025GB
 80af3a31ab5a Downloading 3.026GB
 80af3a31ab5a Downloading 3.026GB
 80af3a31ab5a Downloading 3.026GB
 80af3a31ab5a Downloading 3.027GB
 80af3a31ab5a Downloading 3.027GB
 80af3a31ab5a Downloading 3.028GB
 80af3a31ab5a Downloading 3.028GB
 80af3a31ab5a Downloading 3.028GB
 80af3a31ab5a Downloading 3.029GB
 80af3a31ab5a Downloading 3.029GB
 80af3a31ab5a Downloading 3.03GB
 80af3a31ab5a Downloading 3.03GB
 80af3a31ab5a Downloading 3.03GB
 80af3a31ab5a Downloading 3.031GB
 80af3a31ab5a Downloading 3.031GB
 80af3a31ab5a Downloading 3.032GB
 80af3a31ab5a Downloading 3.032GB
 80af3a31ab5a Downloading 3.034GB
 80af3a31ab5a Downloading 3.034GB
 80af3a31ab5a Downloading 3.035GB
 80af3a31ab5a Downloading 3.035GB
 80af3a31ab5a Downloading 3.036GB
 80af3a31ab5a Downloading 3.036GB
 80af3a31ab5a Downloading 3.036GB
 80af3a31ab5a Downloading 3.037GB
 80af3a31ab5a Downloading 3.037GB
 80af3a31ab5a Downloading 3.037GB
 80af3a31ab5a Downloading 3.037GB
 80af3a31ab5a Downloading 3.038GB
 80af3a31ab5a Downloading 3.038GB
 80af3a31ab5a Downloading 3.038GB
 80af3a31ab5a Downloading 3.038GB
 80af3a31ab5a Downloading 3.039GB
 80af3a31ab5a Downloading 3.039GB
 80af3a31ab5a Downloading 3.039GB
 80af3a31ab5a Downloading 3.039GB
 80af3a31ab5a Downloading 3.04GB
 80af3a31ab5a Downloading 3.04GB
 80af3a31ab5a Downloading 3.04GB
 80af3a31ab5a Downloading 3.04GB
 80af3a31ab5a Downloading 3.04GB
 80af3a31ab5a Downloading 3.041GB
 80af3a31ab5a Downloading 3.041GB
 80af3a31ab5a Downloading 3.041GB
 80af3a31ab5a Downloading 3.042GB
 80af3a31ab5a Downloading 3.042GB
 80af3a31ab5a Downloading 3.042GB
 80af3a31ab5a Downloading 3.042GB
 80af3a31ab5a Downloading 3.043GB
 80af3a31ab5a Downloading 3.043GB
 80af3a31ab5a Downloading 3.043GB
 80af3a31ab5a Downloading 3.044GB
 80af3a31ab5a Downloading 3.044GB
 80af3a31ab5a Downloading 3.044GB
 80af3a31ab5a Downloading 3.045GB
 80af3a31ab5a Downloading 3.045GB
 80af3a31ab5a Downloading 3.045GB
 80af3a31ab5a Downloading 3.046GB
 80af3a31ab5a Downloading 3.046GB
 80af3a31ab5a Downloading 3.047GB
 80af3a31ab5a Downloading 3.047GB
 80af3a31ab5a Downloading 3.047GB
 80af3a31ab5a Downloading 3.048GB
 80af3a31ab5a Downloading 3.048GB
 80af3a31ab5a Downloading 3.049GB
 80af3a31ab5a Downloading 3.049GB
 80af3a31ab5a Downloading 3.05GB
 80af3a31ab5a Downloading 3.05GB
 80af3a31ab5a Downloading 3.05GB
 80af3a31ab5a Downloading 3.051GB
 80af3a31ab5a Downloading 3.051GB
 80af3a31ab5a Downloading 3.052GB
 80af3a31ab5a Downloading 3.052GB
 80af3a31ab5a Downloading 3.052GB
 80af3a31ab5a Downloading 3.053GB
 80af3a31ab5a Downloading 3.053GB
 80af3a31ab5a Downloading 3.055GB
 80af3a31ab5a Downloading 3.055GB
 80af3a31ab5a Downloading 3.056GB
 80af3a31ab5a Downloading 3.056GB
 80af3a31ab5a Downloading 3.056GB
 80af3a31ab5a Downloading 3.057GB
 80af3a31ab5a Downloading 3.057GB
 80af3a31ab5a Downloading 3.058GB
 80af3a31ab5a Downloading 3.058GB
 80af3a31ab5a Downloading 3.058GB
 80af3a31ab5a Downloading 3.059GB
 80af3a31ab5a Downloading 3.059GB
 80af3a31ab5a Downloading 3.06GB
 80af3a31ab5a Downloading 3.06GB
 80af3a31ab5a Downloading 3.06GB
 80af3a31ab5a Downloading 3.061GB
 80af3a31ab5a Downloading 3.061GB
 80af3a31ab5a Downloading 3.061GB
 80af3a31ab5a Downloading 3.062GB
 80af3a31ab5a Downloading 3.062GB
 80af3a31ab5a Downloading 3.063GB
 80af3a31ab5a Downloading 3.063GB
 80af3a31ab5a Downloading 3.064GB
 80af3a31ab5a Downloading 3.064GB
 80af3a31ab5a Downloading 3.065GB
 80af3a31ab5a Downloading 3.065GB
 80af3a31ab5a Downloading 3.065GB
 80af3a31ab5a Downloading 3.066GB
 80af3a31ab5a Downloading 3.066GB
 80af3a31ab5a Downloading 3.067GB
 80af3a31ab5a Downloading 3.067GB
 80af3a31ab5a Downloading 3.067GB
 80af3a31ab5a Downloading 3.068GB
 80af3a31ab5a Downloading 3.068GB
 80af3a31ab5a Downloading 3.069GB
 80af3a31ab5a Downloading 3.069GB
 80af3a31ab5a Downloading 3.069GB
 80af3a31ab5a Downloading 3.07GB
 80af3a31ab5a Downloading 3.07GB
 80af3a31ab5a Downloading 3.07GB
 80af3a31ab5a Downloading 3.071GB
 80af3a31ab5a Downloading 3.071GB
 80af3a31ab5a Downloading 3.071GB
 80af3a31ab5a Downloading 3.072GB
 80af3a31ab5a Downloading 3.072GB
 80af3a31ab5a Downloading 3.072GB
 80af3a31ab5a Downloading 3.073GB
 80af3a31ab5a Downloading 3.073GB
 80af3a31ab5a Downloading 3.074GB
 80af3a31ab5a Downloading 3.074GB
 80af3a31ab5a Downloading 3.074GB
 80af3a31ab5a Downloading 3.075GB
 80af3a31ab5a Downloading 3.075GB
 80af3a31ab5a Downloading 3.077GB
 80af3a31ab5a Downloading 3.077GB
 80af3a31ab5a Downloading 3.077GB
 80af3a31ab5a Downloading 3.078GB
 80af3a31ab5a Downloading 3.078GB
 80af3a31ab5a Downloading 3.079GB
 80af3a31ab5a Downloading 3.079GB
 80af3a31ab5a Downloading 3.079GB
 80af3a31ab5a Downloading 3.08GB
 80af3a31ab5a Downloading 3.08GB
 80af3a31ab5a Downloading 3.081GB
 80af3a31ab5a Downloading 3.081GB
 80af3a31ab5a Downloading 3.082GB
 80af3a31ab5a Downloading 3.082GB
 80af3a31ab5a Downloading 3.083GB
 80af3a31ab5a Downloading 3.083GB
 80af3a31ab5a Downloading 3.084GB
 80af3a31ab5a Downloading 3.084GB
 80af3a31ab5a Downloading 3.084GB
 80af3a31ab5a Downloading 3.085GB
 80af3a31ab5a Downloading 3.085GB
 80af3a31ab5a Downloading 3.086GB
 80af3a31ab5a Downloading 3.086GB
 80af3a31ab5a Downloading 3.087GB
 80af3a31ab5a Downloading 3.087GB
 80af3a31ab5a Downloading 3.087GB
 80af3a31ab5a Downloading 3.088GB
 80af3a31ab5a Downloading 3.088GB
 80af3a31ab5a Downloading 3.089GB
 80af3a31ab5a Downloading 3.089GB
 80af3a31ab5a Downloading 3.09GB
 80af3a31ab5a Downloading 3.09GB
 80af3a31ab5a Downloading 3.091GB
 80af3a31ab5a Downloading 3.091GB
 80af3a31ab5a Downloading 3.091GB
 80af3a31ab5a Downloading 3.092GB
 80af3a31ab5a Downloading 3.092GB
 80af3a31ab5a Downloading 3.093GB
 80af3a31ab5a Downloading 3.093GB
 80af3a31ab5a Downloading 3.094GB
 80af3a31ab5a Downloading 3.094GB
 80af3a31ab5a Downloading 3.095GB
 80af3a31ab5a Downloading 3.095GB
 80af3a31ab5a Downloading 3.096GB
 80af3a31ab5a Downloading 3.096GB
 80af3a31ab5a Downloading 3.097GB
 80af3a31ab5a Downloading 3.097GB
 80af3a31ab5a Downloading 3.097GB
 80af3a31ab5a Downloading 3.099GB
 80af3a31ab5a Downloading 3.099GB
 80af3a31ab5a Downloading 3.1GB
 80af3a31ab5a Downloading 3.1GB
 80af3a31ab5a Downloading 3.101GB
 80af3a31ab5a Downloading 3.101GB
 80af3a31ab5a Downloading 3.102GB
 80af3a31ab5a Downloading 3.102GB
 80af3a31ab5a Downloading 3.103GB
 80af3a31ab5a Downloading 3.103GB
 80af3a31ab5a Downloading 3.104GB
 80af3a31ab5a Downloading 3.104GB
 80af3a31ab5a Downloading 3.105GB
 80af3a31ab5a Downloading 3.105GB
 80af3a31ab5a Downloading 3.105GB
 80af3a31ab5a Downloading 3.106GB
 80af3a31ab5a Downloading 3.106GB
 80af3a31ab5a Downloading 3.107GB
 80af3a31ab5a Downloading 3.107GB
 80af3a31ab5a Downloading 3.108GB
 80af3a31ab5a Downloading 3.108GB
 80af3a31ab5a Downloading 3.108GB
 80af3a31ab5a Downloading 3.109GB
 80af3a31ab5a Downloading 3.109GB
 80af3a31ab5a Downloading 3.11GB
 80af3a31ab5a Downloading 3.11GB
 80af3a31ab5a Downloading 3.11GB
 80af3a31ab5a Downloading 3.111GB
 80af3a31ab5a Downloading 3.111GB
 80af3a31ab5a Downloading 3.112GB
 80af3a31ab5a Downloading 3.112GB
 80af3a31ab5a Downloading 3.113GB
 80af3a31ab5a Downloading 3.113GB
 80af3a31ab5a Downloading 3.114GB
 80af3a31ab5a Downloading 3.114GB
 80af3a31ab5a Downloading 3.114GB
 80af3a31ab5a Downloading 3.115GB
 80af3a31ab5a Downloading 3.115GB
 80af3a31ab5a Downloading 3.116GB
 80af3a31ab5a Downloading 3.116GB
 80af3a31ab5a Downloading 3.117GB
 80af3a31ab5a Downloading 3.117GB
 80af3a31ab5a Downloading 3.118GB
 80af3a31ab5a Downloading 3.118GB
 80af3a31ab5a Downloading 3.12GB
 80af3a31ab5a Downloading 3.12GB
 80af3a31ab5a Downloading 3.121GB
 80af3a31ab5a Downloading 3.121GB
 80af3a31ab5a Downloading 3.122GB
 80af3a31ab5a Downloading 3.122GB
 80af3a31ab5a Downloading 3.123GB
 80af3a31ab5a Downloading 3.124GB
 80af3a31ab5a Downloading 3.124GB
 80af3a31ab5a Downloading 3.125GB
 80af3a31ab5a Downloading 3.125GB
 80af3a31ab5a Downloading 3.125GB
 80af3a31ab5a Downloading 3.126GB
 80af3a31ab5a Downloading 3.126GB
 80af3a31ab5a Downloading 3.127GB
 80af3a31ab5a Downloading 3.127GB
 80af3a31ab5a Downloading 3.128GB
 80af3a31ab5a Downloading 3.128GB
 80af3a31ab5a Downloading 3.129GB
 80af3a31ab5a Downloading 3.13GB
 80af3a31ab5a Downloading 3.13GB
 80af3a31ab5a Downloading 3.131GB
 80af3a31ab5a Downloading 3.131GB
 80af3a31ab5a Downloading 3.131GB
 80af3a31ab5a Downloading 3.132GB
 80af3a31ab5a Downloading 3.132GB
 80af3a31ab5a Downloading 3.133GB
 80af3a31ab5a Downloading 3.133GB
 80af3a31ab5a Downloading 3.134GB
 80af3a31ab5a Downloading 3.134GB
 80af3a31ab5a Downloading 3.135GB
 80af3a31ab5a Downloading 3.135GB
 80af3a31ab5a Downloading 3.136GB
 80af3a31ab5a Downloading 3.136GB
 80af3a31ab5a Downloading 3.137GB
 80af3a31ab5a Downloading 3.137GB
 80af3a31ab5a Downloading 3.137GB
 80af3a31ab5a Downloading 3.138GB
 80af3a31ab5a Downloading 3.138GB
 80af3a31ab5a Downloading 3.139GB
 80af3a31ab5a Downloading 3.139GB
 80af3a31ab5a Downloading 3.14GB
 80af3a31ab5a Downloading 3.14GB
 80af3a31ab5a Downloading 3.142GB
 80af3a31ab5a Downloading 3.142GB
 80af3a31ab5a Downloading 3.143GB
 80af3a31ab5a Downloading 3.143GB
 80af3a31ab5a Downloading 3.144GB
 80af3a31ab5a Downloading 3.144GB
 80af3a31ab5a Downloading 3.144GB
 80af3a31ab5a Downloading 3.145GB
 80af3a31ab5a Downloading 3.145GB
 80af3a31ab5a Downloading 3.146GB
 80af3a31ab5a Downloading 3.146GB
 80af3a31ab5a Downloading 3.147GB
 80af3a31ab5a Downloading 3.147GB
 80af3a31ab5a Downloading 3.148GB
 80af3a31ab5a Downloading 3.148GB
 80af3a31ab5a Downloading 3.149GB
 80af3a31ab5a Downloading 3.149GB
 80af3a31ab5a Downloading 3.15GB
 80af3a31ab5a Downloading 3.15GB
 80af3a31ab5a Downloading 3.15GB
 80af3a31ab5a Downloading 3.151GB
 80af3a31ab5a Downloading 3.152GB
 80af3a31ab5a Downloading 3.152GB
 80af3a31ab5a Downloading 3.153GB
 80af3a31ab5a Downloading 3.153GB
 80af3a31ab5a Downloading 3.154GB
 80af3a31ab5a Downloading 3.154GB
 80af3a31ab5a Downloading 3.155GB
 80af3a31ab5a Downloading 3.155GB
 80af3a31ab5a Downloading 3.156GB
 80af3a31ab5a Downloading 3.156GB
 80af3a31ab5a Downloading 3.157GB
 80af3a31ab5a Downloading 3.157GB
 80af3a31ab5a Downloading 3.158GB
 80af3a31ab5a Downloading 3.158GB
 80af3a31ab5a Downloading 3.159GB
 80af3a31ab5a Downloading 3.159GB
 80af3a31ab5a Downloading 3.159GB
 80af3a31ab5a Downloading 3.16GB
 80af3a31ab5a Downloading 3.16GB
 80af3a31ab5a Downloading 3.161GB
 80af3a31ab5a Downloading 3.161GB
 80af3a31ab5a Downloading 3.163GB
 80af3a31ab5a Downloading 3.163GB
 80af3a31ab5a Downloading 3.164GB
 80af3a31ab5a Downloading 3.164GB
 80af3a31ab5a Downloading 3.165GB
 80af3a31ab5a Downloading 3.165GB
 80af3a31ab5a Downloading 3.166GB
 80af3a31ab5a Downloading 3.166GB
 80af3a31ab5a Downloading 3.167GB
 80af3a31ab5a Downloading 3.167GB
 80af3a31ab5a Downloading 3.168GB
 80af3a31ab5a Downloading 3.168GB
 80af3a31ab5a Downloading 3.169GB
 80af3a31ab5a Downloading 3.169GB
 80af3a31ab5a Downloading 3.17GB
 80af3a31ab5a Downloading 3.17GB
 80af3a31ab5a Downloading 3.171GB
 80af3a31ab5a Downloading 3.171GB
 80af3a31ab5a Downloading 3.172GB
 80af3a31ab5a Downloading 3.172GB
 80af3a31ab5a Downloading 3.173GB
 80af3a31ab5a Downloading 3.173GB
 80af3a31ab5a Downloading 3.174GB
 80af3a31ab5a Downloading 3.175GB
 80af3a31ab5a Downloading 3.175GB
 80af3a31ab5a Downloading 3.176GB
 80af3a31ab5a Downloading 3.176GB
 80af3a31ab5a Downloading 3.177GB
 80af3a31ab5a Downloading 3.177GB
 80af3a31ab5a Downloading 3.177GB
 80af3a31ab5a Downloading 3.178GB
 80af3a31ab5a Downloading 3.178GB
 80af3a31ab5a Downloading 3.179GB
 80af3a31ab5a Downloading 3.179GB
 80af3a31ab5a Downloading 3.18GB
 80af3a31ab5a Downloading 3.18GB
 80af3a31ab5a Downloading 3.181GB
 80af3a31ab5a Downloading 3.181GB
 80af3a31ab5a Downloading 3.182GB
 80af3a31ab5a Downloading 3.182GB
 80af3a31ab5a Downloading 3.183GB
 80af3a31ab5a Downloading 3.183GB
 80af3a31ab5a Downloading 3.185GB
 80af3a31ab5a Downloading 3.186GB
 80af3a31ab5a Downloading 3.186GB
 80af3a31ab5a Downloading 3.187GB
 80af3a31ab5a Downloading 3.187GB
 80af3a31ab5a Downloading 3.188GB
 80af3a31ab5a Downloading 3.188GB
 80af3a31ab5a Downloading 3.189GB
 80af3a31ab5a Downloading 3.189GB
 80af3a31ab5a Downloading 3.19GB
 80af3a31ab5a Downloading 3.19GB
 80af3a31ab5a Downloading 3.191GB
 80af3a31ab5a Downloading 3.191GB
 80af3a31ab5a Downloading 3.192GB
 80af3a31ab5a Downloading 3.192GB
 80af3a31ab5a Downloading 3.192GB
 80af3a31ab5a Downloading 3.193GB
 80af3a31ab5a Downloading 3.193GB
 80af3a31ab5a Downloading 3.194GB
 80af3a31ab5a Downloading 3.194GB
 80af3a31ab5a Downloading 3.194GB
 80af3a31ab5a Downloading 3.195GB
 80af3a31ab5a Downloading 3.195GB
 80af3a31ab5a Downloading 3.196GB
 80af3a31ab5a Downloading 3.196GB
 80af3a31ab5a Downloading 3.197GB
 80af3a31ab5a Downloading 3.197GB
 80af3a31ab5a Downloading 3.198GB
 80af3a31ab5a Downloading 3.198GB
 80af3a31ab5a Downloading 3.199GB
 80af3a31ab5a Downloading 3.199GB
 80af3a31ab5a Downloading 3.2GB
 80af3a31ab5a Downloading 3.2GB
 80af3a31ab5a Downloading 3.201GB
 80af3a31ab5a Downloading 3.201GB
 80af3a31ab5a Downloading 3.202GB
 80af3a31ab5a Downloading 3.202GB
 80af3a31ab5a Downloading 3.203GB
 80af3a31ab5a Downloading 3.203GB
 80af3a31ab5a Downloading 3.204GB
 80af3a31ab5a Downloading 3.204GB
 80af3a31ab5a Downloading 3.205GB
 80af3a31ab5a Downloading 3.205GB
 80af3a31ab5a Downloading 3.207GB
 80af3a31ab5a Downloading 3.207GB
 80af3a31ab5a Downloading 3.208GB
 80af3a31ab5a Downloading 3.208GB
 80af3a31ab5a Downloading 3.209GB
 80af3a31ab5a Downloading 3.209GB
 80af3a31ab5a Downloading 3.21GB
 80af3a31ab5a Downloading 3.211GB
 80af3a31ab5a Download complete 0B
 80af3a31ab5a Extracting 1B
 80af3a31ab5a Extracting 1B
 80af3a31ab5a Extracting 1B
 80af3a31ab5a Extracting 1B
 80af3a31ab5a Extracting 1B
 80af3a31ab5a Extracting 1B
 80af3a31ab5a Extracting 1B
 80af3a31ab5a Extracting 1B
 80af3a31ab5a Extracting 1B
 80af3a31ab5a Extracting 1B
 80af3a31ab5a Extracting 1B
 80af3a31ab5a Extracting 2B
 80af3a31ab5a Extracting 2B
 80af3a31ab5a Extracting 2B
 80af3a31ab5a Extracting 2B
 80af3a31ab5a Extracting 2B
 80af3a31ab5a Extracting 2B
 80af3a31ab5a Extracting 2B
 80af3a31ab5a Extracting 2B
 80af3a31ab5a Extracting 2B
 80af3a31ab5a Extracting 3B
 80af3a31ab5a Extracting 3B
 80af3a31ab5a Extracting 3B
 80af3a31ab5a Extracting 3B
 80af3a31ab5a Extracting 3B
 80af3a31ab5a Extracting 3B
 80af3a31ab5a Extracting 3B
 80af3a31ab5a Extracting 3B
 80af3a31ab5a Extracting 3B
 80af3a31ab5a Extracting 3B
 80af3a31ab5a Extracting 3B
 80af3a31ab5a Extracting 4B
 80af3a31ab5a Extracting 4B
 80af3a31ab5a Extracting 4B
 80af3a31ab5a Extracting 4B
 80af3a31ab5a Extracting 4B
 80af3a31ab5a Extracting 4B
 80af3a31ab5a Extracting 4B
 80af3a31ab5a Extracting 4B
 80af3a31ab5a Extracting 4B
 80af3a31ab5a Extracting 4B
 80af3a31ab5a Extracting 5B
 80af3a31ab5a Extracting 5B
 80af3a31ab5a Extracting 5B
 80af3a31ab5a Extracting 5B
 80af3a31ab5a Extracting 5B
 80af3a31ab5a Extracting 5B
 80af3a31ab5a Extracting 5B
 80af3a31ab5a Extracting 5B
 80af3a31ab5a Extracting 5B
 80af3a31ab5a Extracting 5B
 80af3a31ab5a Extracting 6B
 80af3a31ab5a Extracting 6B
 80af3a31ab5a Extracting 6B
 80af3a31ab5a Extracting 6B
 80af3a31ab5a Extracting 6B
 80af3a31ab5a Extracting 6B
 80af3a31ab5a Extracting 6B
 80af3a31ab5a Extracting 6B
 80af3a31ab5a Extracting 6B
 80af3a31ab5a Extracting 6B
 80af3a31ab5a Extracting 7B
 80af3a31ab5a Extracting 7B
 80af3a31ab5a Extracting 7B
 80af3a31ab5a Extracting 7B
 80af3a31ab5a Extracting 7B
 80af3a31ab5a Extracting 7B
 80af3a31ab5a Extracting 7B
 80af3a31ab5a Extracting 7B
 80af3a31ab5a Extracting 7B
 80af3a31ab5a Extracting 7B
 80af3a31ab5a Extracting 8B
 80af3a31ab5a Extracting 8B
 80af3a31ab5a Extracting 8B
 80af3a31ab5a Extracting 8B
 80af3a31ab5a Extracting 8B
 80af3a31ab5a Extracting 8B
 80af3a31ab5a Extracting 8B
 80af3a31ab5a Extracting 8B
 80af3a31ab5a Extracting 8B
 80af3a31ab5a Extracting 8B
 80af3a31ab5a Extracting 9B
 80af3a31ab5a Extracting 9B
 80af3a31ab5a Extracting 9B
 80af3a31ab5a Extracting 9B
 80af3a31ab5a Extracting 9B
 80af3a31ab5a Extracting 9B
 80af3a31ab5a Extracting 9B
 80af3a31ab5a Extracting 9B
 80af3a31ab5a Extracting 9B
 80af3a31ab5a Extracting 9B
 80af3a31ab5a Extracting 10B
 80af3a31ab5a Extracting 10B
 80af3a31ab5a Extracting 10B
 80af3a31ab5a Extracting 10B
 80af3a31ab5a Extracting 10B
 80af3a31ab5a Extracting 10B
 80af3a31ab5a Extracting 10B
 80af3a31ab5a Extracting 10B
 80af3a31ab5a Extracting 10B
 80af3a31ab5a Extracting 10B
 80af3a31ab5a Extracting 11B
 80af3a31ab5a Extracting 11B
 80af3a31ab5a Extracting 11B
 80af3a31ab5a Extracting 11B
 80af3a31ab5a Extracting 11B
 80af3a31ab5a Extracting 11B
 80af3a31ab5a Extracting 11B
 80af3a31ab5a Extracting 11B
 80af3a31ab5a Extracting 11B
 80af3a31ab5a Extracting 11B
 80af3a31ab5a Extracting 12B
 80af3a31ab5a Extracting 12B
 80af3a31ab5a Extracting 12B
 80af3a31ab5a Extracting 12B
 80af3a31ab5a Extracting 12B
 80af3a31ab5a Extracting 12B
 80af3a31ab5a Extracting 12B
 80af3a31ab5a Extracting 12B
 80af3a31ab5a Extracting 12B
 80af3a31ab5a Extracting 12B
 80af3a31ab5a Extracting 13B
 80af3a31ab5a Extracting 13B
 80af3a31ab5a Extracting 13B
 80af3a31ab5a Extracting 13B
 80af3a31ab5a Extracting 13B
 80af3a31ab5a Extracting 13B
 80af3a31ab5a Extracting 13B
 80af3a31ab5a Extracting 13B
 80af3a31ab5a Extracting 13B
 80af3a31ab5a Extracting 14B
 80af3a31ab5a Extracting 14B
 80af3a31ab5a Extracting 14B
 80af3a31ab5a Extracting 14B
 80af3a31ab5a Extracting 14B
 80af3a31ab5a Extracting 14B
 80af3a31ab5a Extracting 14B
 80af3a31ab5a Extracting 14B
 80af3a31ab5a Extracting 14B
 80af3a31ab5a Extracting 14B
 80af3a31ab5a Extracting 15B
 80af3a31ab5a Extracting 15B
 80af3a31ab5a Extracting 15B
 80af3a31ab5a Extracting 15B
 80af3a31ab5a Extracting 15B
 80af3a31ab5a Extracting 15B
 80af3a31ab5a Extracting 15B
 80af3a31ab5a Extracting 15B
 80af3a31ab5a Extracting 15B
 80af3a31ab5a Extracting 15B
 80af3a31ab5a Extracting 15B
 80af3a31ab5a Extracting 16B
 80af3a31ab5a Extracting 16B
 80af3a31ab5a Extracting 16B
 80af3a31ab5a Extracting 16B
 80af3a31ab5a Extracting 16B
 80af3a31ab5a Extracting 16B
 80af3a31ab5a Extracting 16B
 80af3a31ab5a Extracting 16B
 80af3a31ab5a Extracting 16B
 80af3a31ab5a Extracting 16B
 80af3a31ab5a Extracting 17B
 80af3a31ab5a Extracting 17B
 80af3a31ab5a Extracting 17B
 80af3a31ab5a Extracting 17B
 80af3a31ab5a Extracting 17B
 80af3a31ab5a Extracting 17B
 80af3a31ab5a Extracting 17B
 80af3a31ab5a Extracting 17B
 80af3a31ab5a Extracting 17B
 80af3a31ab5a Extracting 17B
 80af3a31ab5a Extracting 18B
 80af3a31ab5a Extracting 18B
 80af3a31ab5a Extracting 18B
 80af3a31ab5a Extracting 18B
 80af3a31ab5a Extracting 18B
 80af3a31ab5a Extracting 18B
 80af3a31ab5a Extracting 18B
 80af3a31ab5a Extracting 18B
 80af3a31ab5a Extracting 18B
 80af3a31ab5a Extracting 18B
 80af3a31ab5a Extracting 19B
 80af3a31ab5a Extracting 19B
 80af3a31ab5a Extracting 19B
 80af3a31ab5a Extracting 19B
 80af3a31ab5a Extracting 19B
 80af3a31ab5a Extracting 19B
 80af3a31ab5a Extracting 19B
 80af3a31ab5a Extracting 19B
 80af3a31ab5a Extracting 19B
 80af3a31ab5a Extracting 20B
 80af3a31ab5a Extracting 20B
 80af3a31ab5a Extracting 20B
 80af3a31ab5a Extracting 20B
 80af3a31ab5a Extracting 20B
 80af3a31ab5a Extracting 20B
 80af3a31ab5a Extracting 20B
 80af3a31ab5a Extracting 20B
 80af3a31ab5a Extracting 20B
 80af3a31ab5a Extracting 20B
 80af3a31ab5a Extracting 21B
 80af3a31ab5a Extracting 21B
 80af3a31ab5a Extracting 21B
 80af3a31ab5a Extracting 21B
 80af3a31ab5a Extracting 21B
 80af3a31ab5a Extracting 21B
 80af3a31ab5a Extracting 21B
 80af3a31ab5a Extracting 21B
 80af3a31ab5a Extracting 21B
 80af3a31ab5a Extracting 21B
 80af3a31ab5a Extracting 22B
 80af3a31ab5a Extracting 22B
 80af3a31ab5a Extracting 22B
 80af3a31ab5a Extracting 22B
 80af3a31ab5a Extracting 22B
 80af3a31ab5a Extracting 22B
 80af3a31ab5a Extracting 22B
 80af3a31ab5a Extracting 22B
 80af3a31ab5a Extracting 22B
 80af3a31ab5a Extracting 22B
 80af3a31ab5a Extracting 23B
 80af3a31ab5a Extracting 23B
 80af3a31ab5a Extracting 23B
 80af3a31ab5a Extracting 23B
 80af3a31ab5a Extracting 23B
 80af3a31ab5a Extracting 23B
 80af3a31ab5a Extracting 23B
 80af3a31ab5a Extracting 23B
 80af3a31ab5a Extracting 23B
 80af3a31ab5a Extracting 23B
 80af3a31ab5a Extracting 23B
 80af3a31ab5a Extracting 24B
 80af3a31ab5a Extracting 24B
 80af3a31ab5a Extracting 24B
 80af3a31ab5a Extracting 24B
 80af3a31ab5a Extracting 24B
 80af3a31ab5a Extracting 24B
 80af3a31ab5a Extracting 24B
 80af3a31ab5a Extracting 24B
 80af3a31ab5a Extracting 24B
 80af3a31ab5a Extracting 25B
 80af3a31ab5a Extracting 25B
 80af3a31ab5a Extracting 25B
 80af3a31ab5a Extracting 25B
 80af3a31ab5a Extracting 25B
 80af3a31ab5a Extracting 25B
 80af3a31ab5a Extracting 25B
 80af3a31ab5a Extracting 25B
 80af3a31ab5a Extracting 25B
 80af3a31ab5a Extracting 25B
 80af3a31ab5a Extracting 26B
 80af3a31ab5a Extracting 26B
 80af3a31ab5a Extracting 26B
 80af3a31ab5a Extracting 26B
 80af3a31ab5a Extracting 26B
 80af3a31ab5a Extracting 26B
 80af3a31ab5a Extracting 26B
 80af3a31ab5a Extracting 26B
 80af3a31ab5a Extracting 26B
 80af3a31ab5a Extracting 26B
 80af3a31ab5a Extracting 26B
 80af3a31ab5a Extracting 27B
 80af3a31ab5a Extracting 27B
 80af3a31ab5a Extracting 27B
 80af3a31ab5a Extracting 27B
 80af3a31ab5a Extracting 27B
 80af3a31ab5a Extracting 27B
 80af3a31ab5a Extracting 27B
 80af3a31ab5a Extracting 27B
 80af3a31ab5a Extracting 27B
 80af3a31ab5a Extracting 28B
 80af3a31ab5a Extracting 28B
 80af3a31ab5a Extracting 28B
 80af3a31ab5a Extracting 28B
 80af3a31ab5a Extracting 28B
 80af3a31ab5a Extracting 28B
 80af3a31ab5a Extracting 28B
 80af3a31ab5a Extracting 28B
 80af3a31ab5a Extracting 28B
 80af3a31ab5a Extracting 28B
 80af3a31ab5a Extracting 29B
 80af3a31ab5a Extracting 29B
 80af3a31ab5a Extracting 29B
 80af3a31ab5a Extracting 29B
 80af3a31ab5a Extracting 29B
 80af3a31ab5a Extracting 29B
 80af3a31ab5a Extracting 29B
 80af3a31ab5a Extracting 29B
 80af3a31ab5a Extracting 29B
 80af3a31ab5a Extracting 29B
 80af3a31ab5a Extracting 30B
 80af3a31ab5a Extracting 30B
 80af3a31ab5a Extracting 30B
 80af3a31ab5a Extracting 30B
 80af3a31ab5a Extracting 30B
 80af3a31ab5a Extracting 30B
 80af3a31ab5a Extracting 30B
 80af3a31ab5a Extracting 30B
 80af3a31ab5a Extracting 30B
 80af3a31ab5a Extracting 30B
 80af3a31ab5a Extracting 30B
 80af3a31ab5a Extracting 31B
 80af3a31ab5a Extracting 31B
 80af3a31ab5a Extracting 31B
 80af3a31ab5a Extracting 31B
 80af3a31ab5a Extracting 31B
 80af3a31ab5a Extracting 31B
 80af3a31ab5a Extracting 31B
 80af3a31ab5a Extracting 31B
 80af3a31ab5a Extracting 31B
 80af3a31ab5a Extracting 31B
 80af3a31ab5a Extracting 32B
 80af3a31ab5a Extracting 32B
 80af3a31ab5a Extracting 32B
 80af3a31ab5a Extracting 32B
 80af3a31ab5a Extracting 32B
 80af3a31ab5a Extracting 32B
 80af3a31ab5a Extracting 32B
 80af3a31ab5a Extracting 32B
 80af3a31ab5a Extracting 32B
 80af3a31ab5a Extracting 32B
 80af3a31ab5a Extracting 33B
 80af3a31ab5a Extracting 33B
 80af3a31ab5a Extracting 33B
 80af3a31ab5a Extracting 33B
 80af3a31ab5a Extracting 33B
 80af3a31ab5a Extracting 33B
 80af3a31ab5a Extracting 33B
 80af3a31ab5a Extracting 33B
 80af3a31ab5a Extracting 33B
 80af3a31ab5a Extracting 34B
 80af3a31ab5a Extracting 34B
 80af3a31ab5a Extracting 34B
 80af3a31ab5a Extracting 34B
 80af3a31ab5a Extracting 34B
 80af3a31ab5a Extracting 34B
 80af3a31ab5a Extracting 34B
 80af3a31ab5a Extracting 34B
 80af3a31ab5a Extracting 34B
 80af3a31ab5a Extracting 34B
 80af3a31ab5a Extracting 34B
 80af3a31ab5a Extracting 35B
 80af3a31ab5a Extracting 35B
 80af3a31ab5a Extracting 35B
 80af3a31ab5a Extracting 35B
 80af3a31ab5a Extracting 35B
 80af3a31ab5a Extracting 35B
 80af3a31ab5a Extracting 35B
 80af3a31ab5a Extracting 35B
 80af3a31ab5a Extracting 35B
 80af3a31ab5a Extracting 36B
 80af3a31ab5a Extracting 36B
 80af3a31ab5a Extracting 36B
 80af3a31ab5a Extracting 36B
 80af3a31ab5a Extracting 36B
 80af3a31ab5a Extracting 36B
 80af3a31ab5a Extracting 36B
 80af3a31ab5a Extracting 36B
 80af3a31ab5a Extracting 36B
 80af3a31ab5a Extracting 36B
 80af3a31ab5a Extracting 37B
 80af3a31ab5a Extracting 37B
 80af3a31ab5a Extracting 37B
 80af3a31ab5a Extracting 37B
 80af3a31ab5a Extracting 37B
 80af3a31ab5a Extracting 37B
 80af3a31ab5a Extracting 37B
 80af3a31ab5a Extracting 37B
 80af3a31ab5a Extracting 37B
 80af3a31ab5a Extracting 37B
 80af3a31ab5a Extracting 37B
 80af3a31ab5a Extracting 38B
 80af3a31ab5a Extracting 38B
 80af3a31ab5a Extracting 38B
 80af3a31ab5a Extracting 38B
 80af3a31ab5a Extracting 38B
 80af3a31ab5a Extracting 38B
 80af3a31ab5a Extracting 38B
 80af3a31ab5a Extracting 38B
 80af3a31ab5a Extracting 38B
 80af3a31ab5a Extracting 38B
 80af3a31ab5a Extracting 39B
 80af3a31ab5a Extracting 39B
 80af3a31ab5a Extracting 39B
 80af3a31ab5a Extracting 39B
 80af3a31ab5a Extracting 39B
 80af3a31ab5a Extracting 39B
 80af3a31ab5a Extracting 39B
 80af3a31ab5a Extracting 39B
 80af3a31ab5a Extracting 39B
 80af3a31ab5a Extracting 39B
 80af3a31ab5a Extracting 40B
 80af3a31ab5a Extracting 40B
 80af3a31ab5a Extracting 40B
 80af3a31ab5a Extracting 40B
 80af3a31ab5a Extracting 40B
 80af3a31ab5a Extracting 40B
 80af3a31ab5a Extracting 40B
 80af3a31ab5a Extracting 40B
 80af3a31ab5a Extracting 40B
 80af3a31ab5a Extracting 40B
 80af3a31ab5a Extracting 41B
 80af3a31ab5a Extracting 41B
 80af3a31ab5a Extracting 41B
 80af3a31ab5a Extracting 41B
 80af3a31ab5a Extracting 41B
 80af3a31ab5a Extracting 41B
 80af3a31ab5a Extracting 41B
 80af3a31ab5a Extracting 41B
 80af3a31ab5a Extracting 41B
 80af3a31ab5a Extracting 42B
 80af3a31ab5a Extracting 42B
 80af3a31ab5a Extracting 42B
 80af3a31ab5a Extracting 42B
 80af3a31ab5a Extracting 42B
 80af3a31ab5a Extracting 42B
 80af3a31ab5a Extracting 42B
 80af3a31ab5a Extracting 42B
 80af3a31ab5a Extracting 42B
 80af3a31ab5a Extracting 42B
 80af3a31ab5a Extracting 43B
 80af3a31ab5a Extracting 43B
 80af3a31ab5a Extracting 43B
 80af3a31ab5a Extracting 43B
 80af3a31ab5a Extracting 43B
 80af3a31ab5a Extracting 43B
 80af3a31ab5a Extracting 43B
 80af3a31ab5a Extracting 43B
 80af3a31ab5a Extracting 43B
 80af3a31ab5a Extracting 43B
 80af3a31ab5a Extracting 44B
 80af3a31ab5a Extracting 44B
 80af3a31ab5a Extracting 44B
 80af3a31ab5a Extracting 44B
 80af3a31ab5a Extracting 44B
 80af3a31ab5a Extracting 44B
 80af3a31ab5a Extracting 44B
 80af3a31ab5a Extracting 44B
 80af3a31ab5a Extracting 44B
 80af3a31ab5a Extracting 44B
 80af3a31ab5a Extracting 44B
 80af3a31ab5a Extracting 45B
 80af3a31ab5a Extracting 45B
 80af3a31ab5a Extracting 45B
 80af3a31ab5a Extracting 45B
 80af3a31ab5a Extracting 45B
 80af3a31ab5a Extracting 45B
 80af3a31ab5a Extracting 45B
 80af3a31ab5a Extracting 45B
 80af3a31ab5a Extracting 45B
 80af3a31ab5a Extracting 46B
 80af3a31ab5a Extracting 46B
 80af3a31ab5a Extracting 46B
 80af3a31ab5a Extracting 46B
 80af3a31ab5a Extracting 46B
 80af3a31ab5a Extracting 46B
 80af3a31ab5a Extracting 46B
 80af3a31ab5a Extracting 46B
 80af3a31ab5a Extracting 46B
 80af3a31ab5a Extracting 46B
 80af3a31ab5a Extracting 46B
 80af3a31ab5a Extracting 47B
 80af3a31ab5a Extracting 47B
 80af3a31ab5a Extracting 47B
 80af3a31ab5a Extracting 47B
 80af3a31ab5a Extracting 47B
 80af3a31ab5a Extracting 47B
 80af3a31ab5a Extracting 47B
 80af3a31ab5a Extracting 47B
 80af3a31ab5a Extracting 47B
 80af3a31ab5a Extracting 47B
 80af3a31ab5a Extracting 48B
 80af3a31ab5a Extracting 48B
 80af3a31ab5a Pull complete 0B
 b8e130f83bb7 Extracting 1B
 b8e130f83bb7 Extracting 1B
 b8e130f83bb7 Pull complete 0B
 Image ghcr.nju.edu.cn/xinnan-tech/xiaozhi-esp32-server:server_latest Pulled 
 Network xiaozhi-server_default Creating 
 Network xiaozhi-server_default Created 
 Container xiaozhi-esp32-server Creating 
 service:xiaozhi-esp32-server:1 Error response from daemon: commit failed: write /var/lib/desktop-containerd/daemon/io.containerd.snapshotter.v1.overlayfs/metadata.db: read-only file system 
Error response from daemon: commit failed: write /var/lib/desktop-containerd/daemon/io.containerd.snapshotter.v1.overlayfs/metadata.db: read-only file system
