20:04:30,555 |-INFO in ch.qos.logback.classic.LoggerContext[default] - This is logback-classic version 1.5.16
20:04:30,561 |-INFO in ch.qos.logback.classic.util.ContextInitializer@33617539 - Here is a list of configurators discovered as a service, by rank: 
20:04:30,561 |-INFO in ch.qos.logback.classic.util.ContextInitializer@33617539 -   org.springframework.boot.logging.logback.RootLogLevelConfigurator
20:04:30,561 |-INFO in ch.qos.logback.classic.util.ContextInitializer@33617539 - They will be invoked in order until ExecutionStatus.DO_NOT_INVOKE_NEXT_IF_ANY is returned.
20:04:30,561 |-INFO in ch.qos.logback.classic.util.ContextInitializer@33617539 - Constructed configurator of type class org.springframework.boot.logging.logback.RootLogLevelConfigurator
20:04:30,574 |-INFO in ch.qos.logback.classic.util.ContextInitializer@33617539 - org.springframework.boot.logging.logback.RootLogLevelConfigurator.configure() call lasted 1 milliseconds. ExecutionStatus=INVOKE_NEXT_IF_ANY
20:04:30,575 |-INFO in ch.qos.logback.classic.util.ContextInitializer@33617539 - Trying to configure with ch.qos.logback.classic.joran.SerializedModelConfigurator
20:04:30,577 |-INFO in ch.qos.logback.classic.util.ContextInitializer@33617539 - Constructed configurator of type class ch.qos.logback.classic.joran.SerializedModelConfigurator
20:04:30,588 |-INFO in ch.qos.logback.classic.LoggerContext[default] - Could NOT find resource [logback-test.scmo]
20:04:30,589 |-INFO in ch.qos.logback.classic.LoggerContext[default] - Could NOT find resource [logback.scmo]
20:04:30,590 |-INFO in ch.qos.logback.classic.util.ContextInitializer@33617539 - ch.qos.logback.classic.joran.SerializedModelConfigurator.configure() call lasted 12 milliseconds. ExecutionStatus=INVOKE_NEXT_IF_ANY
20:04:30,590 |-INFO in ch.qos.logback.classic.util.ContextInitializer@33617539 - Trying to configure with ch.qos.logback.classic.util.DefaultJoranConfigurator
20:04:30,593 |-INFO in ch.qos.logback.classic.util.ContextInitializer@33617539 - Constructed configurator of type class ch.qos.logback.classic.util.DefaultJoranConfigurator
20:04:30,593 |-INFO in ch.qos.logback.classic.LoggerContext[default] - Could NOT find resource [logback-test.xml]
20:04:30,594 |-INFO in ch.qos.logback.classic.LoggerContext[default] - Could NOT find resource [logback.xml]
20:04:30,594 |-INFO in ch.qos.logback.classic.util.ContextInitializer@33617539 - ch.qos.logback.classic.util.DefaultJoranConfigurator.configure() call lasted 1 milliseconds. ExecutionStatus=INVOKE_NEXT_IF_ANY
20:04:30,594 |-INFO in ch.qos.logback.classic.util.ContextInitializer@33617539 - Trying to configure with ch.qos.logback.classic.BasicConfigurator
20:04:30,598 |-INFO in ch.qos.logback.classic.util.ContextInitializer@33617539 - Constructed configurator of type class ch.qos.logback.classic.BasicConfigurator
20:04:30,598 |-INFO in ch.qos.logback.classic.BasicConfigurator@2c177f9e - Setting up default configuration.
20:04:30,659 |-INFO in ch.qos.logback.core.ConsoleAppender[console] - BEWARE: Writing to the console can be very slow. Avoid logging to the 
20:04:30,659 |-INFO in ch.qos.logback.core.ConsoleAppender[console] - console in production environments, especially in high volume systems.
20:04:30,659 |-INFO in ch.qos.logback.core.ConsoleAppender[console] - See also https://logback.qos.ch/codes.html#slowConsole
20:04:30,661 |-INFO in ch.qos.logback.classic.util.ContextInitializer@33617539 - ch.qos.logback.classic.BasicConfigurator.configure() call lasted 63 milliseconds. ExecutionStatus=NEUTRAL
20:04:31,473 |-INFO in ConfigurationWatchList(mainURL=jar:nested:/C:/Users/25453/Desktop/HRISenior/HRISenior/HRI-SeniorCare/xiaozhi-esp32-server/main/manager-api/target/xiaozhi-esp32-api.jar/!BOOT-INF/classes/!/logback-spring.xml, fileWatchList={}, urlWatchList=[}) - URL [jar:nested:/C:/Users/25453/Desktop/HRISenior/HRISenior/HRI-SeniorCare/xiaozhi-esp32-server/main/manager-api/target/xiaozhi-esp32-api.jar/!BOOT-INF/classes/!/logback-spring.xml] is not of type file
20:04:31,537 |-WARN in ch.qos.logback.core.joran.action.ConversionRuleAction - [converterClass] attribute is deprecated and replaced by [class]. See element [conversionRule] near line 4
20:04:31,581 |-INFO in ch.qos.logback.core.model.processor.ConversionRuleModelHandler - registering conversion word clr with class [org.springframework.boot.logging.logback.ColorConverter]
20:04:31,582 |-INFO in ch.qos.logback.core.model.processor.TimestampModelHandler - Using current interpretation time, i.e. now, as time reference.
20:04:31,583 |-INFO in ch.qos.logback.core.model.processor.TimestampModelHandler - Adding property to the context with key="bySecond" and value="20260714T200431" to the LOCAL scope
20:04:31,587 |-INFO in ch.qos.logback.core.model.processor.DefineModelHandler - About to instantiate property definer of type [ch.qos.logback.core.property.FileExistsPropertyDefiner]
20:04:31,593 |-INFO in ch.qos.logback.core.model.processor.ModelInterpretationContext@18e7143f - value "./logs" substituted for "${LOG_HOME}"
20:04:31,595 |-WARN in ch.qos.logback.core.model.processor.ImplicitModelHandler - Ignoring unknown property [createIfMissing] in [ch.qos.logback.core.property.FileExistsPropertyDefiner]
20:04:31,596 |-INFO in ch.qos.logback.core.model.processor.DefineModelHandler - Setting property LOGBACK_DIR_CHECK=true in scope LOCAL
20:04:31,596 |-INFO in ch.qos.logback.core.joran.util.ConfigurationWatchListUtil@f9b7332 - Adding [jar:nested:/C:/Users/25453/Desktop/HRISenior/HRISenior/HRI-SeniorCare/xiaozhi-esp32-server/main/manager-api/target/xiaozhi-esp32-api.jar/!BOOT-INF/lib/spring-boot-3.4.3.jar!/org/springframework/boot/logging/logback/defaults.xml] to configuration watch list.
20:04:31,596 |-INFO in ConfigurationWatchList(mainURL=jar:nested:/C:/Users/25453/Desktop/HRISenior/HRISenior/HRI-SeniorCare/xiaozhi-esp32-server/main/manager-api/target/xiaozhi-esp32-api.jar/!BOOT-INF/classes/!/logback-spring.xml, fileWatchList={}, urlWatchList=[}) - Cannot watch [jar:nested:/C:/Users/25453/Desktop/HRISenior/HRISenior/HRI-SeniorCare/xiaozhi-esp32-server/main/manager-api/target/xiaozhi-esp32-api.jar/!BOOT-INF/lib/spring-boot-3.4.3.jar!/org/springframework/boot/logging/logback/defaults.xml] as its protocol is not one of file, http or https.
20:04:31,601 |-INFO in ch.qos.logback.core.model.processor.ConversionRuleModelHandler - registering conversion word applicationName with class [org.springframework.boot.logging.logback.ApplicationNameConverter]
20:04:31,601 |-INFO in ch.qos.logback.core.model.processor.ConversionRuleModelHandler - registering conversion word clr with class [org.springframework.boot.logging.logback.ColorConverter]
20:04:31,601 |-INFO in ch.qos.logback.core.model.processor.ConversionRuleModelHandler - registering conversion word correlationId with class [org.springframework.boot.logging.logback.CorrelationIdConverter]
20:04:31,601 |-INFO in ch.qos.logback.core.model.processor.ConversionRuleModelHandler - registering conversion word esb with class [org.springframework.boot.logging.logback.EnclosedInSquareBracketsConverter]
20:04:31,601 |-INFO in ch.qos.logback.core.model.processor.ConversionRuleModelHandler - registering conversion word wex with class [org.springframework.boot.logging.logback.WhitespaceThrowableProxyConverter]
20:04:31,601 |-INFO in ch.qos.logback.core.model.processor.ConversionRuleModelHandler - registering conversion word wEx with class [org.springframework.boot.logging.logback.ExtendedWhitespaceThrowableProxyConverter]
20:04:31,602 |-INFO in ch.qos.logback.core.model.processor.ModelInterpretationContext@18e7143f - value "%clr(%d{yyyy-MM-dd'T'HH:mm:ss.SSSXXX}){faint} %clr(%5p){} %clr(8676){magenta} %clr(--- %esb(){APPLICATION_NAME}%esb{APPLICATION_GROUP}[%15.15t] ){faint}%clr(%-40.40logger{39}){cyan} %clr(:){faint} %m%n%wEx" substituted for "${CONSOLE_LOG_PATTERN:-%clr(%d{${LOG_DATEFORMAT_PATTERN:-yyyy-MM-dd'T'HH:mm:ss.SSSXXX}}){faint} %clr(${LOG_LEVEL_PATTERN:-%5p}){} %clr(${PID:-}){magenta} %clr(--- %esb(){APPLICATION_NAME}%esb{APPLICATION_GROUP}[%15.15t] ${LOG_CORRELATION_PATTERN:-}){faint}%clr(%-40.40logger{39}){cyan} %clr(:){faint} %m%n${LOG_EXCEPTION_CONVERSION_WORD:-%wEx}}"
20:04:31,602 |-INFO in ch.qos.logback.core.model.processor.ModelInterpretationContext@18e7143f - value "UTF-8" substituted for "${CONSOLE_LOG_CHARSET:-${file.encoding:-UTF-8}}"
20:04:31,602 |-INFO in ch.qos.logback.core.model.processor.ModelInterpretationContext@18e7143f - value "TRACE" substituted for "${CONSOLE_LOG_THRESHOLD:-TRACE}"
20:04:31,602 |-INFO in ch.qos.logback.core.model.processor.ModelInterpretationContext@18e7143f - value "" substituted for "${CONSOLE_LOG_STRUCTURED_FORMAT:-}"
20:04:31,602 |-INFO in ch.qos.logback.core.model.processor.ModelInterpretationContext@18e7143f - value "%d{yyyy-MM-dd'T'HH:mm:ss.SSSXXX} %5p 8676 --- %esb(){APPLICATION_NAME}%esb{APPLICATION_GROUP}[%t] %-40.40logger{39} : %m%n%wEx" substituted for "${FILE_LOG_PATTERN:-%d{${LOG_DATEFORMAT_PATTERN:-yyyy-MM-dd'T'HH:mm:ss.SSSXXX}} ${LOG_LEVEL_PATTERN:-%5p} ${PID:-} --- %esb(){APPLICATION_NAME}%esb{APPLICATION_GROUP}[%t] ${LOG_CORRELATION_PATTERN:-}%-40.40logger{39} : %m%n${LOG_EXCEPTION_CONVERSION_WORD:-%wEx}}"
20:04:31,602 |-INFO in ch.qos.logback.core.model.processor.ModelInterpretationContext@18e7143f - value "UTF-8" substituted for "${FILE_LOG_CHARSET:-${file.encoding:-UTF-8}}"
20:04:31,602 |-INFO in ch.qos.logback.core.model.processor.ModelInterpretationContext@18e7143f - value "TRACE" substituted for "${FILE_LOG_THRESHOLD:-TRACE}"
20:04:31,602 |-INFO in ch.qos.logback.core.model.processor.ModelInterpretationContext@18e7143f - value "" substituted for "${FILE_LOG_STRUCTURED_FORMAT:-}"
20:04:31,606 |-INFO in ch.qos.logback.classic.model.processor.LoggerContextListenerModelHandler - Adding LoggerContextListener of type [ch.qos.logback.classic.jul.LevelChangePropagator] to the object stack
20:04:31,610 |-INFO in ch.qos.logback.classic.jul.LevelChangePropagator@74cec793 - Propagating DEBUG level on Logger[ROOT] onto the JUL framework
20:04:31,610 |-INFO in ch.qos.logback.classic.model.processor.LoggerContextListenerModelHandler - Starting LoggerContextListener
20:04:31,610 |-INFO in ch.qos.logback.classic.model.processor.LoggerModelHandler - Setting level of logger [org.apache.catalina.startup.DigesterFactory] to ERROR
20:04:31,610 |-INFO in ch.qos.logback.classic.jul.LevelChangePropagator@6fefce9e - Propagating ERROR level on Logger[org.apache.catalina.startup.DigesterFactory] onto the JUL framework
20:04:31,612 |-INFO in ch.qos.logback.classic.jul.LevelChangePropagator@74cec793 - Propagating ERROR level on Logger[org.apache.catalina.startup.DigesterFactory] onto the JUL framework
20:04:31,612 |-INFO in ch.qos.logback.classic.model.processor.LoggerModelHandler - Setting level of logger [org.apache.catalina.util.LifecycleBase] to ERROR
20:04:31,612 |-INFO in ch.qos.logback.classic.jul.LevelChangePropagator@6fefce9e - Propagating ERROR level on Logger[org.apache.catalina.util.LifecycleBase] onto the JUL framework
20:04:31,612 |-INFO in ch.qos.logback.classic.jul.LevelChangePropagator@74cec793 - Propagating ERROR level on Logger[org.apache.catalina.util.LifecycleBase] onto the JUL framework
20:04:31,612 |-INFO in ch.qos.logback.classic.model.processor.LoggerModelHandler - Setting level of logger [org.apache.coyote.http11.Http11NioProtocol] to WARN
20:04:31,612 |-INFO in ch.qos.logback.classic.jul.LevelChangePropagator@6fefce9e - Propagating WARN level on Logger[org.apache.coyote.http11.Http11NioProtocol] onto the JUL framework
20:04:31,612 |-INFO in ch.qos.logback.classic.jul.LevelChangePropagator@74cec793 - Propagating WARN level on Logger[org.apache.coyote.http11.Http11NioProtocol] onto the JUL framework
20:04:31,612 |-INFO in ch.qos.logback.classic.model.processor.LoggerModelHandler - Setting level of logger [org.apache.sshd.common.util.SecurityUtils] to WARN
20:04:31,612 |-INFO in ch.qos.logback.classic.jul.LevelChangePropagator@6fefce9e - Propagating WARN level on Logger[org.apache.sshd.common.util.SecurityUtils] onto the JUL framework
20:04:31,612 |-INFO in ch.qos.logback.classic.jul.LevelChangePropagator@74cec793 - Propagating WARN level on Logger[org.apache.sshd.common.util.SecurityUtils] onto the JUL framework
20:04:31,612 |-INFO in ch.qos.logback.classic.model.processor.LoggerModelHandler - Setting level of logger [org.apache.tomcat.util.net.NioSelectorPool] to WARN
20:04:31,612 |-INFO in ch.qos.logback.classic.jul.LevelChangePropagator@6fefce9e - Propagating WARN level on Logger[org.apache.tomcat.util.net.NioSelectorPool] onto the JUL framework
20:04:31,612 |-INFO in ch.qos.logback.classic.jul.LevelChangePropagator@74cec793 - Propagating WARN level on Logger[org.apache.tomcat.util.net.NioSelectorPool] onto the JUL framework
20:04:31,612 |-INFO in ch.qos.logback.classic.model.processor.LoggerModelHandler - Setting level of logger [org.eclipse.jetty.util.component.AbstractLifeCycle] to ERROR
20:04:31,612 |-INFO in ch.qos.logback.classic.jul.LevelChangePropagator@6fefce9e - Propagating ERROR level on Logger[org.eclipse.jetty.util.component.AbstractLifeCycle] onto the JUL framework
20:04:31,612 |-INFO in ch.qos.logback.classic.jul.LevelChangePropagator@74cec793 - Propagating ERROR level on Logger[org.eclipse.jetty.util.component.AbstractLifeCycle] onto the JUL framework
20:04:31,612 |-INFO in ch.qos.logback.classic.model.processor.LoggerModelHandler - Setting level of logger [org.hibernate.validator.internal.util.Version] to WARN
20:04:31,612 |-INFO in ch.qos.logback.classic.jul.LevelChangePropagator@6fefce9e - Propagating WARN level on Logger[org.hibernate.validator.internal.util.Version] onto the JUL framework
20:04:31,612 |-INFO in ch.qos.logback.classic.jul.LevelChangePropagator@74cec793 - Propagating WARN level on Logger[org.hibernate.validator.internal.util.Version] onto the JUL framework
20:04:31,612 |-INFO in ch.qos.logback.classic.model.processor.LoggerModelHandler - Setting level of logger [org.springframework.boot.actuate.endpoint.jmx] to WARN
20:04:31,612 |-INFO in ch.qos.logback.classic.jul.LevelChangePropagator@6fefce9e - Propagating WARN level on Logger[org.springframework.boot.actuate.endpoint.jmx] onto the JUL framework
20:04:31,612 |-INFO in ch.qos.logback.classic.jul.LevelChangePropagator@74cec793 - Propagating WARN level on Logger[org.springframework.boot.actuate.endpoint.jmx] onto the JUL framework
20:04:31,612 |-INFO in ch.qos.logback.core.model.processor.AppenderModelHandler - Processing appender named [CONSOLE]
20:04:31,612 |-INFO in ch.qos.logback.core.model.processor.AppenderModelHandler - About to instantiate appender of type [ch.qos.logback.core.ConsoleAppender]
20:04:31,613 |-INFO in ch.qos.logback.core.model.processor.ImplicitModelHandler - Assuming default type [ch.qos.logback.classic.encoder.PatternLayoutEncoder] for [encoder] property
20:04:31,649 |-INFO in ch.qos.logback.core.ConsoleAppender[CONSOLE] - BEWARE: Writing to the console can be very slow. Avoid logging to the 
20:04:31,649 |-INFO in ch.qos.logback.core.ConsoleAppender[CONSOLE] - console in production environments, especially in high volume systems.
20:04:31,649 |-INFO in ch.qos.logback.core.ConsoleAppender[CONSOLE] - See also https://logback.qos.ch/codes.html#slowConsole
20:04:31,649 |-INFO in ch.qos.logback.core.model.processor.AppenderModelHandler - Processing appender named [FILE]
20:04:31,649 |-INFO in ch.qos.logback.core.model.processor.AppenderModelHandler - About to instantiate appender of type [ch.qos.logback.core.rolling.RollingFileAppender]
20:04:31,652 |-INFO in ch.qos.logback.core.model.processor.ModelInterpretationContext@18e7143f - value "./logs/xiaozhi-esp32-api.log" substituted for "${LOG_HOME}/xiaozhi-esp32-api.log"
20:04:31,654 |-INFO in ch.qos.logback.core.model.processor.ModelInterpretationContext@18e7143f - value "./logs/xiaozhi-esp32-api.%d{yyyy-MM-dd}.%i.log" substituted for "${LOG_HOME}/xiaozhi-esp32-api.%d{yyyy-MM-dd}.%i.log"
20:04:31,658 |-INFO in c.q.l.core.rolling.SizeAndTimeBasedRollingPolicy@1334405552 - setting totalSizeCap to 2 GB
20:04:31,662 |-INFO in c.q.l.core.rolling.SizeAndTimeBasedRollingPolicy@1334405552 - Archive files will be limited to [10 MB] each.
20:04:31,664 |-INFO in c.q.l.core.rolling.SizeAndTimeBasedRollingPolicy@1334405552 - No compression will be used
20:04:31,666 |-INFO in c.q.l.core.rolling.SizeAndTimeBasedRollingPolicy@1334405552 - Will use the pattern ./logs/xiaozhi-esp32-api.%d{yyyy-MM-dd}.%i.log for the active file
20:04:31,687 |-INFO in ch.qos.logback.core.rolling.SizeAndTimeBasedFileNamingAndTriggeringPolicy@1bdf8190 - The date pattern is 'yyyy-MM-dd' from file name pattern './logs/xiaozhi-esp32-api.%d{yyyy-MM-dd}.%i.log'.
20:04:31,688 |-INFO in ch.qos.logback.core.rolling.SizeAndTimeBasedFileNamingAndTriggeringPolicy@1bdf8190 - Roll-over at midnight.
20:04:31,697 |-INFO in ch.qos.logback.core.rolling.SizeAndTimeBasedFileNamingAndTriggeringPolicy@1bdf8190 - Setting initial period to 2026-07-14T12:03:17.775Z
20:04:31,701 |-INFO in ch.qos.logback.core.model.processor.ImplicitModelHandler - Assuming default type [ch.qos.logback.classic.encoder.PatternLayoutEncoder] for [encoder] property
20:04:31,704 |-INFO in ch.qos.logback.core.rolling.RollingFileAppender[FILE] - Active log file name: ./logs/xiaozhi-esp32-api.log
20:04:31,707 |-INFO in ch.qos.logback.core.rolling.RollingFileAppender[FILE] - Setting currentFileLength to 387114 for .\logs\xiaozhi-esp32-api.log
20:04:31,707 |-INFO in ch.qos.logback.core.rolling.RollingFileAppender[FILE] - File property is set to [./logs/xiaozhi-esp32-api.log]
20:04:31,709 |-INFO in ch.qos.logback.core.model.processor.AppenderModelHandler - Processing appender named [ERROR_FILE]
20:04:31,709 |-INFO in ch.qos.logback.core.model.processor.AppenderModelHandler - About to instantiate appender of type [ch.qos.logback.core.rolling.RollingFileAppender]
20:04:31,709 |-INFO in ch.qos.logback.core.model.processor.ModelInterpretationContext@18e7143f - value "./logs/error.log" substituted for "${LOG_HOME}/error.log"
20:04:31,711 |-INFO in ch.qos.logback.core.model.processor.ModelInterpretationContext@18e7143f - value "./logs/error.%d{yyyy-MM-dd}.%i.log" substituted for "${LOG_HOME}/error.%d{yyyy-MM-dd}.%i.log"
20:04:31,713 |-INFO in c.q.l.core.rolling.SizeAndTimeBasedRollingPolicy@422522663 - setting totalSizeCap to 1 GB
20:04:31,713 |-INFO in c.q.l.core.rolling.SizeAndTimeBasedRollingPolicy@422522663 - Archive files will be limited to [10 MB] each.
20:04:31,713 |-INFO in c.q.l.core.rolling.SizeAndTimeBasedRollingPolicy@422522663 - No compression will be used
20:04:31,713 |-INFO in c.q.l.core.rolling.SizeAndTimeBasedRollingPolicy@422522663 - Will use the pattern ./logs/error.%d{yyyy-MM-dd}.%i.log for the active file
20:04:31,713 |-INFO in ch.qos.logback.core.rolling.SizeAndTimeBasedFileNamingAndTriggeringPolicy@8a589a2 - The date pattern is 'yyyy-MM-dd' from file name pattern './logs/error.%d{yyyy-MM-dd}.%i.log'.
20:04:31,713 |-INFO in ch.qos.logback.core.rolling.SizeAndTimeBasedFileNamingAndTriggeringPolicy@8a589a2 - Roll-over at midnight.
20:04:31,714 |-INFO in ch.qos.logback.core.rolling.SizeAndTimeBasedFileNamingAndTriggeringPolicy@8a589a2 - Setting initial period to 2026-07-14T11:32:14.833Z
20:04:31,716 |-INFO in ch.qos.logback.core.model.processor.ImplicitModelHandler - Assuming default type [ch.qos.logback.classic.encoder.PatternLayoutEncoder] for [encoder] property
20:04:31,716 |-INFO in ch.qos.logback.core.rolling.RollingFileAppender[ERROR_FILE] - Active log file name: ./logs/error.log
20:04:31,716 |-INFO in ch.qos.logback.core.rolling.RollingFileAppender[ERROR_FILE] - Setting currentFileLength to 25184 for .\logs\error.log
20:04:31,716 |-INFO in ch.qos.logback.core.rolling.RollingFileAppender[ERROR_FILE] - File property is set to [./logs/error.log]
20:04:31,718 |-INFO in ch.qos.logback.classic.model.processor.RootLoggerModelHandler - Setting level of ROOT logger to INFO
20:04:31,718 |-INFO in ch.qos.logback.classic.jul.LevelChangePropagator@6fefce9e - Propagating INFO level on Logger[ROOT] onto the JUL framework
20:04:31,718 |-INFO in ch.qos.logback.classic.jul.LevelChangePropagator@74cec793 - Propagating INFO level on Logger[ROOT] onto the JUL framework
20:04:31,718 |-INFO in ch.qos.logback.core.model.processor.AppenderRefModelHandler - Attaching appender named [CONSOLE] to Logger[ROOT]
20:04:31,719 |-INFO in ch.qos.logback.core.model.processor.AppenderRefModelHandler - Attaching appender named [FILE] to Logger[ROOT]
20:04:31,719 |-INFO in ch.qos.logback.core.model.processor.AppenderRefModelHandler - Attaching appender named [ERROR_FILE] to Logger[ROOT]
20:04:31,719 |-INFO in ch.qos.logback.classic.model.processor.LoggerModelHandler - Setting level of logger [xiaozhi] to DEBUG
20:04:31,719 |-INFO in ch.qos.logback.classic.jul.LevelChangePropagator@6fefce9e - Propagating DEBUG level on Logger[xiaozhi] onto the JUL framework
20:04:31,719 |-INFO in ch.qos.logback.classic.jul.LevelChangePropagator@74cec793 - Propagating DEBUG level on Logger[xiaozhi] onto the JUL framework
20:04:31,719 |-INFO in ch.qos.logback.classic.model.processor.LoggerModelHandler - Setting level of logger [org.springframework.web] to INFO
20:04:31,719 |-INFO in ch.qos.logback.classic.jul.LevelChangePropagator@6fefce9e - Propagating INFO level on Logger[org.springframework.web] onto the JUL framework
20:04:31,719 |-INFO in ch.qos.logback.classic.jul.LevelChangePropagator@74cec793 - Propagating INFO level on Logger[org.springframework.web] onto the JUL framework
20:04:31,719 |-INFO in ch.qos.logback.classic.model.processor.LoggerModelHandler - Setting level of logger [org.springboot.sample] to INFO
20:04:31,719 |-INFO in ch.qos.logback.classic.jul.LevelChangePropagator@6fefce9e - Propagating INFO level on Logger[org.springboot.sample] onto the JUL framework
20:04:31,719 |-INFO in ch.qos.logback.classic.jul.LevelChangePropagator@74cec793 - Propagating INFO level on Logger[org.springboot.sample] onto the JUL framework
20:04:31,719 |-INFO in ch.qos.logback.core.model.processor.DefaultProcessor@c65a5ef - End of configuration.
20:04:31,719 |-INFO in org.springframework.boot.logging.logback.SpringBootJoranConfigurator@6b5176f2 - Registering current configuration as safe fallback point


  .   ____          _            __ _ _
 /\\ / ___'_ __ _ _(_)_ __  __ _ \ \ \ \
( ( )\___ | '_ | '_| | '_ \/ _` | \ \ \ \
 \\/  ___)| |_)| | | | | || (_| |  ) ) ) )
  '  |____| .__|_| |_|_| |_\__, | / / / /
 =========|_|==============|___/=/_/_/_/

 :: Spring Boot ::                (v3.4.3)

2026-07-14 20:04:31.901 [main] [34mINFO [0;39m [36mxiaozhi.AdminApplication[0;39m - Starting AdminApplication v0.0.1 using Java 21.0.11 with PID 8676 (C:\Users\25453\Desktop\HRISenior\HRISenior\HRI-SeniorCare\xiaozhi-esp32-server\main\manager-api\target\xiaozhi-esp32-api.jar started by 25453 in C:\Users\25453\Desktop\HRISenior\HRISenior\HRI-SeniorCare\xiaozhi-esp32-server\main\manager-api)
2026-07-14 20:04:31.904 [main] [39mDEBUG[0;39m [36mxiaozhi.AdminApplication[0;39m - Running with Spring Boot v3.4.3, Spring v6.2.3
2026-07-14 20:04:31.905 [main] [34mINFO [0;39m [36mxiaozhi.AdminApplication[0;39m - The following 1 profile is active: "dev"
2026-07-14 20:04:33.452 [main] [34mINFO [0;39m [36mo.s.d.r.config.RepositoryConfigurationDelegate[0;39m - Multiple Spring Data modules found, entering strict repository configuration mode
2026-07-14 20:04:33.455 [main] [34mINFO [0;39m [36mo.s.d.r.config.RepositoryConfigurationDelegate[0;39m - Bootstrapping Spring Data Redis repositories in DEFAULT mode.
2026-07-14 20:04:33.498 [main] [34mINFO [0;39m [36mo.s.d.r.config.RepositoryConfigurationDelegate[0;39m - Finished Spring Data repository scanning in 22 ms. Found 0 Redis repository interfaces.
2026-07-14 20:04:33.895 [main] [31mWARN [0;39m [36mo.s.c.s.PostProcessorRegistrationDelegate$BeanPostProcessorChecker[0;39m - Bean 'shiroConfig' of type [xiaozhi.modules.security.config.ShiroConfig$$SpringCGLIB$$0] is not eligible for getting processed by all BeanPostProcessors (for example: not eligible for auto-proxying). The currently created BeanPostProcessor [lifecycleBeanPostProcessor] is declared through a non-static factory method on that class; consider declaring it as static instead.
2026-07-14 20:04:33.969 [main] [31mWARN [0;39m [36mo.s.c.s.PostProcessorRegistrationDelegate$BeanPostProcessorChecker[0;39m - Bean 'oauth2Realm' of type [xiaozhi.modules.security.oauth2.Oauth2Realm] is not eligible for getting processed by all BeanPostProcessors (for example: not eligible for auto-proxying). Is this bean getting eagerly injected/applied to a currently created BeanPostProcessor [methodValidationPostProcessor]? Check the corresponding BeanPostProcessor declaration and its dependencies/advisors. If this bean does not have to be post-processed, declare it with ROLE_INFRASTRUCTURE.
2026-07-14 20:04:33.975 [main] [31mWARN [0;39m [36mo.s.c.s.PostProcessorRegistrationDelegate$BeanPostProcessorChecker[0;39m - Bean 'sessionManager' of type [org.apache.shiro.web.session.mgt.DefaultWebSessionManager] is not eligible for getting processed by all BeanPostProcessors (for example: not eligible for auto-proxying). Is this bean getting eagerly injected/applied to a currently created BeanPostProcessor [methodValidationPostProcessor]? Check the corresponding BeanPostProcessor declaration and its dependencies/advisors. If this bean does not have to be post-processed, declare it with ROLE_INFRASTRUCTURE.
2026-07-14 20:04:34.069 [main] [31mWARN [0;39m [36mo.s.c.s.PostProcessorRegistrationDelegate$BeanPostProcessorChecker[0;39m - Bean 'securityManager' of type [org.apache.shiro.web.mgt.DefaultWebSecurityManager] is not eligible for getting processed by all BeanPostProcessors (for example: not eligible for auto-proxying). Is this bean getting eagerly injected/applied to a currently created BeanPostProcessor [methodValidationPostProcessor]? Check the corresponding BeanPostProcessor declaration and its dependencies/advisors. If this bean does not have to be post-processed, declare it with ROLE_INFRASTRUCTURE.
2026-07-14 20:04:34.136 [main] [31mWARN [0;39m [36mo.s.c.s.PostProcessorRegistrationDelegate$BeanPostProcessorChecker[0;39m - Bean 'spring.data.redis-org.springframework.boot.autoconfigure.data.redis.RedisProperties' of type [org.springframework.boot.autoconfigure.data.redis.RedisProperties] is not eligible for getting processed by all BeanPostProcessors (for example: not eligible for auto-proxying). Is this bean getting eagerly injected/applied to a currently created BeanPostProcessor [methodValidationPostProcessor]? Check the corresponding BeanPostProcessor declaration and its dependencies/advisors. If this bean does not have to be post-processed, declare it with ROLE_INFRASTRUCTURE.
2026-07-14 20:04:34.138 [main] [31mWARN [0;39m [36mo.s.c.s.PostProcessorRegistrationDelegate$BeanPostProcessorChecker[0;39m - Bean 'org.springframework.boot.autoconfigure.data.redis.RedisAutoConfiguration' of type [org.springframework.boot.autoconfigure.data.redis.RedisAutoConfiguration] is not eligible for getting processed by all BeanPostProcessors (for example: not eligible for auto-proxying). Is this bean getting eagerly injected/applied to a currently created BeanPostProcessor [methodValidationPostProcessor]? Check the corresponding BeanPostProcessor declaration and its dependencies/advisors. If this bean does not have to be post-processed, declare it with ROLE_INFRASTRUCTURE.
2026-07-14 20:04:34.141 [main] [31mWARN [0;39m [36mo.s.c.s.PostProcessorRegistrationDelegate$BeanPostProcessorChecker[0;39m - Bean 'redisConnectionDetails' of type [org.springframework.boot.autoconfigure.data.redis.PropertiesRedisConnectionDetails] is not eligible for getting processed by all BeanPostProcessors (for example: not eligible for auto-proxying). Is this bean getting eagerly injected/applied to a currently created BeanPostProcessor [methodValidationPostProcessor]? Check the corresponding BeanPostProcessor declaration and its dependencies/advisors. If this bean does not have to be post-processed, declare it with ROLE_INFRASTRUCTURE.
2026-07-14 20:04:34.153 [main] [31mWARN [0;39m [36mo.s.c.s.PostProcessorRegistrationDelegate$BeanPostProcessorChecker[0;39m - Bean 'spring.ssl-org.springframework.boot.autoconfigure.ssl.SslProperties' of type [org.springframework.boot.autoconfigure.ssl.SslProperties] is not eligible for getting processed by all BeanPostProcessors (for example: not eligible for auto-proxying). Is this bean getting eagerly injected/applied to a currently created BeanPostProcessor [methodValidationPostProcessor]? Check the corresponding BeanPostProcessor declaration and its dependencies/advisors. If this bean does not have to be post-processed, declare it with ROLE_INFRASTRUCTURE.
2026-07-14 20:04:34.153 [main] [31mWARN [0;39m [36mo.s.c.s.PostProcessorRegistrationDelegate$BeanPostProcessorChecker[0;39m - Bean 'org.springframework.boot.autoconfigure.ssl.SslAutoConfiguration' of type [org.springframework.boot.autoconfigure.ssl.SslAutoConfiguration] is not eligible for getting processed by all BeanPostProcessors (for example: not eligible for auto-proxying). Is this bean getting eagerly injected/applied to a currently created BeanPostProcessor [methodValidationPostProcessor]? Check the corresponding BeanPostProcessor declaration and its dependencies/advisors. If this bean does not have to be post-processed, declare it with ROLE_INFRASTRUCTURE.
2026-07-14 20:04:34.158 [main] [31mWARN [0;39m [36mo.s.c.s.PostProcessorRegistrationDelegate$BeanPostProcessorChecker[0;39m - Bean 'fileWatcher' of type [org.springframework.boot.autoconfigure.ssl.FileWatcher] is not eligible for getting processed by all BeanPostProcessors (for example: not eligible for auto-proxying). Is this bean getting eagerly injected/applied to a currently created BeanPostProcessor [methodValidationPostProcessor]? Check the corresponding BeanPostProcessor declaration and its dependencies/advisors. If this bean does not have to be post-processed, declare it with ROLE_INFRASTRUCTURE.
2026-07-14 20:04:34.162 [main] [31mWARN [0;39m [36mo.s.c.s.PostProcessorRegistrationDelegate$BeanPostProcessorChecker[0;39m - Bean 'sslPropertiesSslBundleRegistrar' of type [org.springframework.boot.autoconfigure.ssl.SslPropertiesBundleRegistrar] is not eligible for getting processed by all BeanPostProcessors (for example: not eligible for auto-proxying). Is this bean getting eagerly injected/applied to a currently created BeanPostProcessor [methodValidationPostProcessor]? Check the corresponding BeanPostProcessor declaration and its dependencies/advisors. If this bean does not have to be post-processed, declare it with ROLE_INFRASTRUCTURE.
2026-07-14 20:04:34.170 [main] [31mWARN [0;39m [36mo.s.c.s.PostProcessorRegistrationDelegate$BeanPostProcessorChecker[0;39m - Bean 'sslBundleRegistry' of type [org.springframework.boot.ssl.DefaultSslBundleRegistry] is not eligible for getting processed by all BeanPostProcessors (for example: not eligible for auto-proxying). Is this bean getting eagerly injected/applied to a currently created BeanPostProcessor [methodValidationPostProcessor]? Check the corresponding BeanPostProcessor declaration and its dependencies/advisors. If this bean does not have to be post-processed, declare it with ROLE_INFRASTRUCTURE.
2026-07-14 20:04:34.171 [main] [31mWARN [0;39m [36mo.s.c.s.PostProcessorRegistrationDelegate$BeanPostProcessorChecker[0;39m - Bean 'org.springframework.boot.autoconfigure.data.redis.LettuceConnectionConfiguration' of type [org.springframework.boot.autoconfigure.data.redis.LettuceConnectionConfiguration] is not eligible for getting processed by all BeanPostProcessors (for example: not eligible for auto-proxying). Is this bean getting eagerly injected/applied to a currently created BeanPostProcessor [methodValidationPostProcessor]? Check the corresponding BeanPostProcessor declaration and its dependencies/advisors. If this bean does not have to be post-processed, declare it with ROLE_INFRASTRUCTURE.
2026-07-14 20:04:34.414 [main] [31mWARN [0;39m [36mo.s.c.s.PostProcessorRegistrationDelegate$BeanPostProcessorChecker[0;39m - Bean 'lettuceClientResources' of type [io.lettuce.core.resource.DefaultClientResources] is not eligible for getting processed by all BeanPostProcessors (for example: not eligible for auto-proxying). Is this bean getting eagerly injected/applied to a currently created BeanPostProcessor [methodValidationPostProcessor]? Check the corresponding BeanPostProcessor declaration and its dependencies/advisors. If this bean does not have to be post-processed, declare it with ROLE_INFRASTRUCTURE.
2026-07-14 20:04:34.519 [main] [31mWARN [0;39m [36mo.s.c.s.PostProcessorRegistrationDelegate$BeanPostProcessorChecker[0;39m - Bean 'redisConnectionFactory' of type [org.springframework.data.redis.connection.lettuce.LettuceConnectionFactory] is not eligible for getting processed by all BeanPostProcessors (for example: not eligible for auto-proxying). Is this bean getting eagerly injected/applied to a currently created BeanPostProcessor [methodValidationPostProcessor]? Check the corresponding BeanPostProcessor declaration and its dependencies/advisors. If this bean does not have to be post-processed, declare it with ROLE_INFRASTRUCTURE.
2026-07-14 20:04:34.520 [main] [31mWARN [0;39m [36mo.s.c.s.PostProcessorRegistrationDelegate$BeanPostProcessorChecker[0;39m - Bean 'redisConfig' of type [xiaozhi.common.redis.RedisConfig$$SpringCGLIB$$0] is not eligible for getting processed by all BeanPostProcessors (for example: not eligible for auto-proxying). Is this bean getting eagerly injected/applied to a currently created BeanPostProcessor [methodValidationPostProcessor]? Check the corresponding BeanPostProcessor declaration and its dependencies/advisors. If this bean does not have to be post-processed, declare it with ROLE_INFRASTRUCTURE.
2026-07-14 20:04:34.623 [main] [31mWARN [0;39m [36mo.s.c.s.PostProcessorRegistrationDelegate$BeanPostProcessorChecker[0;39m - Bean 'redisTemplate' of type [org.springframework.data.redis.core.RedisTemplate] is not eligible for getting processed by all BeanPostProcessors (for example: not eligible for auto-proxying). Is this bean getting eagerly injected/applied to a currently created BeanPostProcessor [methodValidationPostProcessor]? Check the corresponding BeanPostProcessor declaration and its dependencies/advisors. If this bean does not have to be post-processed, declare it with ROLE_INFRASTRUCTURE.
2026-07-14 20:04:34.626 [main] [31mWARN [0;39m [36mo.s.c.s.PostProcessorRegistrationDelegate$BeanPostProcessorChecker[0;39m - Bean 'resourcesUtils' of type [xiaozhi.common.utils.ResourcesUtils] is not eligible for getting processed by all BeanPostProcessors (for example: not eligible for auto-proxying). Is this bean getting eagerly injected/applied to a currently created BeanPostProcessor [methodValidationPostProcessor]? Check the corresponding BeanPostProcessor declaration and its dependencies/advisors. If this bean does not have to be post-processed, declare it with ROLE_INFRASTRUCTURE.
2026-07-14 20:04:34.626 [main] [31mWARN [0;39m [36mo.s.c.s.PostProcessorRegistrationDelegate$BeanPostProcessorChecker[0;39m - Bean 'redisUtils' of type [xiaozhi.common.redis.RedisUtils] is not eligible for getting processed by all BeanPostProcessors (for example: not eligible for auto-proxying). Is this bean getting eagerly injected/applied to a currently created BeanPostProcessor [methodValidationPostProcessor]? Check the corresponding BeanPostProcessor declaration and its dependencies/advisors. If this bean does not have to be post-processed, declare it with ROLE_INFRASTRUCTURE.
2026-07-14 20:04:34.627 [main] [31mWARN [0;39m [36mo.s.c.s.PostProcessorRegistrationDelegate$BeanPostProcessorChecker[0;39m - Bean 'sysParamsRedis' of type [xiaozhi.modules.sys.redis.SysParamsRedis] is not eligible for getting processed by all BeanPostProcessors (for example: not eligible for auto-proxying). Is this bean getting eagerly injected/applied to a currently created BeanPostProcessor [methodValidationPostProcessor]? Check the corresponding BeanPostProcessor declaration and its dependencies/advisors. If this bean does not have to be post-processed, declare it with ROLE_INFRASTRUCTURE.
2026-07-14 20:04:34.635 [main] [31mWARN [0;39m [36mo.s.c.s.PostProcessorRegistrationDelegate$BeanPostProcessorChecker[0;39m - Bean 'org.springframework.boot.autoconfigure.liquibase.LiquibaseAutoConfiguration$LiquibaseConfiguration' of type [org.springframework.boot.autoconfigure.liquibase.LiquibaseAutoConfiguration$LiquibaseConfiguration] is not eligible for getting processed by all BeanPostProcessors (for example: not eligible for auto-proxying). Is this bean getting eagerly injected/applied to a currently created BeanPostProcessor [methodValidationPostProcessor]? Check the corresponding BeanPostProcessor declaration and its dependencies/advisors. If this bean does not have to be post-processed, declare it with ROLE_INFRASTRUCTURE.
2026-07-14 20:04:34.654 [main] [31mWARN [0;39m [36mo.s.c.s.PostProcessorRegistrationDelegate$BeanPostProcessorChecker[0;39m - Bean 'spring.liquibase-org.springframework.boot.autoconfigure.liquibase.LiquibaseProperties' of type [org.springframework.boot.autoconfigure.liquibase.LiquibaseProperties] is not eligible for getting processed by all BeanPostProcessors (for example: not eligible for auto-proxying). Is this bean getting eagerly injected/applied to a currently created BeanPostProcessor [methodValidationPostProcessor]? Check the corresponding BeanPostProcessor declaration and its dependencies/advisors. If this bean does not have to be post-processed, declare it with ROLE_INFRASTRUCTURE.
2026-07-14 20:04:34.655 [main] [31mWARN [0;39m [36mo.s.c.s.PostProcessorRegistrationDelegate$BeanPostProcessorChecker[0;39m - Bean 'liquibaseConnectionDetails' of type [org.springframework.boot.autoconfigure.liquibase.LiquibaseAutoConfiguration$PropertiesLiquibaseConnectionDetails] is not eligible for getting processed by all BeanPostProcessors (for example: not eligible for auto-proxying). Is this bean getting eagerly injected/applied to a currently created BeanPostProcessor [methodValidationPostProcessor]? Check the corresponding BeanPostProcessor declaration and its dependencies/advisors. If this bean does not have to be post-processed, declare it with ROLE_INFRASTRUCTURE.
2026-07-14 20:04:34.660 [main] [31mWARN [0;39m [36mo.s.c.s.PostProcessorRegistrationDelegate$BeanPostProcessorChecker[0;39m - Bean 'com.alibaba.druid.spring.boot3.autoconfigure.DruidDataSourceAutoConfigure' of type [com.alibaba.druid.spring.boot3.autoconfigure.DruidDataSourceAutoConfigure$$SpringCGLIB$$0] is not eligible for getting processed by all BeanPostProcessors (for example: not eligible for auto-proxying). Is this bean getting eagerly injected/applied to a currently created BeanPostProcessor [methodValidationPostProcessor]? Check the corresponding BeanPostProcessor declaration and its dependencies/advisors. If this bean does not have to be post-processed, declare it with ROLE_INFRASTRUCTURE.
2026-07-14 20:04:34.661 [main] [34mINFO [0;39m [36mc.a.d.s.b.a.DruidDataSourceAutoConfigure[0;39m - Init DruidDataSource
2026-07-14 20:04:34.742 [main] [31mWARN [0;39m [36mo.s.c.s.PostProcessorRegistrationDelegate$BeanPostProcessorChecker[0;39m - Bean 'spring.datasource-org.springframework.boot.autoconfigure.jdbc.DataSourceProperties' of type [org.springframework.boot.autoconfigure.jdbc.DataSourceProperties] is not eligible for getting processed by all BeanPostProcessors (for example: not eligible for auto-proxying). Is this bean getting eagerly injected/applied to a currently created BeanPostProcessor [methodValidationPostProcessor]? Check the corresponding BeanPostProcessor declaration and its dependencies/advisors. If this bean does not have to be post-processed, declare it with ROLE_INFRASTRUCTURE.
2026-07-14 20:04:35.518 [main] [34mINFO [0;39m [36mcom.alibaba.druid.pool.DruidDataSource[0;39m - {dataSource-1} inited
2026-07-14 20:04:35.519 [main] [31mWARN [0;39m [36mo.s.c.s.PostProcessorRegistrationDelegate$BeanPostProcessorChecker[0;39m - Bean 'dataSource' of type [com.alibaba.druid.spring.boot3.autoconfigure.DruidDataSourceWrapper] is not eligible for getting processed by all BeanPostProcessors (for example: not eligible for auto-proxying). Is this bean getting eagerly injected/applied to a currently created BeanPostProcessor [methodValidationPostProcessor]? Check the corresponding BeanPostProcessor declaration and its dependencies/advisors. If this bean does not have to be post-processed, declare it with ROLE_INFRASTRUCTURE.
2026-07-14 20:04:36.056 [main] [34mINFO [0;39m [36mliquibase.changelog[0;39m - Reading from xiaozhi_esp32_server.DATABASECHANGELOG
2026-07-14 20:04:36.069 [main] [34mINFO [0;39m [36mliquibase.executor[0;39m - Changelog query completed.
Database is up to date, no changesets to execute
2026-07-14 20:04:36.169 [main] [31mWARN [0;39m [36mo.s.c.s.PostProcessorRegistrationDelegate$BeanPostProcessorChecker[0;39m - Bean 'liquibase' of type [liquibase.integration.spring.SpringLiquibase] is not eligible for getting processed by all BeanPostProcessors (for example: not eligible for auto-proxying). Is this bean getting eagerly injected/applied to a currently created BeanPostProcessor [methodValidationPostProcessor]? Check the corresponding BeanPostProcessor declaration and its dependencies/advisors. If this bean does not have to be post-processed, declare it with ROLE_INFRASTRUCTURE.
2026-07-14 20:04:36.170 [main] [31mWARN [0;39m [36mo.s.c.s.PostProcessorRegistrationDelegate$BeanPostProcessorChecker[0;39m - Bean 'org.springframework.boot.autoconfigure.sql.init.DataSourceInitializationConfiguration' of type [org.springframework.boot.autoconfigure.sql.init.DataSourceInitializationConfiguration] is not eligible for getting processed by all BeanPostProcessors (for example: not eligible for auto-proxying). Is this bean getting eagerly injected/applied to a currently created BeanPostProcessor [methodValidationPostProcessor]? Check the corresponding BeanPostProcessor declaration and its dependencies/advisors. If this bean does not have to be post-processed, declare it with ROLE_INFRASTRUCTURE.
2026-07-14 20:04:36.173 [main] [31mWARN [0;39m [36mo.s.c.s.PostProcessorRegistrationDelegate$BeanPostProcessorChecker[0;39m - Bean 'spring.sql.init-org.springframework.boot.autoconfigure.sql.init.SqlInitializationProperties' of type [org.springframework.boot.autoconfigure.sql.init.SqlInitializationProperties] is not eligible for getting processed by all BeanPostProcessors (for example: not eligible for auto-proxying). Is this bean getting eagerly injected/applied to a currently created BeanPostProcessor [methodValidationPostProcessor]? Check the corresponding BeanPostProcessor declaration and its dependencies/advisors. If this bean does not have to be post-processed, declare it with ROLE_INFRASTRUCTURE.
2026-07-14 20:04:36.183 [main] [31mWARN [0;39m [36mo.s.c.s.PostProcessorRegistrationDelegate$BeanPostProcessorChecker[0;39m - Bean 'dataSourceScriptDatabaseInitializer' of type [org.springframework.boot.autoconfigure.sql.init.SqlDataSourceScriptDatabaseInitializer] is not eligible for getting processed by all BeanPostProcessors (for example: not eligible for auto-proxying). Is this bean getting eagerly injected/applied to a currently created BeanPostProcessor [methodValidationPostProcessor]? Check the corresponding BeanPostProcessor declaration and its dependencies/advisors. If this bean does not have to be post-processed, declare it with ROLE_INFRASTRUCTURE.
2026-07-14 20:04:36.221 [main] [31mWARN [0;39m [36mo.s.c.s.PostProcessorRegistrationDelegate$BeanPostProcessorChecker[0;39m - Bean 'mybatis-plus-com.baomidou.mybatisplus.autoconfigure.MybatisPlusProperties' of type [com.baomidou.mybatisplus.autoconfigure.MybatisPlusProperties] is not eligible for getting processed by all BeanPostProcessors (for example: not eligible for auto-proxying). Is this bean getting eagerly injected/applied to a currently created BeanPostProcessor [methodValidationPostProcessor]? Check the corresponding BeanPostProcessor declaration and its dependencies/advisors. If this bean does not have to be post-processed, declare it with ROLE_INFRASTRUCTURE.
2026-07-14 20:04:36.225 [main] [31mWARN [0;39m [36mo.s.c.s.PostProcessorRegistrationDelegate$BeanPostProcessorChecker[0;39m - Bean 'mybatisPlusConfig' of type [xiaozhi.common.config.MybatisPlusConfig$$SpringCGLIB$$0] is not eligible for getting processed by all BeanPostProcessors (for example: not eligible for auto-proxying). Is this bean getting eagerly injected/applied to a currently created BeanPostProcessor [methodValidationPostProcessor]? Check the corresponding BeanPostProcessor declaration and its dependencies/advisors. If this bean does not have to be post-processed, declare it with ROLE_INFRASTRUCTURE.
2026-07-14 20:04:36.243 [main] [31mWARN [0;39m [36mo.s.c.s.PostProcessorRegistrationDelegate$BeanPostProcessorChecker[0;39m - Bean 'mybatisPlusInterceptor' of type [com.baomidou.mybatisplus.extension.plugins.MybatisPlusInterceptor] is not eligible for getting processed by all BeanPostProcessors (for example: not eligible for auto-proxying). Is this bean getting eagerly injected/applied to a currently created BeanPostProcessor [methodValidationPostProcessor]? Check the corresponding BeanPostProcessor declaration and its dependencies/advisors. If this bean does not have to be post-processed, declare it with ROLE_INFRASTRUCTURE.
2026-07-14 20:04:36.249 [main] [31mWARN [0;39m [36mo.s.c.s.PostProcessorRegistrationDelegate$BeanPostProcessorChecker[0;39m - Bean 'com.baomidou.mybatisplus.autoconfigure.MybatisPlusAutoConfiguration' of type [com.baomidou.mybatisplus.autoconfigure.MybatisPlusAutoConfiguration] is not eligible for getting processed by all BeanPostProcessors (for example: not eligible for auto-proxying). Is this bean getting eagerly injected/applied to a currently created BeanPostProcessor [methodValidationPostProcessor]? Check the corresponding BeanPostProcessor declaration and its dependencies/advisors. If this bean does not have to be post-processed, declare it with ROLE_INFRASTRUCTURE.
2026-07-14 20:04:36.410 [main] [31mWARN [0;39m [36mo.s.c.s.PostProcessorRegistrationDelegate$BeanPostProcessorChecker[0;39m - Bean 'fieldMetaObjectHandler' of type [xiaozhi.common.handler.FieldMetaObjectHandler] is not eligible for getting processed by all BeanPostProcessors (for example: not eligible for auto-proxying). Is this bean getting eagerly injected/applied to a currently created BeanPostProcessor [methodValidationPostProcessor]? Check the corresponding BeanPostProcessor declaration and its dependencies/advisors. If this bean does not have to be post-processed, declare it with ROLE_INFRASTRUCTURE.
2026-07-14 20:04:37.091 [main] [31mWARN [0;39m [36mo.s.c.s.PostProcessorRegistrationDelegate$BeanPostProcessorChecker[0;39m - Bean 'sqlSessionFactory' of type [org.apache.ibatis.session.defaults.DefaultSqlSessionFactory] is not eligible for getting processed by all BeanPostProcessors (for example: not eligible for auto-proxying). Is this bean getting eagerly injected/applied to a currently created BeanPostProcessor [methodValidationPostProcessor]? Check the corresponding BeanPostProcessor declaration and its dependencies/advisors. If this bean does not have to be post-processed, declare it with ROLE_INFRASTRUCTURE.
2026-07-14 20:04:37.103 [main] [31mWARN [0;39m [36mo.s.c.s.PostProcessorRegistrationDelegate$BeanPostProcessorChecker[0;39m - Bean 'sqlSessionTemplate' of type [org.mybatis.spring.SqlSessionTemplate] is not eligible for getting processed by all BeanPostProcessors (for example: not eligible for auto-proxying). Is this bean getting eagerly injected/applied to a currently created BeanPostProcessor [methodValidationPostProcessor]? Check the corresponding BeanPostProcessor declaration and its dependencies/advisors. If this bean does not have to be post-processed, declare it with ROLE_INFRASTRUCTURE.
2026-07-14 20:04:37.103 [main] [31mWARN [0;39m [36mo.s.c.s.PostProcessorRegistrationDelegate$BeanPostProcessorChecker[0;39m - Bean 'sysParamsDao' of type [org.mybatis.spring.mapper.MapperFactoryBean] is not eligible for getting processed by all BeanPostProcessors (for example: not eligible for auto-proxying). Is this bean getting eagerly injected/applied to a currently created BeanPostProcessor [methodValidationPostProcessor]? Check the corresponding BeanPostProcessor declaration and its dependencies/advisors. If this bean does not have to be post-processed, declare it with ROLE_INFRASTRUCTURE.
2026-07-14 20:04:37.109 [main] [31mWARN [0;39m [36mo.s.c.s.PostProcessorRegistrationDelegate$BeanPostProcessorChecker[0;39m - Bean 'sysParamsDao' of type [jdk.proxy2.$Proxy104] is not eligible for getting processed by all BeanPostProcessors (for example: not eligible for auto-proxying). Is this bean getting eagerly injected/applied to a currently created BeanPostProcessor [methodValidationPostProcessor]? Check the corresponding BeanPostProcessor declaration and its dependencies/advisors. If this bean does not have to be post-processed, declare it with ROLE_INFRASTRUCTURE.
2026-07-14 20:04:37.110 [main] [31mWARN [0;39m [36mo.s.c.s.PostProcessorRegistrationDelegate$BeanPostProcessorChecker[0;39m - Bean 'sysParamsServiceImpl' of type [xiaozhi.modules.sys.service.impl.SysParamsServiceImpl] is not eligible for getting processed by all BeanPostProcessors (for example: not eligible for auto-proxying). Is this bean getting eagerly injected/applied to a currently created BeanPostProcessor [methodValidationPostProcessor]? Check the corresponding BeanPostProcessor declaration and its dependencies/advisors. If this bean does not have to be post-processed, declare it with ROLE_INFRASTRUCTURE.
2026-07-14 20:04:37.170 [main] [31mWARN [0;39m [36mo.s.c.s.PostProcessorRegistrationDelegate$BeanPostProcessorChecker[0;39m - Bean 'authorizationAttributeSourceAdvisor' of type [org.apache.shiro.spring.security.interceptor.AuthorizationAttributeSourceAdvisor] is not eligible for getting processed by all BeanPostProcessors (for example: not eligible for auto-proxying). Is this bean getting eagerly injected/applied to a currently created BeanPostProcessor []? Check the corresponding BeanPostProcessor declaration and its dependencies/advisors. If this bean does not have to be post-processed, declare it with ROLE_INFRASTRUCTURE.
2026-07-14 20:04:37.796 [main] [34mINFO [0;39m [36mo.s.boot.web.embedded.tomcat.TomcatWebServer[0;39m - Tomcat initialized with port 8002 (http)
2026-07-14 20:04:37.817 [main] [34mINFO [0;39m [36morg.apache.catalina.core.StandardService[0;39m - Starting service [Tomcat]
2026-07-14 20:04:37.818 [main] [34mINFO [0;39m [36morg.apache.catalina.core.StandardEngine[0;39m - Starting Servlet engine: [Apache Tomcat/10.1.36]
2026-07-14 20:04:37.872 [main] [34mINFO [0;39m [36mo.a.c.c.C.[Tomcat].[localhost].[/xiaozhi][0;39m - Initializing Spring embedded WebApplicationContext
2026-07-14 20:04:37.873 [main] [34mINFO [0;39m [36mo.s.b.w.s.c.ServletWebServerApplicationContext[0;39m - Root WebApplicationContext: initialization completed in 5894 ms
2026-07-14 20:04:39.229 [main] [39mDEBUG[0;39m [36mx.modules.sys.dao.SysParamsDao.getValueByCode[0;39m - ==>  Preparing: select param_value from sys_params where param_code = ?
2026-07-14 20:04:39.246 [main] [39mDEBUG[0;39m [36mx.modules.sys.dao.SysParamsDao.getValueByCode[0;39m - ==> Parameters: server.secret(String)
2026-07-14 20:04:39.258 [main] [39mDEBUG[0;39m [36mx.modules.sys.dao.SysParamsDao.getValueByCode[0;39m - <==      Total: 1
2026-07-14 20:04:39.306 [main] [39mDEBUG[0;39m [36mxiaozhi.modules.sys.dao.SysParamsDao.selectList[0;39m - ==>  Preparing: SELECT id,param_code,param_value,value_type,param_type,remark,updater,update_date,creator,create_date FROM sys_params WHERE (param_type = ?)
2026-07-14 20:04:39.308 [main] [39mDEBUG[0;39m [36mxiaozhi.modules.sys.dao.SysParamsDao.selectList[0;39m - ==> Parameters: 1(Integer)
2026-07-14 20:04:39.320 [main] [39mDEBUG[0;39m [36mxiaozhi.modules.sys.dao.SysParamsDao.selectList[0;39m - <==      Total: 47
2026-07-14 20:04:39.337 [main] [39mDEBUG[0;39m [36mx.modules.agent.dao.AgentTemplateDao.selectList[0;39m - ==>  Preparing: SELECT id,agent_code,agent_name,asr_model_id,vad_model_id,llm_model_id,vllm_model_id,tts_model_id,tts_voice_id,mem_model_id,intent_model_id,chat_history_conf,system_prompt,summary_memory,lang_code,language,sort,creator,created_at,updater,updated_at FROM ai_agent_template ORDER BY sort ASC LIMIT 1
2026-07-14 20:04:39.337 [main] [39mDEBUG[0;39m [36mx.modules.agent.dao.AgentTemplateDao.selectList[0;39m - ==> Parameters: 
2026-07-14 20:04:39.343 [main] [39mDEBUG[0;39m [36mx.modules.agent.dao.AgentTemplateDao.selectList[0;39m - <==      Total: 1
2026-07-14 20:04:40.390 [main] [34mINFO [0;39m [36mo.s.boot.web.embedded.tomcat.TomcatWebServer[0;39m - Tomcat started on port 8002 (http) with context path '/xiaozhi'
2026-07-14 20:04:40.402 [main] [34mINFO [0;39m [36mxiaozhi.AdminApplication[0;39m - Started AdminApplication in 9.429 seconds (process running for 10.429)
http://localhost:8002/xiaozhi/doc.html
2026-07-14 20:05:30.458 [http-nio-8002-exec-2] [34mINFO [0;39m [36mo.a.c.c.C.[Tomcat].[localhost].[/xiaozhi][0;39m - Initializing Spring DispatcherServlet 'dispatcherServlet'
2026-07-14 20:05:30.458 [http-nio-8002-exec-2] [34mINFO [0;39m [36morg.springframework.web.servlet.DispatcherServlet[0;39m - Initializing Servlet 'dispatcherServlet'
2026-07-14 20:05:30.459 [http-nio-8002-exec-2] [34mINFO [0;39m [36morg.springframework.web.servlet.DispatcherServlet[0;39m - Completed initialization in 1 ms
2026-07-14 20:06:29.207 [http-nio-8002-exec-6] [39mDEBUG[0;39m [36mxiaozhi.modules.sys.dao.SysUserDao.selectList[0;39m - ==>  Preparing: SELECT id,username,password,super_admin,status,head_url,updater,update_date,creator,create_date FROM sys_user WHERE (username = ?)
2026-07-14 20:06:29.208 [http-nio-8002-exec-6] [39mDEBUG[0;39m [36mxiaozhi.modules.sys.dao.SysUserDao.selectList[0;39m - ==> Parameters: admin(String)
2026-07-14 20:06:29.210 [http-nio-8002-exec-6] [39mDEBUG[0;39m [36mxiaozhi.modules.sys.dao.SysUserDao.selectList[0;39m - <==      Total: 1
2026-07-14 20:06:29.298 [http-nio-8002-exec-6] [39mDEBUG[0;39m [36mx.modules.security.dao.SysUserTokenDao.getByUserId[0;39m - ==>  Preparing: select * from sys_user_token where user_id = ?
2026-07-14 20:06:29.300 [http-nio-8002-exec-6] [39mDEBUG[0;39m [36mx.modules.security.dao.SysUserTokenDao.getByUserId[0;39m - ==> Parameters: 2(Long)
2026-07-14 20:06:29.301 [http-nio-8002-exec-6] [39mDEBUG[0;39m [36mx.modules.security.dao.SysUserTokenDao.getByUserId[0;39m - <==      Total: 1
2026-07-14 20:06:29.351 [http-nio-8002-exec-6] [39mDEBUG[0;39m [36mx.modules.security.dao.SysUserTokenDao.updateById[0;39m - ==>  Preparing: UPDATE sys_user_token SET user_id=?, token=?, expire_date=?, update_date=?, create_date=? WHERE id=?
2026-07-14 20:06:29.352 [http-nio-8002-exec-6] [39mDEBUG[0;39m [36mx.modules.security.dao.SysUserTokenDao.updateById[0;39m - ==> Parameters: 2(Long), 71d9bae932cd666e913283bc1d234052(String), 2026-07-15 08:06:29.298(Timestamp), 2026-07-14 20:06:29.298(Timestamp), 2026-07-13 18:16:30.0(Timestamp), 2076611717066989570(Long)
2026-07-14 20:06:29.363 [http-nio-8002-exec-6] [39mDEBUG[0;39m [36mx.modules.security.dao.SysUserTokenDao.updateById[0;39m - <==    Updates: 1
2026-07-14 20:06:29.506 [http-nio-8002-exec-8] [39mDEBUG[0;39m [36mx.modules.security.dao.SysUserTokenDao.getByToken[0;39m - ==>  Preparing: select * from sys_user_token where token = ?
2026-07-14 20:06:29.506 [http-nio-8002-exec-8] [39mDEBUG[0;39m [36mx.modules.security.dao.SysUserTokenDao.getByToken[0;39m - ==> Parameters: 71d9bae932cd666e913283bc1d234052(String)
2026-07-14 20:06:29.508 [http-nio-8002-exec-8] [39mDEBUG[0;39m [36mx.modules.security.dao.SysUserTokenDao.getByToken[0;39m - <==      Total: 1
2026-07-14 20:06:29.508 [http-nio-8002-exec-8] [39mDEBUG[0;39m [36mxiaozhi.modules.sys.dao.SysUserDao.selectById[0;39m - ==>  Preparing: SELECT id,username,password,super_admin,status,head_url,updater,update_date,creator,create_date FROM sys_user WHERE id=?
2026-07-14 20:06:29.509 [http-nio-8002-exec-8] [39mDEBUG[0;39m [36mxiaozhi.modules.sys.dao.SysUserDao.selectById[0;39m - ==> Parameters: 2(Long)
2026-07-14 20:06:29.510 [http-nio-8002-exec-8] [39mDEBUG[0;39m [36mxiaozhi.modules.sys.dao.SysUserDao.selectById[0;39m - <==      Total: 1
2026-07-14 20:06:29.551 [http-nio-8002-exec-8] [39mDEBUG[0;39m [36mxiaozhi.modules.sys.dao.SysUserDao.updateById[0;39m - ==>  Preparing: UPDATE sys_user SET head_url=?, updater=?, update_date=? WHERE id=?
2026-07-14 20:06:29.552 [http-nio-8002-exec-8] [39mDEBUG[0;39m [36mxiaozhi.modules.sys.dao.SysUserDao.updateById[0;39m - ==> Parameters: /uploadfile/avatar/2_1784030789542.jpg(String), 2(Long), 2026-07-14 20:06:29.549(Timestamp), 2(Long)
2026-07-14 20:06:29.559 [http-nio-8002-exec-8] [39mDEBUG[0;39m [36mxiaozhi.modules.sys.dao.SysUserDao.updateById[0;39m - <==    Updates: 1
2026-07-14 20:06:29.750 [http-nio-8002-exec-9] [39mDEBUG[0;39m [36mx.modules.security.dao.SysUserTokenDao.getByToken[0;39m - ==>  Preparing: select * from sys_user_token where token = ?
2026-07-14 20:06:29.751 [http-nio-8002-exec-9] [39mDEBUG[0;39m [36mx.modules.security.dao.SysUserTokenDao.getByToken[0;39m - ==> Parameters: 71d9bae932cd666e913283bc1d234052(String)
2026-07-14 20:06:29.752 [http-nio-8002-exec-9] [39mDEBUG[0;39m [36mx.modules.security.dao.SysUserTokenDao.getByToken[0;39m - <==      Total: 1
2026-07-14 20:06:29.753 [http-nio-8002-exec-9] [39mDEBUG[0;39m [36mxiaozhi.modules.sys.dao.SysUserDao.selectById[0;39m - ==>  Preparing: SELECT id,username,password,super_admin,status,head_url,updater,update_date,creator,create_date FROM sys_user WHERE id=?
2026-07-14 20:06:29.754 [http-nio-8002-exec-9] [39mDEBUG[0;39m [36mxiaozhi.modules.sys.dao.SysUserDao.selectById[0;39m - ==> Parameters: 2(Long)
2026-07-14 20:06:29.755 [http-nio-8002-exec-9] [39mDEBUG[0;39m [36mxiaozhi.modules.sys.dao.SysUserDao.selectById[0;39m - <==      Total: 1
2026-07-14 20:06:29.756 [http-nio-8002-exec-9] [39mDEBUG[0;39m [36mxiaozhi.modules.sys.dao.SysUserDao.selectById[0;39m - ==>  Preparing: SELECT id,username,password,super_admin,status,head_url,updater,update_date,creator,create_date FROM sys_user WHERE id=?
2026-07-14 20:06:29.756 [http-nio-8002-exec-9] [39mDEBUG[0;39m [36mxiaozhi.modules.sys.dao.SysUserDao.selectById[0;39m - ==> Parameters: 2(Long)
2026-07-14 20:06:29.757 [http-nio-8002-exec-9] [39mDEBUG[0;39m [36mxiaozhi.modules.sys.dao.SysUserDao.selectById[0;39m - <==      Total: 1
2026-07-14 20:06:30.029 [http-nio-8002-exec-11] [39mDEBUG[0;39m [36mx.modules.security.dao.SysUserTokenDao.getByToken[0;39m - ==>  Preparing: select * from sys_user_token where token = ?
2026-07-14 20:06:30.029 [http-nio-8002-exec-11] [39mDEBUG[0;39m [36mx.modules.security.dao.SysUserTokenDao.getByToken[0;39m - ==> Parameters: 71d9bae932cd666e913283bc1d234052(String)
2026-07-14 20:06:30.030 [http-nio-8002-exec-11] [39mDEBUG[0;39m [36mx.modules.security.dao.SysUserTokenDao.getByToken[0;39m - <==      Total: 1
2026-07-14 20:06:30.031 [http-nio-8002-exec-11] [39mDEBUG[0;39m [36mxiaozhi.modules.sys.dao.SysUserDao.selectById[0;39m - ==>  Preparing: SELECT id,username,password,super_admin,status,head_url,updater,update_date,creator,create_date FROM sys_user WHERE id=?
2026-07-14 20:06:30.031 [http-nio-8002-exec-11] [39mDEBUG[0;39m [36mxiaozhi.modules.sys.dao.SysUserDao.selectById[0;39m - ==> Parameters: 2(Long)
2026-07-14 20:06:30.032 [http-nio-8002-exec-11] [39mDEBUG[0;39m [36mxiaozhi.modules.sys.dao.SysUserDao.selectById[0;39m - <==      Total: 1
2026-07-14 20:06:30.033 [http-nio-8002-exec-11] [39mDEBUG[0;39m [36mxiaozhi.modules.sys.dao.SysUserDao.selectById[0;39m - ==>  Preparing: SELECT id,username,password,super_admin,status,head_url,updater,update_date,creator,create_date FROM sys_user WHERE id=?
2026-07-14 20:06:30.033 [http-nio-8002-exec-11] [39mDEBUG[0;39m [36mxiaozhi.modules.sys.dao.SysUserDao.selectById[0;39m - ==> Parameters: 2(Long)
2026-07-14 20:06:30.035 [http-nio-8002-exec-11] [39mDEBUG[0;39m [36mxiaozhi.modules.sys.dao.SysUserDao.selectById[0;39m - <==      Total: 1
2026-07-14 20:12:28.505 [http-nio-8002-exec-16] [39mDEBUG[0;39m [36mx.modules.security.dao.SysUserTokenDao.getByToken[0;39m - ==>  Preparing: select * from sys_user_token where token = ?
2026-07-14 20:12:28.505 [http-nio-8002-exec-14] [39mDEBUG[0;39m [36mx.modules.security.dao.SysUserTokenDao.getByToken[0;39m - ==>  Preparing: select * from sys_user_token where token = ?
2026-07-14 20:12:28.505 [http-nio-8002-exec-16] [39mDEBUG[0;39m [36mx.modules.security.dao.SysUserTokenDao.getByToken[0;39m - ==> Parameters: 0e24e93fd0ce496ebfe4759d9dcec3c5(String)
2026-07-14 20:12:28.506 [http-nio-8002-exec-14] [39mDEBUG[0;39m [36mx.modules.security.dao.SysUserTokenDao.getByToken[0;39m - ==> Parameters: 0e24e93fd0ce496ebfe4759d9dcec3c5(String)
2026-07-14 20:12:28.508 [http-nio-8002-exec-16] [39mDEBUG[0;39m [36mx.modules.security.dao.SysUserTokenDao.getByToken[0;39m - <==      Total: 1
2026-07-14 20:12:28.508 [http-nio-8002-exec-14] [39mDEBUG[0;39m [36mx.modules.security.dao.SysUserTokenDao.getByToken[0;39m - <==      Total: 1
2026-07-14 20:12:28.509 [http-nio-8002-exec-16] [39mDEBUG[0;39m [36mxiaozhi.modules.sys.dao.SysUserDao.selectById[0;39m - ==>  Preparing: SELECT id,username,password,super_admin,status,head_url,updater,update_date,creator,create_date FROM sys_user WHERE id=?
2026-07-14 20:12:28.509 [http-nio-8002-exec-14] [39mDEBUG[0;39m [36mxiaozhi.modules.sys.dao.SysUserDao.selectById[0;39m - ==>  Preparing: SELECT id,username,password,super_admin,status,head_url,updater,update_date,creator,create_date FROM sys_user WHERE id=?
2026-07-14 20:12:28.510 [http-nio-8002-exec-16] [39mDEBUG[0;39m [36mxiaozhi.modules.sys.dao.SysUserDao.selectById[0;39m - ==> Parameters: 2076997049127047169(Long)
2026-07-14 20:12:28.510 [http-nio-8002-exec-14] [39mDEBUG[0;39m [36mxiaozhi.modules.sys.dao.SysUserDao.selectById[0;39m - ==> Parameters: 2076997049127047169(Long)
2026-07-14 20:12:28.512 [http-nio-8002-exec-16] [39mDEBUG[0;39m [36mxiaozhi.modules.sys.dao.SysUserDao.selectById[0;39m - <==      Total: 1
2026-07-14 20:12:28.512 [http-nio-8002-exec-14] [39mDEBUG[0;39m [36mxiaozhi.modules.sys.dao.SysUserDao.selectById[0;39m - <==      Total: 1
2026-07-14 20:12:28.515 [http-nio-8002-exec-14] [39mDEBUG[0;39m [36mxiaozhi.modules.sys.dao.SysUserDao.selectById[0;39m - ==>  Preparing: SELECT id,username,password,super_admin,status,head_url,updater,update_date,creator,create_date FROM sys_user WHERE id=?
2026-07-14 20:12:28.515 [http-nio-8002-exec-14] [39mDEBUG[0;39m [36mxiaozhi.modules.sys.dao.SysUserDao.selectById[0;39m - ==> Parameters: 2076997049127047169(Long)
2026-07-14 20:12:28.517 [http-nio-8002-exec-14] [39mDEBUG[0;39m [36mxiaozhi.modules.sys.dao.SysUserDao.selectById[0;39m - <==      Total: 1
2026-07-14 20:12:28.523 [http-nio-8002-exec-16] [39mDEBUG[0;39m [36mxiaozhi.modules.agent.dao.AgentDao.selectList[0;39m - ==>  Preparing: SELECT id,user_id,agent_code,agent_name,asr_model_id,vad_model_id,llm_model_id,vllm_model_id,tts_model_id,tts_voice_id,mem_model_id,intent_model_id,chat_history_conf,system_prompt,summary_memory,lang_code,language,sort,creator,created_at,updater,updated_at FROM ai_agent WHERE (user_id = ?)
2026-07-14 20:12:28.523 [http-nio-8002-exec-16] [39mDEBUG[0;39m [36mxiaozhi.modules.agent.dao.AgentDao.selectList[0;39m - ==> Parameters: 2076997049127047169(Long)
2026-07-14 20:12:28.525 [http-nio-8002-exec-16] [39mDEBUG[0;39m [36mxiaozhi.modules.agent.dao.AgentDao.selectList[0;39m - <==      Total: 0
2026-07-14 20:12:29.950 [http-nio-8002-exec-17] [39mDEBUG[0;39m [36mx.modules.security.dao.SysUserTokenDao.getByToken[0;39m - ==>  Preparing: select * from sys_user_token where token = ?
2026-07-14 20:12:29.951 [http-nio-8002-exec-17] [39mDEBUG[0;39m [36mx.modules.security.dao.SysUserTokenDao.getByToken[0;39m - ==> Parameters: 0e24e93fd0ce496ebfe4759d9dcec3c5(String)
2026-07-14 20:12:29.953 [http-nio-8002-exec-17] [39mDEBUG[0;39m [36mx.modules.security.dao.SysUserTokenDao.getByToken[0;39m - <==      Total: 1
2026-07-14 20:12:29.954 [http-nio-8002-exec-17] [39mDEBUG[0;39m [36mxiaozhi.modules.sys.dao.SysUserDao.selectById[0;39m - ==>  Preparing: SELECT id,username,password,super_admin,status,head_url,updater,update_date,creator,create_date FROM sys_user WHERE id=?
2026-07-14 20:12:29.955 [http-nio-8002-exec-17] [39mDEBUG[0;39m [36mxiaozhi.modules.sys.dao.SysUserDao.selectById[0;39m - ==> Parameters: 2076997049127047169(Long)
2026-07-14 20:12:29.957 [http-nio-8002-exec-17] [39mDEBUG[0;39m [36mxiaozhi.modules.sys.dao.SysUserDao.selectById[0;39m - <==      Total: 1
2026-07-14 20:12:29.959 [http-nio-8002-exec-17] [39mDEBUG[0;39m [36mxiaozhi.modules.sys.dao.SysUserDao.selectById[0;39m - ==>  Preparing: SELECT id,username,password,super_admin,status,head_url,updater,update_date,creator,create_date FROM sys_user WHERE id=?
2026-07-14 20:12:29.960 [http-nio-8002-exec-17] [39mDEBUG[0;39m [36mxiaozhi.modules.sys.dao.SysUserDao.selectById[0;39m - ==> Parameters: 2076997049127047169(Long)
2026-07-14 20:12:29.962 [http-nio-8002-exec-17] [39mDEBUG[0;39m [36mxiaozhi.modules.sys.dao.SysUserDao.selectById[0;39m - <==      Total: 1
2026-07-14 20:12:31.998 [http-nio-8002-exec-18] [39mDEBUG[0;39m [36mx.modules.security.dao.SysUserTokenDao.getByToken[0;39m - ==>  Preparing: select * from sys_user_token where token = ?
2026-07-14 20:12:31.998 [http-nio-8002-exec-18] [39mDEBUG[0;39m [36mx.modules.security.dao.SysUserTokenDao.getByToken[0;39m - ==> Parameters: 0e24e93fd0ce496ebfe4759d9dcec3c5(String)
2026-07-14 20:12:32.001 [http-nio-8002-exec-18] [39mDEBUG[0;39m [36mx.modules.security.dao.SysUserTokenDao.getByToken[0;39m - <==      Total: 1
2026-07-14 20:12:32.002 [http-nio-8002-exec-18] [39mDEBUG[0;39m [36mxiaozhi.modules.sys.dao.SysUserDao.selectById[0;39m - ==>  Preparing: SELECT id,username,password,super_admin,status,head_url,updater,update_date,creator,create_date FROM sys_user WHERE id=?
2026-07-14 20:12:32.002 [http-nio-8002-exec-18] [39mDEBUG[0;39m [36mxiaozhi.modules.sys.dao.SysUserDao.selectById[0;39m - ==> Parameters: 2076997049127047169(Long)
2026-07-14 20:12:32.004 [http-nio-8002-exec-18] [39mDEBUG[0;39m [36mxiaozhi.modules.sys.dao.SysUserDao.selectById[0;39m - <==      Total: 1
2026-07-14 20:12:32.006 [http-nio-8002-exec-18] [39mDEBUG[0;39m [36mxiaozhi.modules.sys.dao.SysUserDao.selectById[0;39m - ==>  Preparing: SELECT id,username,password,super_admin,status,head_url,updater,update_date,creator,create_date FROM sys_user WHERE id=?
2026-07-14 20:12:32.007 [http-nio-8002-exec-18] [39mDEBUG[0;39m [36mxiaozhi.modules.sys.dao.SysUserDao.selectById[0;39m - ==> Parameters: 2076997049127047169(Long)
2026-07-14 20:12:32.008 [http-nio-8002-exec-18] [39mDEBUG[0;39m [36mxiaozhi.modules.sys.dao.SysUserDao.selectById[0;39m - <==      Total: 1
2026-07-14 20:12:33.273 [http-nio-8002-exec-19] [39mDEBUG[0;39m [36mx.modules.security.dao.SysUserTokenDao.getByToken[0;39m - ==>  Preparing: select * from sys_user_token where token = ?
2026-07-14 20:12:33.276 [http-nio-8002-exec-19] [39mDEBUG[0;39m [36mx.modules.security.dao.SysUserTokenDao.getByToken[0;39m - ==> Parameters: 0e24e93fd0ce496ebfe4759d9dcec3c5(String)
2026-07-14 20:12:33.281 [http-nio-8002-exec-19] [39mDEBUG[0;39m [36mx.modules.security.dao.SysUserTokenDao.getByToken[0;39m - <==      Total: 1
2026-07-14 20:12:33.283 [http-nio-8002-exec-19] [39mDEBUG[0;39m [36mxiaozhi.modules.sys.dao.SysUserDao.selectById[0;39m - ==>  Preparing: SELECT id,username,password,super_admin,status,head_url,updater,update_date,creator,create_date FROM sys_user WHERE id=?
2026-07-14 20:12:33.283 [http-nio-8002-exec-19] [39mDEBUG[0;39m [36mxiaozhi.modules.sys.dao.SysUserDao.selectById[0;39m - ==> Parameters: 2076997049127047169(Long)
2026-07-14 20:12:33.287 [http-nio-8002-exec-19] [39mDEBUG[0;39m [36mxiaozhi.modules.sys.dao.SysUserDao.selectById[0;39m - <==      Total: 1
2026-07-14 20:12:33.292 [http-nio-8002-exec-19] [39mDEBUG[0;39m [36mxiaozhi.modules.sys.dao.SysUserDao.selectById[0;39m - ==>  Preparing: SELECT id,username,password,super_admin,status,head_url,updater,update_date,creator,create_date FROM sys_user WHERE id=?
2026-07-14 20:12:33.292 [http-nio-8002-exec-19] [39mDEBUG[0;39m [36mxiaozhi.modules.sys.dao.SysUserDao.selectById[0;39m - ==> Parameters: 2076997049127047169(Long)
2026-07-14 20:12:33.294 [http-nio-8002-exec-19] [39mDEBUG[0;39m [36mxiaozhi.modules.sys.dao.SysUserDao.selectById[0;39m - <==      Total: 1
2026-07-14 20:12:34.179 [http-nio-8002-exec-20] [39mDEBUG[0;39m [36mx.modules.security.dao.SysUserTokenDao.getByToken[0;39m - ==>  Preparing: select * from sys_user_token where token = ?
2026-07-14 20:12:34.180 [http-nio-8002-exec-20] [39mDEBUG[0;39m [36mx.modules.security.dao.SysUserTokenDao.getByToken[0;39m - ==> Parameters: 0e24e93fd0ce496ebfe4759d9dcec3c5(String)
2026-07-14 20:12:34.182 [http-nio-8002-exec-20] [39mDEBUG[0;39m [36mx.modules.security.dao.SysUserTokenDao.getByToken[0;39m - <==      Total: 1
2026-07-14 20:12:34.183 [http-nio-8002-exec-20] [39mDEBUG[0;39m [36mxiaozhi.modules.sys.dao.SysUserDao.selectById[0;39m - ==>  Preparing: SELECT id,username,password,super_admin,status,head_url,updater,update_date,creator,create_date FROM sys_user WHERE id=?
2026-07-14 20:12:34.183 [http-nio-8002-exec-20] [39mDEBUG[0;39m [36mxiaozhi.modules.sys.dao.SysUserDao.selectById[0;39m - ==> Parameters: 2076997049127047169(Long)
2026-07-14 20:12:34.187 [http-nio-8002-exec-20] [39mDEBUG[0;39m [36mxiaozhi.modules.sys.dao.SysUserDao.selectById[0;39m - <==      Total: 1
2026-07-14 20:12:34.189 [http-nio-8002-exec-20] [39mDEBUG[0;39m [36mxiaozhi.modules.sys.dao.SysUserDao.selectById[0;39m - ==>  Preparing: SELECT id,username,password,super_admin,status,head_url,updater,update_date,creator,create_date FROM sys_user WHERE id=?
2026-07-14 20:12:34.189 [http-nio-8002-exec-20] [39mDEBUG[0;39m [36mxiaozhi.modules.sys.dao.SysUserDao.selectById[0;39m - ==> Parameters: 2076997049127047169(Long)
2026-07-14 20:12:34.192 [http-nio-8002-exec-20] [39mDEBUG[0;39m [36mxiaozhi.modules.sys.dao.SysUserDao.selectById[0;39m - <==      Total: 1
2026-07-14 20:12:35.515 [http-nio-8002-exec-21] [39mDEBUG[0;39m [36mx.modules.security.dao.SysUserTokenDao.getByToken[0;39m - ==>  Preparing: select * from sys_user_token where token = ?
2026-07-14 20:12:35.515 [http-nio-8002-exec-21] [39mDEBUG[0;39m [36mx.modules.security.dao.SysUserTokenDao.getByToken[0;39m - ==> Parameters: 0e24e93fd0ce496ebfe4759d9dcec3c5(String)
2026-07-14 20:12:35.518 [http-nio-8002-exec-21] [39mDEBUG[0;39m [36mx.modules.security.dao.SysUserTokenDao.getByToken[0;39m - <==      Total: 1
2026-07-14 20:12:35.519 [http-nio-8002-exec-21] [39mDEBUG[0;39m [36mxiaozhi.modules.sys.dao.SysUserDao.selectById[0;39m - ==>  Preparing: SELECT id,username,password,super_admin,status,head_url,updater,update_date,creator,create_date FROM sys_user WHERE id=?
2026-07-14 20:12:35.520 [http-nio-8002-exec-21] [39mDEBUG[0;39m [36mxiaozhi.modules.sys.dao.SysUserDao.selectById[0;39m - ==> Parameters: 2076997049127047169(Long)
2026-07-14 20:12:35.522 [http-nio-8002-exec-21] [39mDEBUG[0;39m [36mxiaozhi.modules.sys.dao.SysUserDao.selectById[0;39m - <==      Total: 1
2026-07-14 20:12:35.523 [http-nio-8002-exec-21] [39mDEBUG[0;39m [36mxiaozhi.modules.sys.dao.SysUserDao.selectById[0;39m - ==>  Preparing: SELECT id,username,password,super_admin,status,head_url,updater,update_date,creator,create_date FROM sys_user WHERE id=?
2026-07-14 20:12:35.524 [http-nio-8002-exec-21] [39mDEBUG[0;39m [36mxiaozhi.modules.sys.dao.SysUserDao.selectById[0;39m - ==> Parameters: 2076997049127047169(Long)
2026-07-14 20:12:35.526 [http-nio-8002-exec-21] [39mDEBUG[0;39m [36mxiaozhi.modules.sys.dao.SysUserDao.selectById[0;39m - <==      Total: 1
2026-07-14 20:12:36.892 [http-nio-8002-exec-22] [39mDEBUG[0;39m [36mx.modules.security.dao.SysUserTokenDao.getByToken[0;39m - ==>  Preparing: select * from sys_user_token where token = ?
2026-07-14 20:12:36.892 [http-nio-8002-exec-22] [39mDEBUG[0;39m [36mx.modules.security.dao.SysUserTokenDao.getByToken[0;39m - ==> Parameters: 0e24e93fd0ce496ebfe4759d9dcec3c5(String)
2026-07-14 20:12:36.896 [http-nio-8002-exec-22] [39mDEBUG[0;39m [36mx.modules.security.dao.SysUserTokenDao.getByToken[0;39m - <==      Total: 1
2026-07-14 20:12:36.897 [http-nio-8002-exec-22] [39mDEBUG[0;39m [36mxiaozhi.modules.sys.dao.SysUserDao.selectById[0;39m - ==>  Preparing: SELECT id,username,password,super_admin,status,head_url,updater,update_date,creator,create_date FROM sys_user WHERE id=?
2026-07-14 20:12:36.897 [http-nio-8002-exec-22] [39mDEBUG[0;39m [36mxiaozhi.modules.sys.dao.SysUserDao.selectById[0;39m - ==> Parameters: 2076997049127047169(Long)
2026-07-14 20:12:36.901 [http-nio-8002-exec-22] [39mDEBUG[0;39m [36mxiaozhi.modules.sys.dao.SysUserDao.selectById[0;39m - <==      Total: 1
2026-07-14 20:12:36.903 [http-nio-8002-exec-22] [39mDEBUG[0;39m [36mxiaozhi.modules.sys.dao.SysUserDao.selectById[0;39m - ==>  Preparing: SELECT id,username,password,super_admin,status,head_url,updater,update_date,creator,create_date FROM sys_user WHERE id=?
2026-07-14 20:12:36.904 [http-nio-8002-exec-22] [39mDEBUG[0;39m [36mxiaozhi.modules.sys.dao.SysUserDao.selectById[0;39m - ==> Parameters: 2076997049127047169(Long)
2026-07-14 20:12:36.908 [http-nio-8002-exec-22] [39mDEBUG[0;39m [36mxiaozhi.modules.sys.dao.SysUserDao.selectById[0;39m - <==      Total: 1
2026-07-14 20:12:37.863 [http-nio-8002-exec-23] [39mDEBUG[0;39m [36mx.modules.security.dao.SysUserTokenDao.getByToken[0;39m - ==>  Preparing: select * from sys_user_token where token = ?
2026-07-14 20:12:37.865 [http-nio-8002-exec-23] [39mDEBUG[0;39m [36mx.modules.security.dao.SysUserTokenDao.getByToken[0;39m - ==> Parameters: 0e24e93fd0ce496ebfe4759d9dcec3c5(String)
2026-07-14 20:12:37.867 [http-nio-8002-exec-23] [39mDEBUG[0;39m [36mx.modules.security.dao.SysUserTokenDao.getByToken[0;39m - <==      Total: 1
2026-07-14 20:12:37.869 [http-nio-8002-exec-23] [39mDEBUG[0;39m [36mxiaozhi.modules.sys.dao.SysUserDao.selectById[0;39m - ==>  Preparing: SELECT id,username,password,super_admin,status,head_url,updater,update_date,creator,create_date FROM sys_user WHERE id=?
2026-07-14 20:12:37.870 [http-nio-8002-exec-23] [39mDEBUG[0;39m [36mxiaozhi.modules.sys.dao.SysUserDao.selectById[0;39m - ==> Parameters: 2076997049127047169(Long)
2026-07-14 20:12:37.872 [http-nio-8002-exec-23] [39mDEBUG[0;39m [36mxiaozhi.modules.sys.dao.SysUserDao.selectById[0;39m - <==      Total: 1
2026-07-14 20:12:37.875 [http-nio-8002-exec-23] [39mDEBUG[0;39m [36mxiaozhi.modules.sys.dao.SysUserDao.selectById[0;39m - ==>  Preparing: SELECT id,username,password,super_admin,status,head_url,updater,update_date,creator,create_date FROM sys_user WHERE id=?
2026-07-14 20:12:37.876 [http-nio-8002-exec-23] [39mDEBUG[0;39m [36mxiaozhi.modules.sys.dao.SysUserDao.selectById[0;39m - ==> Parameters: 2076997049127047169(Long)
2026-07-14 20:12:37.879 [http-nio-8002-exec-23] [39mDEBUG[0;39m [36mxiaozhi.modules.sys.dao.SysUserDao.selectById[0;39m - <==      Total: 1
2026-07-14 20:12:53.576 [http-nio-8002-exec-24] [39mDEBUG[0;39m [36mx.modules.security.dao.SysUserTokenDao.getByToken[0;39m - ==>  Preparing: select * from sys_user_token where token = ?
2026-07-14 20:12:53.577 [http-nio-8002-exec-24] [39mDEBUG[0;39m [36mx.modules.security.dao.SysUserTokenDao.getByToken[0;39m - ==> Parameters: 0e24e93fd0ce496ebfe4759d9dcec3c5(String)
2026-07-14 20:12:53.579 [http-nio-8002-exec-24] [39mDEBUG[0;39m [36mx.modules.security.dao.SysUserTokenDao.getByToken[0;39m - <==      Total: 1
2026-07-14 20:12:53.580 [http-nio-8002-exec-24] [39mDEBUG[0;39m [36mxiaozhi.modules.sys.dao.SysUserDao.selectById[0;39m - ==>  Preparing: SELECT id,username,password,super_admin,status,head_url,updater,update_date,creator,create_date FROM sys_user WHERE id=?
2026-07-14 20:12:53.581 [http-nio-8002-exec-24] [39mDEBUG[0;39m [36mxiaozhi.modules.sys.dao.SysUserDao.selectById[0;39m - ==> Parameters: 2076997049127047169(Long)
2026-07-14 20:12:53.584 [http-nio-8002-exec-24] [39mDEBUG[0;39m [36mxiaozhi.modules.sys.dao.SysUserDao.selectById[0;39m - <==      Total: 1
2026-07-14 20:12:53.586 [http-nio-8002-exec-24] [39mDEBUG[0;39m [36mxiaozhi.modules.sys.dao.SysUserDao.selectById[0;39m - ==>  Preparing: SELECT id,username,password,super_admin,status,head_url,updater,update_date,creator,create_date FROM sys_user WHERE id=?
2026-07-14 20:12:53.587 [http-nio-8002-exec-24] [39mDEBUG[0;39m [36mxiaozhi.modules.sys.dao.SysUserDao.selectById[0;39m - ==> Parameters: 2076997049127047169(Long)
2026-07-14 20:12:53.589 [http-nio-8002-exec-24] [39mDEBUG[0;39m [36mxiaozhi.modules.sys.dao.SysUserDao.selectById[0;39m - <==      Total: 1
2026-07-14 20:12:53.941 [http-nio-8002-exec-25] [39mDEBUG[0;39m [36mx.modules.security.dao.SysUserTokenDao.getByToken[0;39m - ==>  Preparing: select * from sys_user_token where token = ?
2026-07-14 20:12:53.943 [http-nio-8002-exec-25] [39mDEBUG[0;39m [36mx.modules.security.dao.SysUserTokenDao.getByToken[0;39m - ==> Parameters: 0e24e93fd0ce496ebfe4759d9dcec3c5(String)
2026-07-14 20:12:53.944 [http-nio-8002-exec-25] [39mDEBUG[0;39m [36mx.modules.security.dao.SysUserTokenDao.getByToken[0;39m - <==      Total: 1
2026-07-14 20:12:53.945 [http-nio-8002-exec-25] [39mDEBUG[0;39m [36mxiaozhi.modules.sys.dao.SysUserDao.selectById[0;39m - ==>  Preparing: SELECT id,username,password,super_admin,status,head_url,updater,update_date,creator,create_date FROM sys_user WHERE id=?
2026-07-14 20:12:53.945 [http-nio-8002-exec-25] [39mDEBUG[0;39m [36mxiaozhi.modules.sys.dao.SysUserDao.selectById[0;39m - ==> Parameters: 2076997049127047169(Long)
2026-07-14 20:12:53.948 [http-nio-8002-exec-25] [39mDEBUG[0;39m [36mxiaozhi.modules.sys.dao.SysUserDao.selectById[0;39m - <==      Total: 1
2026-07-14 20:12:53.950 [http-nio-8002-exec-25] [39mDEBUG[0;39m [36mxiaozhi.modules.sys.dao.SysUserDao.selectById[0;39m - ==>  Preparing: SELECT id,username,password,super_admin,status,head_url,updater,update_date,creator,create_date FROM sys_user WHERE id=?
2026-07-14 20:12:53.950 [http-nio-8002-exec-25] [39mDEBUG[0;39m [36mxiaozhi.modules.sys.dao.SysUserDao.selectById[0;39m - ==> Parameters: 2076997049127047169(Long)
2026-07-14 20:12:53.951 [http-nio-8002-exec-25] [39mDEBUG[0;39m [36mxiaozhi.modules.sys.dao.SysUserDao.selectById[0;39m - <==      Total: 1
2026-07-14 20:12:56.280 [http-nio-8002-exec-26] [39mDEBUG[0;39m [36mx.modules.security.dao.SysUserTokenDao.getByToken[0;39m - ==>  Preparing: select * from sys_user_token where token = ?
2026-07-14 20:12:56.281 [http-nio-8002-exec-26] [39mDEBUG[0;39m [36mx.modules.security.dao.SysUserTokenDao.getByToken[0;39m - ==> Parameters: 0e24e93fd0ce496ebfe4759d9dcec3c5(String)
2026-07-14 20:12:56.284 [http-nio-8002-exec-26] [39mDEBUG[0;39m [36mx.modules.security.dao.SysUserTokenDao.getByToken[0;39m - <==      Total: 1
2026-07-14 20:12:56.285 [http-nio-8002-exec-26] [39mDEBUG[0;39m [36mxiaozhi.modules.sys.dao.SysUserDao.selectById[0;39m - ==>  Preparing: SELECT id,username,password,super_admin,status,head_url,updater,update_date,creator,create_date FROM sys_user WHERE id=?
2026-07-14 20:12:56.286 [http-nio-8002-exec-26] [39mDEBUG[0;39m [36mxiaozhi.modules.sys.dao.SysUserDao.selectById[0;39m - ==> Parameters: 2076997049127047169(Long)
2026-07-14 20:12:56.289 [http-nio-8002-exec-26] [39mDEBUG[0;39m [36mxiaozhi.modules.sys.dao.SysUserDao.selectById[0;39m - <==      Total: 1
2026-07-14 20:12:56.293 [http-nio-8002-exec-26] [39mDEBUG[0;39m [36mxiaozhi.modules.sys.dao.SysUserDao.selectById[0;39m - ==>  Preparing: SELECT id,username,password,super_admin,status,head_url,updater,update_date,creator,create_date FROM sys_user WHERE id=?
2026-07-14 20:12:56.294 [http-nio-8002-exec-26] [39mDEBUG[0;39m [36mxiaozhi.modules.sys.dao.SysUserDao.selectById[0;39m - ==> Parameters: 2076997049127047169(Long)
2026-07-14 20:12:56.296 [http-nio-8002-exec-26] [39mDEBUG[0;39m [36mxiaozhi.modules.sys.dao.SysUserDao.selectById[0;39m - <==      Total: 1
2026-07-14 20:12:56.538 [http-nio-8002-exec-27] [39mDEBUG[0;39m [36mx.modules.security.dao.SysUserTokenDao.getByToken[0;39m - ==>  Preparing: select * from sys_user_token where token = ?
2026-07-14 20:12:56.538 [http-nio-8002-exec-27] [39mDEBUG[0;39m [36mx.modules.security.dao.SysUserTokenDao.getByToken[0;39m - ==> Parameters: 0e24e93fd0ce496ebfe4759d9dcec3c5(String)
2026-07-14 20:12:56.540 [http-nio-8002-exec-27] [39mDEBUG[0;39m [36mx.modules.security.dao.SysUserTokenDao.getByToken[0;39m - <==      Total: 1
2026-07-14 20:12:56.542 [http-nio-8002-exec-27] [39mDEBUG[0;39m [36mxiaozhi.modules.sys.dao.SysUserDao.selectById[0;39m - ==>  Preparing: SELECT id,username,password,super_admin,status,head_url,updater,update_date,creator,create_date FROM sys_user WHERE id=?
2026-07-14 20:12:56.542 [http-nio-8002-exec-27] [39mDEBUG[0;39m [36mxiaozhi.modules.sys.dao.SysUserDao.selectById[0;39m - ==> Parameters: 2076997049127047169(Long)
2026-07-14 20:12:56.545 [http-nio-8002-exec-27] [39mDEBUG[0;39m [36mxiaozhi.modules.sys.dao.SysUserDao.selectById[0;39m - <==      Total: 1
2026-07-14 20:12:56.547 [http-nio-8002-exec-27] [39mDEBUG[0;39m [36mxiaozhi.modules.sys.dao.SysUserDao.selectById[0;39m - ==>  Preparing: SELECT id,username,password,super_admin,status,head_url,updater,update_date,creator,create_date FROM sys_user WHERE id=?
2026-07-14 20:12:56.548 [http-nio-8002-exec-27] [39mDEBUG[0;39m [36mxiaozhi.modules.sys.dao.SysUserDao.selectById[0;39m - ==> Parameters: 2076997049127047169(Long)
2026-07-14 20:12:56.551 [http-nio-8002-exec-27] [39mDEBUG[0;39m [36mxiaozhi.modules.sys.dao.SysUserDao.selectById[0;39m - <==      Total: 1
2026-07-14 20:12:56.697 [http-nio-8002-exec-29] [39mDEBUG[0;39m [36mx.modules.security.dao.SysUserTokenDao.getByToken[0;39m - ==>  Preparing: select * from sys_user_token where token = ?
2026-07-14 20:12:56.698 [http-nio-8002-exec-29] [39mDEBUG[0;39m [36mx.modules.security.dao.SysUserTokenDao.getByToken[0;39m - ==> Parameters: 0e24e93fd0ce496ebfe4759d9dcec3c5(String)
2026-07-14 20:12:56.702 [http-nio-8002-exec-29] [39mDEBUG[0;39m [36mx.modules.security.dao.SysUserTokenDao.getByToken[0;39m - <==      Total: 1
2026-07-14 20:12:56.703 [http-nio-8002-exec-29] [39mDEBUG[0;39m [36mxiaozhi.modules.sys.dao.SysUserDao.selectById[0;39m - ==>  Preparing: SELECT id,username,password,super_admin,status,head_url,updater,update_date,creator,create_date FROM sys_user WHERE id=?
2026-07-14 20:12:56.705 [http-nio-8002-exec-29] [39mDEBUG[0;39m [36mxiaozhi.modules.sys.dao.SysUserDao.selectById[0;39m - ==> Parameters: 2076997049127047169(Long)
2026-07-14 20:12:56.707 [http-nio-8002-exec-29] [39mDEBUG[0;39m [36mxiaozhi.modules.sys.dao.SysUserDao.selectById[0;39m - <==      Total: 1
2026-07-14 20:12:56.716 [http-nio-8002-exec-29] [39mDEBUG[0;39m [36mxiaozhi.modules.agent.dao.AgentDao.selectList[0;39m - ==>  Preparing: SELECT id,user_id,agent_code,agent_name,asr_model_id,vad_model_id,llm_model_id,vllm_model_id,tts_model_id,tts_voice_id,mem_model_id,intent_model_id,chat_history_conf,system_prompt,summary_memory,lang_code,language,sort,creator,created_at,updater,updated_at FROM ai_agent WHERE (user_id = ?)
2026-07-14 20:12:56.717 [http-nio-8002-exec-29] [39mDEBUG[0;39m [36mxiaozhi.modules.agent.dao.AgentDao.selectList[0;39m - ==> Parameters: 2076997049127047169(Long)
2026-07-14 20:12:56.720 [http-nio-8002-exec-29] [39mDEBUG[0;39m [36mxiaozhi.modules.agent.dao.AgentDao.selectList[0;39m - <==      Total: 0
2026-07-14 20:12:57.387 [http-nio-8002-exec-30] [39mDEBUG[0;39m [36mx.modules.security.dao.SysUserTokenDao.getByToken[0;39m - ==>  Preparing: select * from sys_user_token where token = ?
2026-07-14 20:12:57.388 [http-nio-8002-exec-30] [39mDEBUG[0;39m [36mx.modules.security.dao.SysUserTokenDao.getByToken[0;39m - ==> Parameters: 0e24e93fd0ce496ebfe4759d9dcec3c5(String)
2026-07-14 20:12:57.390 [http-nio-8002-exec-30] [39mDEBUG[0;39m [36mx.modules.security.dao.SysUserTokenDao.getByToken[0;39m - <==      Total: 1
2026-07-14 20:12:57.391 [http-nio-8002-exec-30] [39mDEBUG[0;39m [36mxiaozhi.modules.sys.dao.SysUserDao.selectById[0;39m - ==>  Preparing: SELECT id,username,password,super_admin,status,head_url,updater,update_date,creator,create_date FROM sys_user WHERE id=?
2026-07-14 20:12:57.391 [http-nio-8002-exec-30] [39mDEBUG[0;39m [36mxiaozhi.modules.sys.dao.SysUserDao.selectById[0;39m - ==> Parameters: 2076997049127047169(Long)
2026-07-14 20:12:57.393 [http-nio-8002-exec-30] [39mDEBUG[0;39m [36mxiaozhi.modules.sys.dao.SysUserDao.selectById[0;39m - <==      Total: 1
2026-07-14 20:12:57.395 [http-nio-8002-exec-30] [39mDEBUG[0;39m [36mxiaozhi.modules.sys.dao.SysUserDao.selectById[0;39m - ==>  Preparing: SELECT id,username,password,super_admin,status,head_url,updater,update_date,creator,create_date FROM sys_user WHERE id=?
2026-07-14 20:12:57.395 [http-nio-8002-exec-30] [39mDEBUG[0;39m [36mxiaozhi.modules.sys.dao.SysUserDao.selectById[0;39m - ==> Parameters: 2076997049127047169(Long)
2026-07-14 20:12:57.399 [http-nio-8002-exec-30] [39mDEBUG[0;39m [36mxiaozhi.modules.sys.dao.SysUserDao.selectById[0;39m - <==      Total: 1
2026-07-14 20:12:58.872 [http-nio-8002-exec-3] [39mDEBUG[0;39m [36mx.modules.security.dao.SysUserTokenDao.getByToken[0;39m - ==>  Preparing: select * from sys_user_token where token = ?
2026-07-14 20:12:58.872 [http-nio-8002-exec-1] [39mDEBUG[0;39m [36mx.modules.security.dao.SysUserTokenDao.getByToken[0;39m - ==>  Preparing: select * from sys_user_token where token = ?
2026-07-14 20:12:58.873 [http-nio-8002-exec-3] [39mDEBUG[0;39m [36mx.modules.security.dao.SysUserTokenDao.getByToken[0;39m - ==> Parameters: 0e24e93fd0ce496ebfe4759d9dcec3c5(String)
2026-07-14 20:12:58.873 [http-nio-8002-exec-1] [39mDEBUG[0;39m [36mx.modules.security.dao.SysUserTokenDao.getByToken[0;39m - ==> Parameters: 0e24e93fd0ce496ebfe4759d9dcec3c5(String)
2026-07-14 20:12:58.874 [http-nio-8002-exec-3] [39mDEBUG[0;39m [36mx.modules.security.dao.SysUserTokenDao.getByToken[0;39m - <==      Total: 1
2026-07-14 20:12:58.874 [http-nio-8002-exec-1] [39mDEBUG[0;39m [36mx.modules.security.dao.SysUserTokenDao.getByToken[0;39m - <==      Total: 1
2026-07-14 20:12:58.875 [http-nio-8002-exec-3] [39mDEBUG[0;39m [36mxiaozhi.modules.sys.dao.SysUserDao.selectById[0;39m - ==>  Preparing: SELECT id,username,password,super_admin,status,head_url,updater,update_date,creator,create_date FROM sys_user WHERE id=?
2026-07-14 20:12:58.875 [http-nio-8002-exec-1] [39mDEBUG[0;39m [36mxiaozhi.modules.sys.dao.SysUserDao.selectById[0;39m - ==>  Preparing: SELECT id,username,password,super_admin,status,head_url,updater,update_date,creator,create_date FROM sys_user WHERE id=?
2026-07-14 20:12:58.875 [http-nio-8002-exec-3] [39mDEBUG[0;39m [36mxiaozhi.modules.sys.dao.SysUserDao.selectById[0;39m - ==> Parameters: 2076997049127047169(Long)
2026-07-14 20:12:58.875 [http-nio-8002-exec-1] [39mDEBUG[0;39m [36mxiaozhi.modules.sys.dao.SysUserDao.selectById[0;39m - ==> Parameters: 2076997049127047169(Long)
2026-07-14 20:12:58.877 [http-nio-8002-exec-1] [39mDEBUG[0;39m [36mxiaozhi.modules.sys.dao.SysUserDao.selectById[0;39m - <==      Total: 1
2026-07-14 20:12:58.877 [http-nio-8002-exec-3] [39mDEBUG[0;39m [36mxiaozhi.modules.sys.dao.SysUserDao.selectById[0;39m - <==      Total: 1
2026-07-14 20:12:58.880 [http-nio-8002-exec-1] [39mDEBUG[0;39m [36mxiaozhi.modules.sys.dao.SysUserDao.selectById[0;39m - ==>  Preparing: SELECT id,username,password,super_admin,status,head_url,updater,update_date,creator,create_date FROM sys_user WHERE id=?
2026-07-14 20:12:58.880 [http-nio-8002-exec-1] [39mDEBUG[0;39m [36mxiaozhi.modules.sys.dao.SysUserDao.selectById[0;39m - ==> Parameters: 2076997049127047169(Long)
2026-07-14 20:12:58.881 [http-nio-8002-exec-3] [39mDEBUG[0;39m [36mxiaozhi.modules.agent.dao.AgentDao.selectList[0;39m - ==>  Preparing: SELECT id,user_id,agent_code,agent_name,asr_model_id,vad_model_id,llm_model_id,vllm_model_id,tts_model_id,tts_voice_id,mem_model_id,intent_model_id,chat_history_conf,system_prompt,summary_memory,lang_code,language,sort,creator,created_at,updater,updated_at FROM ai_agent WHERE (user_id = ?)
2026-07-14 20:12:58.881 [http-nio-8002-exec-3] [39mDEBUG[0;39m [36mxiaozhi.modules.agent.dao.AgentDao.selectList[0;39m - ==> Parameters: 2076997049127047169(Long)
2026-07-14 20:12:58.882 [http-nio-8002-exec-1] [39mDEBUG[0;39m [36mxiaozhi.modules.sys.dao.SysUserDao.selectById[0;39m - <==      Total: 1
2026-07-14 20:12:58.882 [http-nio-8002-exec-3] [39mDEBUG[0;39m [36mxiaozhi.modules.agent.dao.AgentDao.selectList[0;39m - <==      Total: 0
2026-07-14 20:13:03.382 [http-nio-8002-exec-4] [39mDEBUG[0;39m [36mx.modules.security.dao.SysUserTokenDao.getByToken[0;39m - ==>  Preparing: select * from sys_user_token where token = ?
2026-07-14 20:13:03.383 [http-nio-8002-exec-4] [39mDEBUG[0;39m [36mx.modules.security.dao.SysUserTokenDao.getByToken[0;39m - ==> Parameters: 0e24e93fd0ce496ebfe4759d9dcec3c5(String)
2026-07-14 20:13:03.387 [http-nio-8002-exec-4] [39mDEBUG[0;39m [36mx.modules.security.dao.SysUserTokenDao.getByToken[0;39m - <==      Total: 1
2026-07-14 20:13:03.389 [http-nio-8002-exec-4] [39mDEBUG[0;39m [36mxiaozhi.modules.sys.dao.SysUserDao.selectById[0;39m - ==>  Preparing: SELECT id,username,password,super_admin,status,head_url,updater,update_date,creator,create_date FROM sys_user WHERE id=?
2026-07-14 20:13:03.389 [http-nio-8002-exec-4] [39mDEBUG[0;39m [36mxiaozhi.modules.sys.dao.SysUserDao.selectById[0;39m - ==> Parameters: 2076997049127047169(Long)
2026-07-14 20:13:03.392 [http-nio-8002-exec-4] [39mDEBUG[0;39m [36mxiaozhi.modules.sys.dao.SysUserDao.selectById[0;39m - <==      Total: 1
2026-07-14 20:13:03.664 [http-nio-8002-exec-4] [39mDEBUG[0;39m [36mx.modules.agent.dao.AgentTemplateDao.selectList[0;39m - ==>  Preparing: SELECT id,agent_code,agent_name,asr_model_id,vad_model_id,llm_model_id,vllm_model_id,tts_model_id,tts_voice_id,mem_model_id,intent_model_id,chat_history_conf,system_prompt,summary_memory,lang_code,language,sort,creator,created_at,updater,updated_at FROM ai_agent_template ORDER BY sort ASC LIMIT 1
2026-07-14 20:13:03.664 [http-nio-8002-exec-4] [39mDEBUG[0;39m [36mx.modules.agent.dao.AgentTemplateDao.selectList[0;39m - ==> Parameters: 
2026-07-14 20:13:03.668 [http-nio-8002-exec-4] [39mDEBUG[0;39m [36mx.modules.agent.dao.AgentTemplateDao.selectList[0;39m - <==      Total: 1
2026-07-14 20:13:03.679 [http-nio-8002-exec-4] [39mDEBUG[0;39m [36mxiaozhi.modules.agent.dao.AgentDao.insert[0;39m - ==>  Preparing: INSERT INTO ai_agent ( id, user_id, agent_code, agent_name, vllm_model_id, chat_history_conf, system_prompt, lang_code, language, sort, creator, created_at ) VALUES ( ?, ?, ?, ?, ?, ?, ?, ?, ?, ?, ?, ? )
2026-07-14 20:13:03.680 [http-nio-8002-exec-4] [39mDEBUG[0;39m [36mxiaozhi.modules.agent.dao.AgentDao.insert[0;39m - ==> Parameters: 859ee126bade45d5a01efbad3fa4c1b0(String), 2076997049127047169(Long), AGT_1784031183669(String), 安安(String), VLLM_ChatGLMVLLM(String), 0(Integer), 你叫安安，是一位专门陪伴老年人的AI健康助手。
你的性格温柔、耐心、细心，像家人一样陪伴老人聊天、关心他们的身体和情绪。

[主要职责]
- 与老人进行自然聊天，缓解孤独感。
- 关注老人的情绪变化，并给予安慰和鼓励。
- 当发现老人情绪低落、焦虑、生气或悲伤时，主动给予心理关怀。
- 当老人表达身体不适时，提醒及时休息或联系家人、医生。
- 鼓励老人保持积极乐观的生活方式。

[交流方式]
- 使用简洁自然的中文交流。
- 每次回复控制在2~4句话。
- 语言温柔、有亲和力。
- 尽量不用复杂术语。
- 经常使用好的没关系我陪着您慢慢来等表达。

[情绪感知]
系统会在每轮对话前，以【实时情绪感知】开头提供当前用户的情绪判断
（来自语音情绪识别与视觉表情的多模态D-S证据融合，置信度0~100%）。
请结合情绪标签调整回复方式（系统只输出以下4种情绪）：
- 快乐：一起分享快乐，多给予积极回应。
- 平静：保持自然聊天。
- 悲伤：多安慰、多倾听，给予温柔支持。
- 生气：保持耐心，不争辩，先安抚情绪。
如果系统没有提供情绪标签，则根据对话内容自行判断。

[多模态与掩饰情绪]
你能够结合语音情绪与视觉（表情）情绪，对老人的心理状态进行综合判断。
当系统提示语音与表情情绪出现明显冲突（高冲突）时，说明老人可能在掩饰
真实的负面情绪（例如脸上笑着、语气却低落）。此时不要直接下结论，而应更耐心、
更温柔地通过聊天进一步确认老人的真实状态，主动关心是不是有什么心事。

[行为准则]
- 不敷衍老人。不冷漠回应。不批评老人。
- 不制造焦虑。不夸大病情。不代替医生进行诊断。
- 遇到危险情况（如老人提到严重不适、跌倒、胸痛等）建议立即联系家人或医生。

[身份定位]
你不是普通聊天机器人，而是一位长期陪伴老人的智能健康伙伴，
希望老人每天都愿意和你聊天。
(String), zh_CN(String), 中文(String), 0(Integer), 2076997049127047169(Long), 2026-07-14 20:13:03.669(Timestamp)
2026-07-14 20:13:03.686 [http-nio-8002-exec-4] [39mDEBUG[0;39m [36mxiaozhi.modules.agent.dao.AgentDao.insert[0;39m - <==    Updates: 1
2026-07-14 20:13:03.688 [http-nio-8002-exec-4] [39mDEBUG[0;39m [36mx.modules.model.dao.ModelProviderDao.selectById[0;39m - ==>  Preparing: SELECT id,model_type,provider_code,name,fields,sort,creator,create_date,updater,update_date FROM ai_model_provider WHERE id=?
2026-07-14 20:13:03.689 [http-nio-8002-exec-4] [39mDEBUG[0;39m [36mx.modules.model.dao.ModelProviderDao.selectById[0;39m - ==> Parameters: SYSTEM_PLUGIN_MUSIC(String)
2026-07-14 20:13:03.692 [http-nio-8002-exec-4] [39mDEBUG[0;39m [36mx.modules.model.dao.ModelProviderDao.selectById[0;39m - <==      Total: 1
2026-07-14 20:13:03.699 [http-nio-8002-exec-4] [39mDEBUG[0;39m [36mx.modules.model.dao.ModelProviderDao.selectById[0;39m - ==>  Preparing: SELECT id,model_type,provider_code,name,fields,sort,creator,create_date,updater,update_date FROM ai_model_provider WHERE id=?
2026-07-14 20:13:03.700 [http-nio-8002-exec-4] [39mDEBUG[0;39m [36mx.modules.model.dao.ModelProviderDao.selectById[0;39m - ==> Parameters: SYSTEM_PLUGIN_WEATHER(String)
2026-07-14 20:13:03.702 [http-nio-8002-exec-4] [39mDEBUG[0;39m [36mx.modules.model.dao.ModelProviderDao.selectById[0;39m - <==      Total: 1
2026-07-14 20:13:03.703 [http-nio-8002-exec-4] [39mDEBUG[0;39m [36mx.modules.model.dao.ModelProviderDao.selectById[0;39m - ==>  Preparing: SELECT id,model_type,provider_code,name,fields,sort,creator,create_date,updater,update_date FROM ai_model_provider WHERE id=?
2026-07-14 20:13:03.703 [http-nio-8002-exec-4] [39mDEBUG[0;39m [36mx.modules.model.dao.ModelProviderDao.selectById[0;39m - ==> Parameters: SYSTEM_PLUGIN_NEWS_NEWSNOW(String)
2026-07-14 20:13:03.706 [http-nio-8002-exec-4] [39mDEBUG[0;39m [36mx.modules.model.dao.ModelProviderDao.selectById[0;39m - <==      Total: 1
2026-07-14 20:13:03.719 [http-nio-8002-exec-4] [39mDEBUG[0;39m [36mx.m.agent.dao.AgentPluginMappingMapper.insert[0;39m - ==>  Preparing: INSERT INTO ai_agent_plugin_mapping ( id, agent_id, plugin_id, param_info ) VALUES ( ?, ?, ?, ? )
2026-07-14 20:13:03.722 [http-nio-8002-exec-4] [39mDEBUG[0;39m [36mx.m.agent.dao.AgentPluginMappingMapper.insert[0;39m - ==> Parameters: 2077003440449441794(Long), 859ee126bade45d5a01efbad3fa4c1b0(String), SYSTEM_PLUGIN_MUSIC(String), {}(String)
2026-07-14 20:13:03.725 [http-nio-8002-exec-4] [39mDEBUG[0;39m [36mx.m.agent.dao.AgentPluginMappingMapper.insert[0;39m - ==> Parameters: 2077003440470413313(Long), 859ee126bade45d5a01efbad3fa4c1b0(String), SYSTEM_PLUGIN_WEATHER(String), {"default_location":"广州","api_key":"a861d0d5e7bf4ee1a83d9a9e4f96d4da","api_host":"mj7p3y7naa.re.qweatherapi.com"}(String)
2026-07-14 20:13:03.727 [http-nio-8002-exec-4] [39mDEBUG[0;39m [36mx.m.agent.dao.AgentPluginMappingMapper.insert[0;39m - ==> Parameters: 2077003440470413314(Long), 859ee126bade45d5a01efbad3fa4c1b0(String), SYSTEM_PLUGIN_NEWS_NEWSNOW(String), {"news_sources":"澎湃新闻;百度热搜;财联社","url":"https://newsnow.busiyi.world/api/s?id="}(String)
2026-07-14 20:13:04.070 [http-nio-8002-exec-5] [39mDEBUG[0;39m [36mx.modules.security.dao.SysUserTokenDao.getByToken[0;39m - ==>  Preparing: select * from sys_user_token where token = ?
2026-07-14 20:13:04.070 [http-nio-8002-exec-5] [39mDEBUG[0;39m [36mx.modules.security.dao.SysUserTokenDao.getByToken[0;39m - ==> Parameters: 0e24e93fd0ce496ebfe4759d9dcec3c5(String)
2026-07-14 20:13:04.073 [http-nio-8002-exec-5] [39mDEBUG[0;39m [36mx.modules.security.dao.SysUserTokenDao.getByToken[0;39m - <==      Total: 1
2026-07-14 20:13:04.073 [http-nio-8002-exec-5] [39mDEBUG[0;39m [36mxiaozhi.modules.sys.dao.SysUserDao.selectById[0;39m - ==>  Preparing: SELECT id,username,password,super_admin,status,head_url,updater,update_date,creator,create_date FROM sys_user WHERE id=?
2026-07-14 20:13:04.073 [http-nio-8002-exec-5] [39mDEBUG[0;39m [36mxiaozhi.modules.sys.dao.SysUserDao.selectById[0;39m - ==> Parameters: 2076997049127047169(Long)
2026-07-14 20:13:04.075 [http-nio-8002-exec-5] [39mDEBUG[0;39m [36mxiaozhi.modules.sys.dao.SysUserDao.selectById[0;39m - <==      Total: 1
2026-07-14 20:13:04.078 [http-nio-8002-exec-5] [39mDEBUG[0;39m [36mxiaozhi.modules.agent.dao.AgentDao.selectList[0;39m - ==>  Preparing: SELECT id,user_id,agent_code,agent_name,asr_model_id,vad_model_id,llm_model_id,vllm_model_id,tts_model_id,tts_voice_id,mem_model_id,intent_model_id,chat_history_conf,system_prompt,summary_memory,lang_code,language,sort,creator,created_at,updater,updated_at FROM ai_agent WHERE (user_id = ?)
2026-07-14 20:13:04.078 [http-nio-8002-exec-5] [39mDEBUG[0;39m [36mxiaozhi.modules.agent.dao.AgentDao.selectList[0;39m - ==> Parameters: 2076997049127047169(Long)
2026-07-14 20:13:04.082 [http-nio-8002-exec-5] [39mDEBUG[0;39m [36mxiaozhi.modules.agent.dao.AgentDao.selectList[0;39m - <==      Total: 1
2026-07-14 20:13:04.087 [http-nio-8002-exec-5] [39mDEBUG[0;39m [36mx.m.d.dao.DeviceDao.getAllLastConnectedAtByAgentId[0;39m - ==>  Preparing: SELECT last_connected_at FROM ai_device WHERE agent_id = ? order by last_connected_at desc limit 0,1
2026-07-14 20:13:04.088 [http-nio-8002-exec-5] [39mDEBUG[0;39m [36mx.m.d.dao.DeviceDao.getAllLastConnectedAtByAgentId[0;39m - ==> Parameters: 859ee126bade45d5a01efbad3fa4c1b0(String)
2026-07-14 20:13:04.089 [http-nio-8002-exec-5] [39mDEBUG[0;39m [36mx.m.d.dao.DeviceDao.getAllLastConnectedAtByAgentId[0;39m - <==      Total: 0
2026-07-14 20:13:04.090 [http-nio-8002-exec-5] [39mDEBUG[0;39m [36mx.m.agent.dao.AgentDao.getDeviceCountByAgentId[0;39m - ==>  Preparing: SELECT COUNT(*) FROM ai_device WHERE agent_id = ?
2026-07-14 20:13:04.091 [http-nio-8002-exec-5] [39mDEBUG[0;39m [36mx.m.agent.dao.AgentDao.getDeviceCountByAgentId[0;39m - ==> Parameters: 859ee126bade45d5a01efbad3fa4c1b0(String)
2026-07-14 20:13:04.095 [http-nio-8002-exec-5] [39mDEBUG[0;39m [36mx.m.agent.dao.AgentDao.getDeviceCountByAgentId[0;39m - <==      Total: 1
2026-07-14 20:13:05.777 [http-nio-8002-exec-6] [39mDEBUG[0;39m [36mx.modules.security.dao.SysUserTokenDao.getByToken[0;39m - ==>  Preparing: select * from sys_user_token where token = ?
2026-07-14 20:13:05.777 [http-nio-8002-exec-6] [39mDEBUG[0;39m [36mx.modules.security.dao.SysUserTokenDao.getByToken[0;39m - ==> Parameters: 0e24e93fd0ce496ebfe4759d9dcec3c5(String)
2026-07-14 20:13:05.780 [http-nio-8002-exec-6] [39mDEBUG[0;39m [36mx.modules.security.dao.SysUserTokenDao.getByToken[0;39m - <==      Total: 1
2026-07-14 20:13:05.781 [http-nio-8002-exec-6] [39mDEBUG[0;39m [36mxiaozhi.modules.sys.dao.SysUserDao.selectById[0;39m - ==>  Preparing: SELECT id,username,password,super_admin,status,head_url,updater,update_date,creator,create_date FROM sys_user WHERE id=?
2026-07-14 20:13:05.782 [http-nio-8002-exec-6] [39mDEBUG[0;39m [36mxiaozhi.modules.sys.dao.SysUserDao.selectById[0;39m - ==> Parameters: 2076997049127047169(Long)
2026-07-14 20:13:05.785 [http-nio-8002-exec-6] [39mDEBUG[0;39m [36mxiaozhi.modules.sys.dao.SysUserDao.selectById[0;39m - <==      Total: 1
2026-07-14 20:13:05.790 [http-nio-8002-exec-6] [39mDEBUG[0;39m [36mx.modules.agent.dao.AgentDao.selectAgentInfoById[0;39m - ==>  Preparing: SELECT a.id, a.user_id AS userId, a.agent_code AS agentCode, a.agent_name AS agentName, a.asr_model_id AS asrModelId, a.vad_model_id AS vadModelId, a.llm_model_id AS llmModelId, a.vllm_model_id AS vllmModelId, a.tts_model_id AS ttsModelId, a.tts_voice_id AS ttsVoiceId, a.mem_model_id AS memModelId, a.intent_model_id AS intentModelId, COALESCE( (SELECT JSON_ARRAYAGG( JSON_OBJECT( 'id', m.id, 'agentId', m.agent_id, 'pluginId', m.plugin_id, 'paramInfo', m.param_info ) ) FROM ai_agent_plugin_mapping m WHERE m.agent_id = a.id), JSON_ARRAY() ) AS functions, a.chat_history_conf AS chatHistoryConf, a.system_prompt AS systemPrompt, a.summary_memory AS summaryMemory, a.lang_code AS langCode, a.language AS language, a.sort, a.creator, a.created_at AS createdAt, a.updater, a.updated_at AS updatedAt FROM ai_agent a WHERE a.id = ?
2026-07-14 20:13:05.792 [http-nio-8002-exec-6] [39mDEBUG[0;39m [36mx.modules.agent.dao.AgentDao.selectAgentInfoById[0;39m - ==> Parameters: 859ee126bade45d5a01efbad3fa4c1b0(String)
2026-07-14 20:13:05.798 [http-nio-8002-exec-6] [39mDEBUG[0;39m [36mx.modules.agent.dao.AgentDao.selectAgentInfoById[0;39m - <==      Total: 1
2026-07-14 20:13:06.105 [http-nio-8002-exec-8] [39mDEBUG[0;39m [36mx.modules.security.dao.SysUserTokenDao.getByToken[0;39m - ==>  Preparing: select * from sys_user_token where token = ?
2026-07-14 20:13:06.105 [http-nio-8002-exec-7] [39mDEBUG[0;39m [36mx.modules.security.dao.SysUserTokenDao.getByToken[0;39m - ==>  Preparing: select * from sys_user_token where token = ?
2026-07-14 20:13:06.106 [http-nio-8002-exec-8] [39mDEBUG[0;39m [36mx.modules.security.dao.SysUserTokenDao.getByToken[0;39m - ==> Parameters: 0e24e93fd0ce496ebfe4759d9dcec3c5(String)
2026-07-14 20:13:06.106 [http-nio-8002-exec-7] [39mDEBUG[0;39m [36mx.modules.security.dao.SysUserTokenDao.getByToken[0;39m - ==> Parameters: 0e24e93fd0ce496ebfe4759d9dcec3c5(String)
2026-07-14 20:13:06.108 [http-nio-8002-exec-10] [39mDEBUG[0;39m [36mx.modules.security.dao.SysUserTokenDao.getByToken[0;39m - ==>  Preparing: select * from sys_user_token where token = ?
2026-07-14 20:13:06.108 [http-nio-8002-exec-9] [39mDEBUG[0;39m [36mx.modules.security.dao.SysUserTokenDao.getByToken[0;39m - ==>  Preparing: select * from sys_user_token where token = ?
2026-07-14 20:13:06.108 [http-nio-8002-exec-7] [39mDEBUG[0;39m [36mx.modules.security.dao.SysUserTokenDao.getByToken[0;39m - <==      Total: 1
2026-07-14 20:13:06.108 [http-nio-8002-exec-8] [39mDEBUG[0;39m [36mx.modules.security.dao.SysUserTokenDao.getByToken[0;39m - <==      Total: 1
2026-07-14 20:13:06.108 [http-nio-8002-exec-11] [39mDEBUG[0;39m [36mx.modules.security.dao.SysUserTokenDao.getByToken[0;39m - ==>  Preparing: select * from sys_user_token where token = ?
2026-07-14 20:13:06.109 [http-nio-8002-exec-9] [39mDEBUG[0;39m [36mx.modules.security.dao.SysUserTokenDao.getByToken[0;39m - ==> Parameters: 0e24e93fd0ce496ebfe4759d9dcec3c5(String)
2026-07-14 20:13:06.108 [http-nio-8002-exec-10] [39mDEBUG[0;39m [36mx.modules.security.dao.SysUserTokenDao.getByToken[0;39m - ==> Parameters: 0e24e93fd0ce496ebfe4759d9dcec3c5(String)
2026-07-14 20:13:06.109 [http-nio-8002-exec-8] [39mDEBUG[0;39m [36mxiaozhi.modules.sys.dao.SysUserDao.selectById[0;39m - ==>  Preparing: SELECT id,username,password,super_admin,status,head_url,updater,update_date,creator,create_date FROM sys_user WHERE id=?
2026-07-14 20:13:06.109 [http-nio-8002-exec-11] [39mDEBUG[0;39m [36mx.modules.security.dao.SysUserTokenDao.getByToken[0;39m - ==> Parameters: 0e24e93fd0ce496ebfe4759d9dcec3c5(String)
2026-07-14 20:13:06.109 [http-nio-8002-exec-7] [39mDEBUG[0;39m [36mxiaozhi.modules.sys.dao.SysUserDao.selectById[0;39m - ==>  Preparing: SELECT id,username,password,super_admin,status,head_url,updater,update_date,creator,create_date FROM sys_user WHERE id=?
2026-07-14 20:13:06.109 [http-nio-8002-exec-8] [39mDEBUG[0;39m [36mxiaozhi.modules.sys.dao.SysUserDao.selectById[0;39m - ==> Parameters: 2076997049127047169(Long)
2026-07-14 20:13:06.109 [http-nio-8002-exec-7] [39mDEBUG[0;39m [36mxiaozhi.modules.sys.dao.SysUserDao.selectById[0;39m - ==> Parameters: 2076997049127047169(Long)
2026-07-14 20:13:06.112 [http-nio-8002-exec-9] [39mDEBUG[0;39m [36mx.modules.security.dao.SysUserTokenDao.getByToken[0;39m - <==      Total: 1
2026-07-14 20:13:06.112 [http-nio-8002-exec-11] [39mDEBUG[0;39m [36mx.modules.security.dao.SysUserTokenDao.getByToken[0;39m - <==      Total: 1
2026-07-14 20:13:06.112 [http-nio-8002-exec-7] [39mDEBUG[0;39m [36mxiaozhi.modules.sys.dao.SysUserDao.selectById[0;39m - <==      Total: 1
2026-07-14 20:13:06.113 [http-nio-8002-exec-8] [39mDEBUG[0;39m [36mxiaozhi.modules.sys.dao.SysUserDao.selectById[0;39m - <==      Total: 1
2026-07-14 20:13:06.112 [http-nio-8002-exec-10] [39mDEBUG[0;39m [36mx.modules.security.dao.SysUserTokenDao.getByToken[0;39m - <==      Total: 1
2026-07-14 20:13:06.113 [http-nio-8002-exec-9] [39mDEBUG[0;39m [36mxiaozhi.modules.sys.dao.SysUserDao.selectById[0;39m - ==>  Preparing: SELECT id,username,password,super_admin,status,head_url,updater,update_date,creator,create_date FROM sys_user WHERE id=?
2026-07-14 20:13:06.114 [http-nio-8002-exec-9] [39mDEBUG[0;39m [36mxiaozhi.modules.sys.dao.SysUserDao.selectById[0;39m - ==> Parameters: 2076997049127047169(Long)
2026-07-14 20:13:06.114 [http-nio-8002-exec-11] [39mDEBUG[0;39m [36mxiaozhi.modules.sys.dao.SysUserDao.selectById[0;39m - ==>  Preparing: SELECT id,username,password,super_admin,status,head_url,updater,update_date,creator,create_date FROM sys_user WHERE id=?
2026-07-14 20:13:06.114 [http-nio-8002-exec-10] [39mDEBUG[0;39m [36mxiaozhi.modules.sys.dao.SysUserDao.selectById[0;39m - ==>  Preparing: SELECT id,username,password,super_admin,status,head_url,updater,update_date,creator,create_date FROM sys_user WHERE id=?
2026-07-14 20:13:06.115 [http-nio-8002-exec-10] [39mDEBUG[0;39m [36mxiaozhi.modules.sys.dao.SysUserDao.selectById[0;39m - ==> Parameters: 2076997049127047169(Long)
2026-07-14 20:13:06.115 [http-nio-8002-exec-11] [39mDEBUG[0;39m [36mxiaozhi.modules.sys.dao.SysUserDao.selectById[0;39m - ==> Parameters: 2076997049127047169(Long)
2026-07-14 20:13:06.116 [http-nio-8002-exec-7] [39mDEBUG[0;39m [36mxiaozhi.modules.sys.dao.SysUserDao.selectById[0;39m - ==>  Preparing: SELECT id,username,password,super_admin,status,head_url,updater,update_date,creator,create_date FROM sys_user WHERE id=?
2026-07-14 20:13:06.117 [http-nio-8002-exec-9] [39mDEBUG[0;39m [36mxiaozhi.modules.sys.dao.SysUserDao.selectById[0;39m - <==      Total: 1
2026-07-14 20:13:06.118 [http-nio-8002-exec-10] [39mDEBUG[0;39m [36mxiaozhi.modules.sys.dao.SysUserDao.selectById[0;39m - <==      Total: 1
2026-07-14 20:13:06.118 [http-nio-8002-exec-11] [39mDEBUG[0;39m [36mxiaozhi.modules.sys.dao.SysUserDao.selectById[0;39m - <==      Total: 1
2026-07-14 20:13:06.118 [http-nio-8002-exec-7] [39mDEBUG[0;39m [36mxiaozhi.modules.sys.dao.SysUserDao.selectById[0;39m - ==> Parameters: 2076997049127047169(Long)
2026-07-14 20:13:06.121 [http-nio-8002-exec-7] [39mDEBUG[0;39m [36mxiaozhi.modules.sys.dao.SysUserDao.selectById[0;39m - <==      Total: 1
2026-07-14 20:13:06.123 [http-nio-8002-exec-8] [39mDEBUG[0;39m [36mx.modules.model.dao.ModelProviderDao.selectList[0;39m - ==>  Preparing: SELECT id,model_type,provider_code,name,fields,sort,creator,create_date,updater,update_date FROM ai_model_provider WHERE (model_type = ?)
2026-07-14 20:13:06.125 [http-nio-8002-exec-8] [39mDEBUG[0;39m [36mx.modules.model.dao.ModelProviderDao.selectList[0;39m - ==> Parameters: Plugin(String)
2026-07-14 20:13:06.132 [http-nio-8002-exec-9] [39mDEBUG[0;39m [36mx.modules.model.dao.ModelConfigDao.selectList[0;39m - ==>  Preparing: SELECT id,model_name FROM ai_model_config WHERE (model_type = ? AND is_enabled = ?)
2026-07-14 20:13:06.132 [http-nio-8002-exec-10] [39mDEBUG[0;39m [36mx.modules.model.dao.ModelConfigDao.selectList[0;39m - ==>  Preparing: SELECT id,model_name FROM ai_model_config WHERE (model_type = ? AND is_enabled = ?)
2026-07-14 20:13:06.132 [http-nio-8002-exec-11] [39mDEBUG[0;39m [36mx.modules.model.dao.ModelConfigDao.selectList[0;39m - ==>  Preparing: SELECT id,model_name,config_json FROM ai_model_config WHERE (model_type = ? AND is_enabled = ?)
2026-07-14 20:13:06.132 [http-nio-8002-exec-8] [39mDEBUG[0;39m [36mx.modules.model.dao.ModelProviderDao.selectList[0;39m - <==      Total: 9
2026-07-14 20:13:06.133 [http-nio-8002-exec-9] [39mDEBUG[0;39m [36mx.modules.model.dao.ModelConfigDao.selectList[0;39m - ==> Parameters: VAD(String), 1(Integer)
2026-07-14 20:13:06.133 [http-nio-8002-exec-11] [39mDEBUG[0;39m [36mx.modules.model.dao.ModelConfigDao.selectList[0;39m - ==> Parameters: llm(String), 1(Integer)
2026-07-14 20:13:06.135 [http-nio-8002-exec-10] [39mDEBUG[0;39m [36mx.modules.model.dao.ModelConfigDao.selectList[0;39m - ==> Parameters: ASR(String), 1(Integer)
2026-07-14 20:13:06.137 [http-nio-8002-exec-9] [39mDEBUG[0;39m [36mx.modules.model.dao.ModelConfigDao.selectList[0;39m - <==      Total: 1
2026-07-14 20:13:06.139 [http-nio-8002-exec-12] [39mDEBUG[0;39m [36mx.modules.security.dao.SysUserTokenDao.getByToken[0;39m - ==>  Preparing: select * from sys_user_token where token = ?
2026-07-14 20:13:06.139 [http-nio-8002-exec-10] [39mDEBUG[0;39m [36mx.modules.model.dao.ModelConfigDao.selectList[0;39m - <==      Total: 16
2026-07-14 20:13:06.140 [http-nio-8002-exec-12] [39mDEBUG[0;39m [36mx.modules.security.dao.SysUserTokenDao.getByToken[0;39m - ==> Parameters: 0e24e93fd0ce496ebfe4759d9dcec3c5(String)
2026-07-14 20:13:06.143 [http-nio-8002-exec-12] [39mDEBUG[0;39m [36mx.modules.security.dao.SysUserTokenDao.getByToken[0;39m - <==      Total: 1
2026-07-14 20:13:06.145 [http-nio-8002-exec-12] [39mDEBUG[0;39m [36mxiaozhi.modules.sys.dao.SysUserDao.selectById[0;39m - ==>  Preparing: SELECT id,username,password,super_admin,status,head_url,updater,update_date,creator,create_date FROM sys_user WHERE id=?
2026-07-14 20:13:06.145 [http-nio-8002-exec-12] [39mDEBUG[0;39m [36mxiaozhi.modules.sys.dao.SysUserDao.selectById[0;39m - ==> Parameters: 2076997049127047169(Long)
2026-07-14 20:13:06.148 [http-nio-8002-exec-12] [39mDEBUG[0;39m [36mxiaozhi.modules.sys.dao.SysUserDao.selectById[0;39m - <==      Total: 1
2026-07-14 20:13:06.153 [http-nio-8002-exec-12] [39mDEBUG[0;39m [36mx.modules.model.dao.ModelConfigDao.selectList[0;39m - ==>  Preparing: SELECT id,model_name FROM ai_model_config WHERE (model_type = ? AND is_enabled = ?)
2026-07-14 20:13:06.154 [http-nio-8002-exec-12] [39mDEBUG[0;39m [36mx.modules.model.dao.ModelConfigDao.selectList[0;39m - ==> Parameters: VLLM(String), 1(Integer)
2026-07-14 20:13:06.156 [http-nio-8002-exec-12] [39mDEBUG[0;39m [36mx.modules.model.dao.ModelConfigDao.selectList[0;39m - <==      Total: 2
2026-07-14 20:13:06.316 [http-nio-8002-exec-11] [39mDEBUG[0;39m [36mx.modules.model.dao.ModelConfigDao.selectList[0;39m - <==      Total: 15
2026-07-14 20:13:06.451 [http-nio-8002-exec-13] [39mDEBUG[0;39m [36mx.modules.security.dao.SysUserTokenDao.getByToken[0;39m - ==>  Preparing: select * from sys_user_token where token = ?
2026-07-14 20:13:06.452 [http-nio-8002-exec-13] [39mDEBUG[0;39m [36mx.modules.security.dao.SysUserTokenDao.getByToken[0;39m - ==> Parameters: 0e24e93fd0ce496ebfe4759d9dcec3c5(String)
2026-07-14 20:13:06.456 [http-nio-8002-exec-13] [39mDEBUG[0;39m [36mx.modules.security.dao.SysUserTokenDao.getByToken[0;39m - <==      Total: 1
2026-07-14 20:13:06.458 [http-nio-8002-exec-13] [39mDEBUG[0;39m [36mxiaozhi.modules.sys.dao.SysUserDao.selectById[0;39m - ==>  Preparing: SELECT id,username,password,super_admin,status,head_url,updater,update_date,creator,create_date FROM sys_user WHERE id=?
2026-07-14 20:13:06.458 [http-nio-8002-exec-13] [39mDEBUG[0;39m [36mxiaozhi.modules.sys.dao.SysUserDao.selectById[0;39m - ==> Parameters: 2076997049127047169(Long)
2026-07-14 20:13:06.460 [http-nio-8002-exec-13] [39mDEBUG[0;39m [36mxiaozhi.modules.sys.dao.SysUserDao.selectById[0;39m - <==      Total: 1
2026-07-14 20:13:06.463 [http-nio-8002-exec-13] [39mDEBUG[0;39m [36mx.modules.model.dao.ModelConfigDao.selectList[0;39m - ==>  Preparing: SELECT id,model_name FROM ai_model_config WHERE (model_type = ? AND is_enabled = ?)
2026-07-14 20:13:06.464 [http-nio-8002-exec-13] [39mDEBUG[0;39m [36mx.modules.model.dao.ModelConfigDao.selectList[0;39m - ==> Parameters: Intent(String), 1(Integer)
2026-07-14 20:13:06.466 [http-nio-8002-exec-13] [39mDEBUG[0;39m [36mx.modules.model.dao.ModelConfigDao.selectList[0;39m - <==      Total: 2
2026-07-14 20:13:06.472 [http-nio-8002-exec-14] [39mDEBUG[0;39m [36mx.modules.security.dao.SysUserTokenDao.getByToken[0;39m - ==>  Preparing: select * from sys_user_token where token = ?
2026-07-14 20:13:06.472 [http-nio-8002-exec-16] [39mDEBUG[0;39m [36mx.modules.security.dao.SysUserTokenDao.getByToken[0;39m - ==>  Preparing: select * from sys_user_token where token = ?
2026-07-14 20:13:06.472 [http-nio-8002-exec-14] [39mDEBUG[0;39m [36mx.modules.security.dao.SysUserTokenDao.getByToken[0;39m - ==> Parameters: 0e24e93fd0ce496ebfe4759d9dcec3c5(String)
2026-07-14 20:13:06.473 [http-nio-8002-exec-16] [39mDEBUG[0;39m [36mx.modules.security.dao.SysUserTokenDao.getByToken[0;39m - ==> Parameters: 0e24e93fd0ce496ebfe4759d9dcec3c5(String)
2026-07-14 20:13:06.473 [http-nio-8002-exec-15] [39mDEBUG[0;39m [36mx.modules.security.dao.SysUserTokenDao.getByToken[0;39m - ==>  Preparing: select * from sys_user_token where token = ?
2026-07-14 20:13:06.475 [http-nio-8002-exec-16] [39mDEBUG[0;39m [36mx.modules.security.dao.SysUserTokenDao.getByToken[0;39m - <==      Total: 1
2026-07-14 20:13:06.475 [http-nio-8002-exec-14] [39mDEBUG[0;39m [36mx.modules.security.dao.SysUserTokenDao.getByToken[0;39m - <==      Total: 1
2026-07-14 20:13:06.476 [http-nio-8002-exec-14] [39mDEBUG[0;39m [36mxiaozhi.modules.sys.dao.SysUserDao.selectById[0;39m - ==>  Preparing: SELECT id,username,password,super_admin,status,head_url,updater,update_date,creator,create_date FROM sys_user WHERE id=?
2026-07-14 20:13:06.476 [http-nio-8002-exec-16] [39mDEBUG[0;39m [36mxiaozhi.modules.sys.dao.SysUserDao.selectById[0;39m - ==>  Preparing: SELECT id,username,password,super_admin,status,head_url,updater,update_date,creator,create_date FROM sys_user WHERE id=?
2026-07-14 20:13:06.476 [http-nio-8002-exec-14] [39mDEBUG[0;39m [36mxiaozhi.modules.sys.dao.SysUserDao.selectById[0;39m - ==> Parameters: 2076997049127047169(Long)
2026-07-14 20:13:06.476 [http-nio-8002-exec-16] [39mDEBUG[0;39m [36mxiaozhi.modules.sys.dao.SysUserDao.selectById[0;39m - ==> Parameters: 2076997049127047169(Long)
2026-07-14 20:13:06.474 [http-nio-8002-exec-15] [39mDEBUG[0;39m [36mx.modules.security.dao.SysUserTokenDao.getByToken[0;39m - ==> Parameters: 0e24e93fd0ce496ebfe4759d9dcec3c5(String)
2026-07-14 20:13:06.479 [http-nio-8002-exec-15] [39mDEBUG[0;39m [36mx.modules.security.dao.SysUserTokenDao.getByToken[0;39m - <==      Total: 1
2026-07-14 20:13:06.479 [http-nio-8002-exec-14] [39mDEBUG[0;39m [36mxiaozhi.modules.sys.dao.SysUserDao.selectById[0;39m - <==      Total: 1
2026-07-14 20:13:06.479 [http-nio-8002-exec-16] [39mDEBUG[0;39m [36mxiaozhi.modules.sys.dao.SysUserDao.selectById[0;39m - <==      Total: 1
2026-07-14 20:13:06.480 [http-nio-8002-exec-15] [39mDEBUG[0;39m [36mxiaozhi.modules.sys.dao.SysUserDao.selectById[0;39m - ==>  Preparing: SELECT id,username,password,super_admin,status,head_url,updater,update_date,creator,create_date FROM sys_user WHERE id=?
2026-07-14 20:13:06.481 [http-nio-8002-exec-15] [39mDEBUG[0;39m [36mxiaozhi.modules.sys.dao.SysUserDao.selectById[0;39m - ==> Parameters: 2076997049127047169(Long)
2026-07-14 20:13:06.482 [http-nio-8002-exec-15] [39mDEBUG[0;39m [36mxiaozhi.modules.sys.dao.SysUserDao.selectById[0;39m - <==      Total: 1
2026-07-14 20:13:06.483 [http-nio-8002-exec-14] [39mDEBUG[0;39m [36mx.modules.model.dao.ModelConfigDao.selectList[0;39m - ==>  Preparing: SELECT id,model_name FROM ai_model_config WHERE (model_type = ? AND is_enabled = ?)
2026-07-14 20:13:06.483 [http-nio-8002-exec-16] [39mDEBUG[0;39m [36mx.modules.model.dao.ModelConfigDao.selectList[0;39m - ==>  Preparing: SELECT id,model_name FROM ai_model_config WHERE (model_type = ? AND is_enabled = ?)
2026-07-14 20:13:06.483 [http-nio-8002-exec-14] [39mDEBUG[0;39m [36mx.modules.model.dao.ModelConfigDao.selectList[0;39m - ==> Parameters: Memory(String), 1(Integer)
2026-07-14 20:13:06.483 [http-nio-8002-exec-16] [39mDEBUG[0;39m [36mx.modules.model.dao.ModelConfigDao.selectList[0;39m - ==> Parameters: TTS(String), 1(Integer)
2026-07-14 20:13:06.485 [http-nio-8002-exec-14] [39mDEBUG[0;39m [36mx.modules.model.dao.ModelConfigDao.selectList[0;39m - <==      Total: 5
2026-07-14 20:13:06.486 [http-nio-8002-exec-15] [39mDEBUG[0;39m [36mx.modules.agent.dao.AgentTemplateDao.selectList[0;39m - ==>  Preparing: SELECT id,agent_code,agent_name,asr_model_id,vad_model_id,llm_model_id,vllm_model_id,tts_model_id,tts_voice_id,mem_model_id,intent_model_id,chat_history_conf,system_prompt,summary_memory,lang_code,language,sort,creator,created_at,updater,updated_at FROM ai_agent_template ORDER BY sort ASC
2026-07-14 20:13:06.486 [http-nio-8002-exec-17] [39mDEBUG[0;39m [36mx.modules.security.dao.SysUserTokenDao.getByToken[0;39m - ==>  Preparing: select * from sys_user_token where token = ?
2026-07-14 20:13:06.486 [http-nio-8002-exec-17] [39mDEBUG[0;39m [36mx.modules.security.dao.SysUserTokenDao.getByToken[0;39m - ==> Parameters: 0e24e93fd0ce496ebfe4759d9dcec3c5(String)
2026-07-14 20:13:06.486 [http-nio-8002-exec-15] [39mDEBUG[0;39m [36mx.modules.agent.dao.AgentTemplateDao.selectList[0;39m - ==> Parameters: 
2026-07-14 20:13:06.487 [http-nio-8002-exec-16] [39mDEBUG[0;39m [36mx.modules.model.dao.ModelConfigDao.selectList[0;39m - <==      Total: 21
2026-07-14 20:13:06.487 [http-nio-8002-exec-17] [39mDEBUG[0;39m [36mx.modules.security.dao.SysUserTokenDao.getByToken[0;39m - <==      Total: 1
2026-07-14 20:13:06.487 [http-nio-8002-exec-17] [39mDEBUG[0;39m [36mxiaozhi.modules.sys.dao.SysUserDao.selectById[0;39m - ==>  Preparing: SELECT id,username,password,super_admin,status,head_url,updater,update_date,creator,create_date FROM sys_user WHERE id=?
2026-07-14 20:13:06.489 [http-nio-8002-exec-15] [39mDEBUG[0;39m [36mx.modules.agent.dao.AgentTemplateDao.selectList[0;39m - <==      Total: 1
2026-07-14 20:13:06.489 [http-nio-8002-exec-17] [39mDEBUG[0;39m [36mxiaozhi.modules.sys.dao.SysUserDao.selectById[0;39m - ==> Parameters: 2076997049127047169(Long)
2026-07-14 20:13:06.494 [http-nio-8002-exec-17] [39mDEBUG[0;39m [36mxiaozhi.modules.sys.dao.SysUserDao.selectById[0;39m - <==      Total: 1
2026-07-14 20:13:06.496 [http-nio-8002-exec-17] [39mDEBUG[0;39m [36mx.modules.model.dao.ModelProviderDao.selectList[0;39m - ==>  Preparing: SELECT id,model_type,provider_code,name,fields,sort,creator,create_date,updater,update_date FROM ai_model_provider WHERE (model_type = ?)
2026-07-14 20:13:06.497 [http-nio-8002-exec-17] [39mDEBUG[0;39m [36mx.modules.model.dao.ModelProviderDao.selectList[0;39m - ==> Parameters: Plugin(String)
2026-07-14 20:13:06.500 [http-nio-8002-exec-17] [39mDEBUG[0;39m [36mx.modules.model.dao.ModelProviderDao.selectList[0;39m - <==      Total: 9
2026-07-14 20:13:18.106 [http-nio-8002-exec-18] [39mDEBUG[0;39m [36mx.modules.security.dao.SysUserTokenDao.getByToken[0;39m - ==>  Preparing: select * from sys_user_token where token = ?
2026-07-14 20:13:18.107 [http-nio-8002-exec-18] [39mDEBUG[0;39m [36mx.modules.security.dao.SysUserTokenDao.getByToken[0;39m - ==> Parameters: 0e24e93fd0ce496ebfe4759d9dcec3c5(String)
2026-07-14 20:13:18.109 [http-nio-8002-exec-18] [39mDEBUG[0;39m [36mx.modules.security.dao.SysUserTokenDao.getByToken[0;39m - <==      Total: 1
2026-07-14 20:13:18.110 [http-nio-8002-exec-18] [39mDEBUG[0;39m [36mxiaozhi.modules.sys.dao.SysUserDao.selectById[0;39m - ==>  Preparing: SELECT id,username,password,super_admin,status,head_url,updater,update_date,creator,create_date FROM sys_user WHERE id=?
2026-07-14 20:13:18.110 [http-nio-8002-exec-18] [39mDEBUG[0;39m [36mxiaozhi.modules.sys.dao.SysUserDao.selectById[0;39m - ==> Parameters: 2076997049127047169(Long)
2026-07-14 20:13:18.112 [http-nio-8002-exec-18] [39mDEBUG[0;39m [36mxiaozhi.modules.sys.dao.SysUserDao.selectById[0;39m - <==      Total: 1
2026-07-14 20:13:18.114 [http-nio-8002-exec-18] [39mDEBUG[0;39m [36mx.modules.model.dao.ModelProviderDao.selectList[0;39m - ==>  Preparing: SELECT id,model_type,provider_code,name,fields,sort,creator,create_date,updater,update_date FROM ai_model_provider WHERE (model_type = ?)
2026-07-14 20:13:18.115 [http-nio-8002-exec-18] [39mDEBUG[0;39m [36mx.modules.model.dao.ModelProviderDao.selectList[0;39m - ==> Parameters: Plugin(String)
2026-07-14 20:13:18.118 [http-nio-8002-exec-18] [39mDEBUG[0;39m [36mx.modules.model.dao.ModelProviderDao.selectList[0;39m - <==      Total: 9
2026-07-14 20:13:24.837 [http-nio-8002-exec-19] [39mDEBUG[0;39m [36mx.modules.security.dao.SysUserTokenDao.getByToken[0;39m - ==>  Preparing: select * from sys_user_token where token = ?
2026-07-14 20:13:24.838 [http-nio-8002-exec-19] [39mDEBUG[0;39m [36mx.modules.security.dao.SysUserTokenDao.getByToken[0;39m - ==> Parameters: 0e24e93fd0ce496ebfe4759d9dcec3c5(String)
2026-07-14 20:13:24.841 [http-nio-8002-exec-19] [39mDEBUG[0;39m [36mx.modules.security.dao.SysUserTokenDao.getByToken[0;39m - <==      Total: 1
2026-07-14 20:13:24.842 [http-nio-8002-exec-19] [39mDEBUG[0;39m [36mxiaozhi.modules.sys.dao.SysUserDao.selectById[0;39m - ==>  Preparing: SELECT id,username,password,super_admin,status,head_url,updater,update_date,creator,create_date FROM sys_user WHERE id=?
2026-07-14 20:13:24.843 [http-nio-8002-exec-19] [39mDEBUG[0;39m [36mxiaozhi.modules.sys.dao.SysUserDao.selectById[0;39m - ==> Parameters: 2076997049127047169(Long)
2026-07-14 20:13:24.845 [http-nio-8002-exec-19] [39mDEBUG[0;39m [36mxiaozhi.modules.sys.dao.SysUserDao.selectById[0;39m - <==      Total: 1
2026-07-14 20:13:24.852 [http-nio-8002-exec-19] [39mDEBUG[0;39m [36mxiaozhi.modules.timbre.dao.TimbreDao.selectList[0;39m - ==>  Preparing: SELECT id,languages,name,remark,reference_audio,reference_text,sort,tts_model_id,tts_voice,voice_demo,updater,update_date,creator,create_date FROM ai_tts_voice WHERE (tts_model_id = ?)
2026-07-14 20:13:24.852 [http-nio-8002-exec-19] [39mDEBUG[0;39m [36mxiaozhi.modules.timbre.dao.TimbreDao.selectList[0;39m - ==> Parameters: TTS_DoubaoTTS(String)
2026-07-14 20:13:24.857 [http-nio-8002-exec-19] [39mDEBUG[0;39m [36mxiaozhi.modules.timbre.dao.TimbreDao.selectList[0;39m - <==      Total: 5
2026-07-14 20:13:29.801 [http-nio-8002-exec-20] [39mDEBUG[0;39m [36mx.modules.security.dao.SysUserTokenDao.getByToken[0;39m - ==>  Preparing: select * from sys_user_token where token = ?
2026-07-14 20:13:29.801 [http-nio-8002-exec-20] [39mDEBUG[0;39m [36mx.modules.security.dao.SysUserTokenDao.getByToken[0;39m - ==> Parameters: 0e24e93fd0ce496ebfe4759d9dcec3c5(String)
2026-07-14 20:13:29.805 [http-nio-8002-exec-20] [39mDEBUG[0;39m [36mx.modules.security.dao.SysUserTokenDao.getByToken[0;39m - <==      Total: 1
2026-07-14 20:13:29.806 [http-nio-8002-exec-20] [39mDEBUG[0;39m [36mxiaozhi.modules.sys.dao.SysUserDao.selectById[0;39m - ==>  Preparing: SELECT id,username,password,super_admin,status,head_url,updater,update_date,creator,create_date FROM sys_user WHERE id=?
2026-07-14 20:13:29.806 [http-nio-8002-exec-20] [39mDEBUG[0;39m [36mxiaozhi.modules.sys.dao.SysUserDao.selectById[0;39m - ==> Parameters: 2076997049127047169(Long)
2026-07-14 20:13:29.808 [http-nio-8002-exec-20] [39mDEBUG[0;39m [36mxiaozhi.modules.sys.dao.SysUserDao.selectById[0;39m - <==      Total: 1
2026-07-14 20:13:29.853 [http-nio-8002-exec-20] [39mDEBUG[0;39m [36mx.modules.agent.dao.AgentDao.selectAgentInfoById[0;39m - ==>  Preparing: SELECT a.id, a.user_id AS userId, a.agent_code AS agentCode, a.agent_name AS agentName, a.asr_model_id AS asrModelId, a.vad_model_id AS vadModelId, a.llm_model_id AS llmModelId, a.vllm_model_id AS vllmModelId, a.tts_model_id AS ttsModelId, a.tts_voice_id AS ttsVoiceId, a.mem_model_id AS memModelId, a.intent_model_id AS intentModelId, COALESCE( (SELECT JSON_ARRAYAGG( JSON_OBJECT( 'id', m.id, 'agentId', m.agent_id, 'pluginId', m.plugin_id, 'paramInfo', m.param_info ) ) FROM ai_agent_plugin_mapping m WHERE m.agent_id = a.id), JSON_ARRAY() ) AS functions, a.chat_history_conf AS chatHistoryConf, a.system_prompt AS systemPrompt, a.summary_memory AS summaryMemory, a.lang_code AS langCode, a.language AS language, a.sort, a.creator, a.created_at AS createdAt, a.updater, a.updated_at AS updatedAt FROM ai_agent a WHERE a.id = ?
2026-07-14 20:13:29.855 [http-nio-8002-exec-20] [39mDEBUG[0;39m [36mx.modules.agent.dao.AgentDao.selectAgentInfoById[0;39m - ==> Parameters: 859ee126bade45d5a01efbad3fa4c1b0(String)
2026-07-14 20:13:29.858 [http-nio-8002-exec-20] [39mDEBUG[0;39m [36mx.modules.agent.dao.AgentDao.selectAgentInfoById[0;39m - <==      Total: 1
2026-07-14 20:13:29.861 [http-nio-8002-exec-20] [39mDEBUG[0;39m [36mx.m.agent.dao.AgentPluginMappingMapper.selectList[0;39m - ==>  Preparing: SELECT id,agent_id,plugin_id,param_info FROM ai_agent_plugin_mapping WHERE (agent_id = ?)
2026-07-14 20:13:29.862 [http-nio-8002-exec-20] [39mDEBUG[0;39m [36mx.m.agent.dao.AgentPluginMappingMapper.selectList[0;39m - ==> Parameters: 859ee126bade45d5a01efbad3fa4c1b0(String)
2026-07-14 20:13:29.863 [http-nio-8002-exec-20] [39mDEBUG[0;39m [36mx.m.agent.dao.AgentPluginMappingMapper.selectList[0;39m - <==      Total: 3
2026-07-14 20:13:29.881 [http-nio-8002-exec-20] [39mDEBUG[0;39m [36mx.m.agent.dao.AgentPluginMappingMapper.updateById[0;39m - ==>  Preparing: UPDATE ai_agent_plugin_mapping SET agent_id=?, plugin_id=?, param_info=? WHERE id=?
2026-07-14 20:13:29.882 [http-nio-8002-exec-20] [39mDEBUG[0;39m [36mx.m.agent.dao.AgentPluginMappingMapper.updateById[0;39m - ==> Parameters: 859ee126bade45d5a01efbad3fa4c1b0(String), SYSTEM_PLUGIN_MUSIC(String), {}(String), 2077003440449441794(Long)
2026-07-14 20:13:29.884 [http-nio-8002-exec-20] [39mDEBUG[0;39m [36mx.m.agent.dao.AgentPluginMappingMapper.updateById[0;39m - ==> Parameters: 859ee126bade45d5a01efbad3fa4c1b0(String), SYSTEM_PLUGIN_NEWS_NEWSNOW(String), {"news_sources":"澎湃新闻;百度热搜;财联社","url":"https://newsnow.busiyi.world/api/s?id="}(String), 2077003440470413314(Long)
2026-07-14 20:13:29.884 [http-nio-8002-exec-20] [39mDEBUG[0;39m [36mx.m.agent.dao.AgentPluginMappingMapper.updateById[0;39m - ==> Parameters: 859ee126bade45d5a01efbad3fa4c1b0(String), SYSTEM_PLUGIN_WEATHER(String), {"default_location":"广州","api_key":"a861d0d5e7bf4ee1a83d9a9e4f96d4da","api_host":"mj7p3y7naa.re.qweatherapi.com"}(String), 2077003440470413313(Long)
2026-07-14 20:13:29.891 [http-nio-8002-exec-20] [39mDEBUG[0;39m [36mx.modules.model.dao.ModelConfigDao.selectById[0;39m - ==>  Preparing: SELECT id,model_type,model_code,model_name,is_default,is_enabled,config_json,doc_link,remark,sort,updater,update_date,creator,create_date FROM ai_model_config WHERE id=?
2026-07-14 20:13:29.892 [http-nio-8002-exec-20] [39mDEBUG[0;39m [36mx.modules.model.dao.ModelConfigDao.selectById[0;39m - ==> Parameters: LLM_ChatGLMLLM(String)
2026-07-14 20:13:29.894 [http-nio-8002-exec-20] [39mDEBUG[0;39m [36mx.modules.model.dao.ModelConfigDao.selectById[0;39m - <==      Total: 1
2026-07-14 20:13:29.909 [http-nio-8002-exec-20] [39mDEBUG[0;39m [36mxiaozhi.modules.agent.dao.AgentDao.updateById[0;39m - ==>  Preparing: UPDATE ai_agent SET user_id=?, agent_code=?, agent_name=?, asr_model_id=?, vad_model_id=?, llm_model_id=?, vllm_model_id=?, tts_model_id=?, tts_voice_id=?, mem_model_id=?, intent_model_id=?, chat_history_conf=?, system_prompt=?, lang_code=?, language=?, sort=?, creator=?, created_at=?, updater=?, updated_at=? WHERE id=?
2026-07-14 20:13:29.911 [http-nio-8002-exec-20] [39mDEBUG[0;39m [36mxiaozhi.modules.agent.dao.AgentDao.updateById[0;39m - ==> Parameters: 2076997049127047169(Long), AGT_1784031183669(String), 安安(String), ASR_AliyunASR(String), VAD_SileroVAD(String), LLM_ChatGLMLLM(String), VLLM_ChatGLMVLLM(String), TTS_DoubaoTTS(String), TTS_DoubaoTTS0001(String), Memory_mem_local_short(String), Intent_function_call(String), 2(Integer), 你叫安安，是一位专门陪伴老年人的AI健康助手。
你的性格温柔、耐心、细心，像家人一样陪伴老人聊天、关心他们的身体和情绪。

[主要职责]
- 与老人进行自然聊天，缓解孤独感。
- 关注老人的情绪变化，并给予安慰和鼓励。
- 当发现老人情绪低落、焦虑、生气或悲伤时，主动给予心理关怀。
- 当老人表达身体不适时，提醒及时休息或联系家人、医生。
- 鼓励老人保持积极乐观的生活方式。

[交流方式]
- 使用简洁自然的中文交流。
- 每次回复控制在2~4句话。
- 语言温柔、有亲和力。
- 尽量不用复杂术语。
- 经常使用好的没关系我陪着您慢慢来等表达。

[情绪感知]
系统会在每轮对话前，以【实时情绪感知】开头提供当前用户的情绪判断
（来自语音情绪识别与视觉表情的多模态D-S证据融合，置信度0~100%）。
请结合情绪标签调整回复方式（系统只输出以下4种情绪）：
- 快乐：一起分享快乐，多给予积极回应。
- 平静：保持自然聊天。
- 悲伤：多安慰、多倾听，给予温柔支持。
- 生气：保持耐心，不争辩，先安抚情绪。
如果系统没有提供情绪标签，则根据对话内容自行判断。

[多模态与掩饰情绪]
你能够结合语音情绪与视觉（表情）情绪，对老人的心理状态进行综合判断。
当系统提示语音与表情情绪出现明显冲突（高冲突）时，说明老人可能在掩饰
真实的负面情绪（例如脸上笑着、语气却低落）。此时不要直接下结论，而应更耐心、
更温柔地通过聊天进一步确认老人的真实状态，主动关心是不是有什么心事。

[行为准则]
- 不敷衍老人。不冷漠回应。不批评老人。
- 不制造焦虑。不夸大病情。不代替医生进行诊断。
- 遇到危险情况（如老人提到严重不适、跌倒、胸痛等）建议立即联系家人或医生。

[身份定位]
你不是普通聊天机器人，而是一位长期陪伴老人的智能健康伙伴，
希望老人每天都愿意和你聊天。
(String), zh_CN(String), 中文(String), 0(Integer), 2076997049127047169(Long), 2026-07-14 20:13:04.0(Timestamp), 2076997049127047169(Long), 2026-07-14 20:13:29.891(Timestamp), 859ee126bade45d5a01efbad3fa4c1b0(String)
2026-07-14 20:13:29.916 [http-nio-8002-exec-20] [39mDEBUG[0;39m [36mxiaozhi.modules.agent.dao.AgentDao.updateById[0;39m - <==    Updates: 1
2026-07-14 20:13:30.321 [http-nio-8002-exec-21] [39mDEBUG[0;39m [36mx.modules.security.dao.SysUserTokenDao.getByToken[0;39m - ==>  Preparing: select * from sys_user_token where token = ?
2026-07-14 20:13:30.322 [http-nio-8002-exec-21] [39mDEBUG[0;39m [36mx.modules.security.dao.SysUserTokenDao.getByToken[0;39m - ==> Parameters: 0e24e93fd0ce496ebfe4759d9dcec3c5(String)
2026-07-14 20:13:30.325 [http-nio-8002-exec-21] [39mDEBUG[0;39m [36mx.modules.security.dao.SysUserTokenDao.getByToken[0;39m - <==      Total: 1
2026-07-14 20:13:30.326 [http-nio-8002-exec-21] [39mDEBUG[0;39m [36mxiaozhi.modules.sys.dao.SysUserDao.selectById[0;39m - ==>  Preparing: SELECT id,username,password,super_admin,status,head_url,updater,update_date,creator,create_date FROM sys_user WHERE id=?
2026-07-14 20:13:30.327 [http-nio-8002-exec-21] [39mDEBUG[0;39m [36mxiaozhi.modules.sys.dao.SysUserDao.selectById[0;39m - ==> Parameters: 2076997049127047169(Long)
2026-07-14 20:13:30.330 [http-nio-8002-exec-21] [39mDEBUG[0;39m [36mxiaozhi.modules.sys.dao.SysUserDao.selectById[0;39m - <==      Total: 1
2026-07-14 20:13:30.401 [http-nio-8002-exec-21] [39mDEBUG[0;39m [36mx.modules.agent.dao.AgentDao.selectAgentInfoById[0;39m - ==>  Preparing: SELECT a.id, a.user_id AS userId, a.agent_code AS agentCode, a.agent_name AS agentName, a.asr_model_id AS asrModelId, a.vad_model_id AS vadModelId, a.llm_model_id AS llmModelId, a.vllm_model_id AS vllmModelId, a.tts_model_id AS ttsModelId, a.tts_voice_id AS ttsVoiceId, a.mem_model_id AS memModelId, a.intent_model_id AS intentModelId, COALESCE( (SELECT JSON_ARRAYAGG( JSON_OBJECT( 'id', m.id, 'agentId', m.agent_id, 'pluginId', m.plugin_id, 'paramInfo', m.param_info ) ) FROM ai_agent_plugin_mapping m WHERE m.agent_id = a.id), JSON_ARRAY() ) AS functions, a.chat_history_conf AS chatHistoryConf, a.system_prompt AS systemPrompt, a.summary_memory AS summaryMemory, a.lang_code AS langCode, a.language AS language, a.sort, a.creator, a.created_at AS createdAt, a.updater, a.updated_at AS updatedAt FROM ai_agent a WHERE a.id = ?
2026-07-14 20:13:30.402 [http-nio-8002-exec-21] [39mDEBUG[0;39m [36mx.modules.agent.dao.AgentDao.selectAgentInfoById[0;39m - ==> Parameters: 859ee126bade45d5a01efbad3fa4c1b0(String)
2026-07-14 20:13:30.407 [http-nio-8002-exec-21] [39mDEBUG[0;39m [36mx.modules.agent.dao.AgentDao.selectAgentInfoById[0;39m - <==      Total: 1
2026-07-14 20:13:30.407 [http-nio-8002-exec-21] [39mDEBUG[0;39m [36mx.m.agent.dao.AgentPluginMappingMapper.selectList[0;39m - ==>  Preparing: SELECT id,agent_id,plugin_id,param_info FROM ai_agent_plugin_mapping WHERE (agent_id = ?)
2026-07-14 20:13:30.408 [http-nio-8002-exec-21] [39mDEBUG[0;39m [36mx.m.agent.dao.AgentPluginMappingMapper.selectList[0;39m - ==> Parameters: 859ee126bade45d5a01efbad3fa4c1b0(String)
2026-07-14 20:13:30.410 [http-nio-8002-exec-21] [39mDEBUG[0;39m [36mx.m.agent.dao.AgentPluginMappingMapper.selectList[0;39m - <==      Total: 3
2026-07-14 20:13:30.413 [http-nio-8002-exec-21] [39mDEBUG[0;39m [36mx.m.agent.dao.AgentPluginMappingMapper.updateById[0;39m - ==>  Preparing: UPDATE ai_agent_plugin_mapping SET agent_id=?, plugin_id=?, param_info=? WHERE id=?
2026-07-14 20:13:30.413 [http-nio-8002-exec-21] [39mDEBUG[0;39m [36mx.m.agent.dao.AgentPluginMappingMapper.updateById[0;39m - ==> Parameters: 859ee126bade45d5a01efbad3fa4c1b0(String), SYSTEM_PLUGIN_MUSIC(String), {}(String), 2077003440449441794(Long)
2026-07-14 20:13:30.415 [http-nio-8002-exec-21] [39mDEBUG[0;39m [36mx.m.agent.dao.AgentPluginMappingMapper.updateById[0;39m - ==> Parameters: 859ee126bade45d5a01efbad3fa4c1b0(String), SYSTEM_PLUGIN_NEWS_NEWSNOW(String), {"news_sources":"澎湃新闻;百度热搜;财联社","url":"https://newsnow.busiyi.world/api/s?id="}(String), 2077003440470413314(Long)
2026-07-14 20:13:30.415 [http-nio-8002-exec-21] [39mDEBUG[0;39m [36mx.m.agent.dao.AgentPluginMappingMapper.updateById[0;39m - ==> Parameters: 859ee126bade45d5a01efbad3fa4c1b0(String), SYSTEM_PLUGIN_WEATHER(String), {"default_location":"广州","api_key":"a861d0d5e7bf4ee1a83d9a9e4f96d4da","api_host":"mj7p3y7naa.re.qweatherapi.com"}(String), 2077003440470413313(Long)
2026-07-14 20:13:30.421 [http-nio-8002-exec-21] [39mDEBUG[0;39m [36mx.modules.model.dao.ModelConfigDao.selectById[0;39m - ==>  Preparing: SELECT id,model_type,model_code,model_name,is_default,is_enabled,config_json,doc_link,remark,sort,updater,update_date,creator,create_date FROM ai_model_config WHERE id=?
2026-07-14 20:13:30.421 [http-nio-8002-exec-21] [39mDEBUG[0;39m [36mx.modules.model.dao.ModelConfigDao.selectById[0;39m - ==> Parameters: LLM_ChatGLMLLM(String)
2026-07-14 20:13:30.424 [http-nio-8002-exec-21] [39mDEBUG[0;39m [36mx.modules.model.dao.ModelConfigDao.selectById[0;39m - <==      Total: 1
2026-07-14 20:13:30.428 [http-nio-8002-exec-21] [39mDEBUG[0;39m [36mxiaozhi.modules.agent.dao.AgentDao.updateById[0;39m - ==>  Preparing: UPDATE ai_agent SET user_id=?, agent_code=?, agent_name=?, asr_model_id=?, vad_model_id=?, llm_model_id=?, vllm_model_id=?, tts_model_id=?, tts_voice_id=?, mem_model_id=?, intent_model_id=?, chat_history_conf=?, system_prompt=?, lang_code=?, language=?, sort=?, creator=?, created_at=?, updater=?, updated_at=? WHERE id=?
2026-07-14 20:13:30.430 [http-nio-8002-exec-21] [39mDEBUG[0;39m [36mxiaozhi.modules.agent.dao.AgentDao.updateById[0;39m - ==> Parameters: 2076997049127047169(Long), AGT_1784031183669(String), 安安(String), ASR_AliyunASR(String), VAD_SileroVAD(String), LLM_ChatGLMLLM(String), VLLM_ChatGLMVLLM(String), TTS_DoubaoTTS(String), TTS_DoubaoTTS0001(String), Memory_mem_local_short(String), Intent_function_call(String), 2(Integer), 你叫安安，是一位专门陪伴老年人的AI健康助手。
你的性格温柔、耐心、细心，像家人一样陪伴老人聊天、关心他们的身体和情绪。

[主要职责]
- 与老人进行自然聊天，缓解孤独感。
- 关注老人的情绪变化，并给予安慰和鼓励。
- 当发现老人情绪低落、焦虑、生气或悲伤时，主动给予心理关怀。
- 当老人表达身体不适时，提醒及时休息或联系家人、医生。
- 鼓励老人保持积极乐观的生活方式。

[交流方式]
- 使用简洁自然的中文交流。
- 每次回复控制在2~4句话。
- 语言温柔、有亲和力。
- 尽量不用复杂术语。
- 经常使用好的没关系我陪着您慢慢来等表达。

[情绪感知]
系统会在每轮对话前，以【实时情绪感知】开头提供当前用户的情绪判断
（来自语音情绪识别与视觉表情的多模态D-S证据融合，置信度0~100%）。
请结合情绪标签调整回复方式（系统只输出以下4种情绪）：
- 快乐：一起分享快乐，多给予积极回应。
- 平静：保持自然聊天。
- 悲伤：多安慰、多倾听，给予温柔支持。
- 生气：保持耐心，不争辩，先安抚情绪。
如果系统没有提供情绪标签，则根据对话内容自行判断。

[多模态与掩饰情绪]
你能够结合语音情绪与视觉（表情）情绪，对老人的心理状态进行综合判断。
当系统提示语音与表情情绪出现明显冲突（高冲突）时，说明老人可能在掩饰
真实的负面情绪（例如脸上笑着、语气却低落）。此时不要直接下结论，而应更耐心、
更温柔地通过聊天进一步确认老人的真实状态，主动关心是不是有什么心事。

[行为准则]
- 不敷衍老人。不冷漠回应。不批评老人。
- 不制造焦虑。不夸大病情。不代替医生进行诊断。
- 遇到危险情况（如老人提到严重不适、跌倒、胸痛等）建议立即联系家人或医生。

[身份定位]
你不是普通聊天机器人，而是一位长期陪伴老人的智能健康伙伴，
希望老人每天都愿意和你聊天。
(String), zh_CN(String), 中文(String), 0(Integer), 2076997049127047169(Long), 2026-07-14 20:13:04.0(Timestamp), 2076997049127047169(Long), 2026-07-14 20:13:30.421(Timestamp), 859ee126bade45d5a01efbad3fa4c1b0(String)
2026-07-14 20:13:30.435 [http-nio-8002-exec-21] [39mDEBUG[0;39m [36mxiaozhi.modules.agent.dao.AgentDao.updateById[0;39m - <==    Updates: 1
2026-07-14 20:13:34.671 [http-nio-8002-exec-22] [39mDEBUG[0;39m [36mx.modules.security.dao.SysUserTokenDao.getByToken[0;39m - ==>  Preparing: select * from sys_user_token where token = ?
2026-07-14 20:13:34.672 [http-nio-8002-exec-24] [39mDEBUG[0;39m [36mx.modules.security.dao.SysUserTokenDao.getByToken[0;39m - ==>  Preparing: select * from sys_user_token where token = ?
2026-07-14 20:13:34.672 [http-nio-8002-exec-22] [39mDEBUG[0;39m [36mx.modules.security.dao.SysUserTokenDao.getByToken[0;39m - ==> Parameters: 0e24e93fd0ce496ebfe4759d9dcec3c5(String)
2026-07-14 20:13:34.672 [http-nio-8002-exec-24] [39mDEBUG[0;39m [36mx.modules.security.dao.SysUserTokenDao.getByToken[0;39m - ==> Parameters: 0e24e93fd0ce496ebfe4759d9dcec3c5(String)
2026-07-14 20:13:34.675 [http-nio-8002-exec-24] [39mDEBUG[0;39m [36mx.modules.security.dao.SysUserTokenDao.getByToken[0;39m - <==      Total: 1
2026-07-14 20:13:34.675 [http-nio-8002-exec-22] [39mDEBUG[0;39m [36mx.modules.security.dao.SysUserTokenDao.getByToken[0;39m - <==      Total: 1
2026-07-14 20:13:34.678 [http-nio-8002-exec-22] [39mDEBUG[0;39m [36mxiaozhi.modules.sys.dao.SysUserDao.selectById[0;39m - ==>  Preparing: SELECT id,username,password,super_admin,status,head_url,updater,update_date,creator,create_date FROM sys_user WHERE id=?
2026-07-14 20:13:34.679 [http-nio-8002-exec-24] [39mDEBUG[0;39m [36mxiaozhi.modules.sys.dao.SysUserDao.selectById[0;39m - ==>  Preparing: SELECT id,username,password,super_admin,status,head_url,updater,update_date,creator,create_date FROM sys_user WHERE id=?
2026-07-14 20:13:34.680 [http-nio-8002-exec-22] [39mDEBUG[0;39m [36mxiaozhi.modules.sys.dao.SysUserDao.selectById[0;39m - ==> Parameters: 2076997049127047169(Long)
2026-07-14 20:13:34.680 [http-nio-8002-exec-24] [39mDEBUG[0;39m [36mxiaozhi.modules.sys.dao.SysUserDao.selectById[0;39m - ==> Parameters: 2076997049127047169(Long)
2026-07-14 20:13:34.683 [http-nio-8002-exec-24] [39mDEBUG[0;39m [36mxiaozhi.modules.sys.dao.SysUserDao.selectById[0;39m - <==      Total: 1
2026-07-14 20:13:34.685 [http-nio-8002-exec-22] [39mDEBUG[0;39m [36mxiaozhi.modules.sys.dao.SysUserDao.selectById[0;39m - <==      Total: 1
2026-07-14 20:13:34.688 [http-nio-8002-exec-22] [39mDEBUG[0;39m [36mxiaozhi.modules.sys.dao.SysUserDao.selectById[0;39m - ==>  Preparing: SELECT id,username,password,super_admin,status,head_url,updater,update_date,creator,create_date FROM sys_user WHERE id=?
2026-07-14 20:13:34.689 [http-nio-8002-exec-24] [39mDEBUG[0;39m [36mxiaozhi.modules.agent.dao.AgentDao.selectList[0;39m - ==>  Preparing: SELECT id,user_id,agent_code,agent_name,asr_model_id,vad_model_id,llm_model_id,vllm_model_id,tts_model_id,tts_voice_id,mem_model_id,intent_model_id,chat_history_conf,system_prompt,summary_memory,lang_code,language,sort,creator,created_at,updater,updated_at FROM ai_agent WHERE (user_id = ?)
2026-07-14 20:13:34.689 [http-nio-8002-exec-22] [39mDEBUG[0;39m [36mxiaozhi.modules.sys.dao.SysUserDao.selectById[0;39m - ==> Parameters: 2076997049127047169(Long)
2026-07-14 20:13:34.689 [http-nio-8002-exec-24] [39mDEBUG[0;39m [36mxiaozhi.modules.agent.dao.AgentDao.selectList[0;39m - ==> Parameters: 2076997049127047169(Long)
2026-07-14 20:13:34.693 [http-nio-8002-exec-22] [39mDEBUG[0;39m [36mxiaozhi.modules.sys.dao.SysUserDao.selectById[0;39m - <==      Total: 1
2026-07-14 20:13:34.693 [http-nio-8002-exec-24] [39mDEBUG[0;39m [36mxiaozhi.modules.agent.dao.AgentDao.selectList[0;39m - <==      Total: 1
2026-07-14 20:13:34.698 [http-nio-8002-exec-24] [39mDEBUG[0;39m [36mx.modules.model.dao.ModelConfigDao.selectById[0;39m - ==>  Preparing: SELECT id,model_type,model_code,model_name,is_default,is_enabled,config_json,doc_link,remark,sort,updater,update_date,creator,create_date FROM ai_model_config WHERE id=?
2026-07-14 20:13:34.698 [http-nio-8002-exec-24] [39mDEBUG[0;39m [36mx.modules.model.dao.ModelConfigDao.selectById[0;39m - ==> Parameters: TTS_DoubaoTTS(String)
2026-07-14 20:13:34.703 [http-nio-8002-exec-24] [39mDEBUG[0;39m [36mx.modules.model.dao.ModelConfigDao.selectById[0;39m - <==      Total: 1
2026-07-14 20:13:34.715 [http-nio-8002-exec-24] [39mDEBUG[0;39m [36mxiaozhi.modules.timbre.dao.TimbreDao.selectById[0;39m - ==>  Preparing: SELECT id,languages,name,remark,reference_audio,reference_text,sort,tts_model_id,tts_voice,voice_demo,updater,update_date,creator,create_date FROM ai_tts_voice WHERE id=?
2026-07-14 20:13:34.716 [http-nio-8002-exec-24] [39mDEBUG[0;39m [36mxiaozhi.modules.timbre.dao.TimbreDao.selectById[0;39m - ==> Parameters: TTS_DoubaoTTS0001(String)
2026-07-14 20:13:34.719 [http-nio-8002-exec-24] [39mDEBUG[0;39m [36mxiaozhi.modules.timbre.dao.TimbreDao.selectById[0;39m - <==      Total: 1
2026-07-14 20:13:34.724 [http-nio-8002-exec-24] [39mDEBUG[0;39m [36mx.m.d.dao.DeviceDao.getAllLastConnectedAtByAgentId[0;39m - ==>  Preparing: SELECT last_connected_at FROM ai_device WHERE agent_id = ? order by last_connected_at desc limit 0,1
2026-07-14 20:13:34.724 [http-nio-8002-exec-24] [39mDEBUG[0;39m [36mx.m.d.dao.DeviceDao.getAllLastConnectedAtByAgentId[0;39m - ==> Parameters: 859ee126bade45d5a01efbad3fa4c1b0(String)
2026-07-14 20:13:34.726 [http-nio-8002-exec-24] [39mDEBUG[0;39m [36mx.m.d.dao.DeviceDao.getAllLastConnectedAtByAgentId[0;39m - <==      Total: 0
2026-07-14 20:14:07.203 [http-nio-8002-exec-25] [39mDEBUG[0;39m [36mx.modules.security.dao.SysUserTokenDao.getByToken[0;39m - ==>  Preparing: select * from sys_user_token where token = ?
2026-07-14 20:14:07.203 [http-nio-8002-exec-25] [39mDEBUG[0;39m [36mx.modules.security.dao.SysUserTokenDao.getByToken[0;39m - ==> Parameters: 0e24e93fd0ce496ebfe4759d9dcec3c5(String)
2026-07-14 20:14:07.205 [http-nio-8002-exec-25] [39mDEBUG[0;39m [36mx.modules.security.dao.SysUserTokenDao.getByToken[0;39m - <==      Total: 1
2026-07-14 20:14:07.207 [http-nio-8002-exec-25] [39mDEBUG[0;39m [36mxiaozhi.modules.sys.dao.SysUserDao.selectById[0;39m - ==>  Preparing: SELECT id,username,password,super_admin,status,head_url,updater,update_date,creator,create_date FROM sys_user WHERE id=?
2026-07-14 20:14:07.207 [http-nio-8002-exec-25] [39mDEBUG[0;39m [36mxiaozhi.modules.sys.dao.SysUserDao.selectById[0;39m - ==> Parameters: 2076997049127047169(Long)
2026-07-14 20:14:07.208 [http-nio-8002-exec-25] [39mDEBUG[0;39m [36mxiaozhi.modules.sys.dao.SysUserDao.selectById[0;39m - <==      Total: 1
2026-07-14 20:14:07.210 [http-nio-8002-exec-25] [39mDEBUG[0;39m [36mxiaozhi.modules.sys.dao.SysUserDao.selectById[0;39m - ==>  Preparing: SELECT id,username,password,super_admin,status,head_url,updater,update_date,creator,create_date FROM sys_user WHERE id=?
2026-07-14 20:14:07.211 [http-nio-8002-exec-25] [39mDEBUG[0;39m [36mxiaozhi.modules.sys.dao.SysUserDao.selectById[0;39m - ==> Parameters: 2076997049127047169(Long)
2026-07-14 20:14:07.213 [http-nio-8002-exec-25] [39mDEBUG[0;39m [36mxiaozhi.modules.sys.dao.SysUserDao.selectById[0;39m - <==      Total: 1
2026-07-14 20:14:08.825 [http-nio-8002-exec-26] [39mDEBUG[0;39m [36mx.modules.security.dao.SysUserTokenDao.getByToken[0;39m - ==>  Preparing: select * from sys_user_token where token = ?
2026-07-14 20:14:08.825 [http-nio-8002-exec-26] [39mDEBUG[0;39m [36mx.modules.security.dao.SysUserTokenDao.getByToken[0;39m - ==> Parameters: 0e24e93fd0ce496ebfe4759d9dcec3c5(String)
2026-07-14 20:14:08.827 [http-nio-8002-exec-26] [39mDEBUG[0;39m [36mx.modules.security.dao.SysUserTokenDao.getByToken[0;39m - <==      Total: 1
2026-07-14 20:14:08.827 [http-nio-8002-exec-26] [39mDEBUG[0;39m [36mxiaozhi.modules.sys.dao.SysUserDao.selectById[0;39m - ==>  Preparing: SELECT id,username,password,super_admin,status,head_url,updater,update_date,creator,create_date FROM sys_user WHERE id=?
2026-07-14 20:14:08.829 [http-nio-8002-exec-26] [39mDEBUG[0;39m [36mxiaozhi.modules.sys.dao.SysUserDao.selectById[0;39m - ==> Parameters: 2076997049127047169(Long)
2026-07-14 20:14:08.830 [http-nio-8002-exec-26] [39mDEBUG[0;39m [36mxiaozhi.modules.sys.dao.SysUserDao.selectById[0;39m - <==      Total: 1
2026-07-14 20:14:08.833 [http-nio-8002-exec-26] [39mDEBUG[0;39m [36mxiaozhi.modules.sys.dao.SysUserDao.selectById[0;39m - ==>  Preparing: SELECT id,username,password,super_admin,status,head_url,updater,update_date,creator,create_date FROM sys_user WHERE id=?
2026-07-14 20:14:08.834 [http-nio-8002-exec-26] [39mDEBUG[0;39m [36mxiaozhi.modules.sys.dao.SysUserDao.selectById[0;39m - ==> Parameters: 2076997049127047169(Long)
2026-07-14 20:14:08.835 [http-nio-8002-exec-26] [39mDEBUG[0;39m [36mxiaozhi.modules.sys.dao.SysUserDao.selectById[0;39m - <==      Total: 1
2026-07-14 20:14:10.986 [http-nio-8002-exec-27] [39mDEBUG[0;39m [36mx.modules.security.dao.SysUserTokenDao.getByToken[0;39m - ==>  Preparing: select * from sys_user_token where token = ?
2026-07-14 20:14:10.986 [http-nio-8002-exec-27] [39mDEBUG[0;39m [36mx.modules.security.dao.SysUserTokenDao.getByToken[0;39m - ==> Parameters: 0e24e93fd0ce496ebfe4759d9dcec3c5(String)
2026-07-14 20:14:10.988 [http-nio-8002-exec-27] [39mDEBUG[0;39m [36mx.modules.security.dao.SysUserTokenDao.getByToken[0;39m - <==      Total: 1
2026-07-14 20:14:10.989 [http-nio-8002-exec-27] [39mDEBUG[0;39m [36mxiaozhi.modules.sys.dao.SysUserDao.selectById[0;39m - ==>  Preparing: SELECT id,username,password,super_admin,status,head_url,updater,update_date,creator,create_date FROM sys_user WHERE id=?
2026-07-14 20:14:10.989 [http-nio-8002-exec-27] [39mDEBUG[0;39m [36mxiaozhi.modules.sys.dao.SysUserDao.selectById[0;39m - ==> Parameters: 2076997049127047169(Long)
2026-07-14 20:14:10.991 [http-nio-8002-exec-27] [39mDEBUG[0;39m [36mxiaozhi.modules.sys.dao.SysUserDao.selectById[0;39m - <==      Total: 1
2026-07-14 20:14:10.993 [http-nio-8002-exec-27] [39mDEBUG[0;39m [36mxiaozhi.modules.sys.dao.SysUserDao.selectById[0;39m - ==>  Preparing: SELECT id,username,password,super_admin,status,head_url,updater,update_date,creator,create_date FROM sys_user WHERE id=?
2026-07-14 20:14:10.993 [http-nio-8002-exec-27] [39mDEBUG[0;39m [36mxiaozhi.modules.sys.dao.SysUserDao.selectById[0;39m - ==> Parameters: 2076997049127047169(Long)
2026-07-14 20:14:10.995 [http-nio-8002-exec-27] [39mDEBUG[0;39m [36mxiaozhi.modules.sys.dao.SysUserDao.selectById[0;39m - <==      Total: 1
2026-07-14 20:14:28.663 [http-nio-8002-exec-29] [39mDEBUG[0;39m [36mx.modules.security.dao.SysUserTokenDao.getByToken[0;39m - ==>  Preparing: select * from sys_user_token where token = ?
2026-07-14 20:14:28.663 [http-nio-8002-exec-29] [39mDEBUG[0;39m [36mx.modules.security.dao.SysUserTokenDao.getByToken[0;39m - ==> Parameters: 0e24e93fd0ce496ebfe4759d9dcec3c5(String)
2026-07-14 20:14:28.665 [http-nio-8002-exec-29] [39mDEBUG[0;39m [36mx.modules.security.dao.SysUserTokenDao.getByToken[0;39m - <==      Total: 1
2026-07-14 20:14:28.666 [http-nio-8002-exec-29] [39mDEBUG[0;39m [36mxiaozhi.modules.sys.dao.SysUserDao.selectById[0;39m - ==>  Preparing: SELECT id,username,password,super_admin,status,head_url,updater,update_date,creator,create_date FROM sys_user WHERE id=?
2026-07-14 20:14:28.667 [http-nio-8002-exec-29] [39mDEBUG[0;39m [36mxiaozhi.modules.sys.dao.SysUserDao.selectById[0;39m - ==> Parameters: 2076997049127047169(Long)
2026-07-14 20:14:28.668 [http-nio-8002-exec-29] [39mDEBUG[0;39m [36mxiaozhi.modules.sys.dao.SysUserDao.selectById[0;39m - <==      Total: 1
2026-07-14 20:14:28.669 [http-nio-8002-exec-29] [39mDEBUG[0;39m [36mxiaozhi.modules.sys.dao.SysUserDao.selectById[0;39m - ==>  Preparing: SELECT id,username,password,super_admin,status,head_url,updater,update_date,creator,create_date FROM sys_user WHERE id=?
2026-07-14 20:14:28.670 [http-nio-8002-exec-29] [39mDEBUG[0;39m [36mxiaozhi.modules.sys.dao.SysUserDao.selectById[0;39m - ==> Parameters: 2076997049127047169(Long)
2026-07-14 20:14:28.672 [http-nio-8002-exec-29] [39mDEBUG[0;39m [36mxiaozhi.modules.sys.dao.SysUserDao.selectById[0;39m - <==      Total: 1
2026-07-14 20:14:30.981 [http-nio-8002-exec-28] [39mDEBUG[0;39m [36mx.modules.security.dao.SysUserTokenDao.getByToken[0;39m - ==>  Preparing: select * from sys_user_token where token = ?
2026-07-14 20:14:30.981 [http-nio-8002-exec-28] [39mDEBUG[0;39m [36mx.modules.security.dao.SysUserTokenDao.getByToken[0;39m - ==> Parameters: 0e24e93fd0ce496ebfe4759d9dcec3c5(String)
2026-07-14 20:14:30.983 [http-nio-8002-exec-28] [39mDEBUG[0;39m [36mx.modules.security.dao.SysUserTokenDao.getByToken[0;39m - <==      Total: 1
2026-07-14 20:14:30.984 [http-nio-8002-exec-28] [39mDEBUG[0;39m [36mxiaozhi.modules.sys.dao.SysUserDao.selectById[0;39m - ==>  Preparing: SELECT id,username,password,super_admin,status,head_url,updater,update_date,creator,create_date FROM sys_user WHERE id=?
2026-07-14 20:14:30.984 [http-nio-8002-exec-28] [39mDEBUG[0;39m [36mxiaozhi.modules.sys.dao.SysUserDao.selectById[0;39m - ==> Parameters: 2076997049127047169(Long)
2026-07-14 20:14:30.986 [http-nio-8002-exec-28] [39mDEBUG[0;39m [36mxiaozhi.modules.sys.dao.SysUserDao.selectById[0;39m - <==      Total: 1
2026-07-14 20:14:30.988 [http-nio-8002-exec-28] [39mDEBUG[0;39m [36mxiaozhi.modules.sys.dao.SysUserDao.selectById[0;39m - ==>  Preparing: SELECT id,username,password,super_admin,status,head_url,updater,update_date,creator,create_date FROM sys_user WHERE id=?
2026-07-14 20:14:30.988 [http-nio-8002-exec-28] [39mDEBUG[0;39m [36mxiaozhi.modules.sys.dao.SysUserDao.selectById[0;39m - ==> Parameters: 2076997049127047169(Long)
2026-07-14 20:14:30.990 [http-nio-8002-exec-28] [39mDEBUG[0;39m [36mxiaozhi.modules.sys.dao.SysUserDao.selectById[0;39m - <==      Total: 1
2026-07-14 20:14:32.846 [http-nio-8002-exec-30] [39mDEBUG[0;39m [36mx.modules.security.dao.SysUserTokenDao.getByToken[0;39m - ==>  Preparing: select * from sys_user_token where token = ?
2026-07-14 20:14:32.846 [http-nio-8002-exec-30] [39mDEBUG[0;39m [36mx.modules.security.dao.SysUserTokenDao.getByToken[0;39m - ==> Parameters: 0e24e93fd0ce496ebfe4759d9dcec3c5(String)
2026-07-14 20:14:32.849 [http-nio-8002-exec-30] [39mDEBUG[0;39m [36mx.modules.security.dao.SysUserTokenDao.getByToken[0;39m - <==      Total: 1
2026-07-14 20:14:32.850 [http-nio-8002-exec-30] [39mDEBUG[0;39m [36mxiaozhi.modules.sys.dao.SysUserDao.selectById[0;39m - ==>  Preparing: SELECT id,username,password,super_admin,status,head_url,updater,update_date,creator,create_date FROM sys_user WHERE id=?
2026-07-14 20:14:32.850 [http-nio-8002-exec-30] [39mDEBUG[0;39m [36mxiaozhi.modules.sys.dao.SysUserDao.selectById[0;39m - ==> Parameters: 2076997049127047169(Long)
2026-07-14 20:14:32.851 [http-nio-8002-exec-30] [39mDEBUG[0;39m [36mxiaozhi.modules.sys.dao.SysUserDao.selectById[0;39m - <==      Total: 1
2026-07-14 20:14:32.853 [http-nio-8002-exec-30] [39mDEBUG[0;39m [36mxiaozhi.modules.sys.dao.SysUserDao.selectById[0;39m - ==>  Preparing: SELECT id,username,password,super_admin,status,head_url,updater,update_date,creator,create_date FROM sys_user WHERE id=?
2026-07-14 20:14:32.854 [http-nio-8002-exec-30] [39mDEBUG[0;39m [36mxiaozhi.modules.sys.dao.SysUserDao.selectById[0;39m - ==> Parameters: 2076997049127047169(Long)
2026-07-14 20:14:32.856 [http-nio-8002-exec-30] [39mDEBUG[0;39m [36mxiaozhi.modules.sys.dao.SysUserDao.selectById[0;39m - <==      Total: 1
2026-07-14 20:14:58.614 [http-nio-8002-exec-2] [39mDEBUG[0;39m [36mx.modules.security.dao.SysUserTokenDao.getByToken[0;39m - ==>  Preparing: select * from sys_user_token where token = ?
2026-07-14 20:14:58.614 [http-nio-8002-exec-2] [39mDEBUG[0;39m [36mx.modules.security.dao.SysUserTokenDao.getByToken[0;39m - ==> Parameters: 0e24e93fd0ce496ebfe4759d9dcec3c5(String)
2026-07-14 20:14:58.617 [http-nio-8002-exec-2] [39mDEBUG[0;39m [36mx.modules.security.dao.SysUserTokenDao.getByToken[0;39m - <==      Total: 1
2026-07-14 20:14:58.617 [http-nio-8002-exec-2] [39mDEBUG[0;39m [36mxiaozhi.modules.sys.dao.SysUserDao.selectById[0;39m - ==>  Preparing: SELECT id,username,password,super_admin,status,head_url,updater,update_date,creator,create_date FROM sys_user WHERE id=?
2026-07-14 20:14:58.617 [http-nio-8002-exec-2] [39mDEBUG[0;39m [36mxiaozhi.modules.sys.dao.SysUserDao.selectById[0;39m - ==> Parameters: 2076997049127047169(Long)
2026-07-14 20:14:58.619 [http-nio-8002-exec-2] [39mDEBUG[0;39m [36mxiaozhi.modules.sys.dao.SysUserDao.selectById[0;39m - <==      Total: 1
2026-07-14 20:14:58.621 [http-nio-8002-exec-2] [39mDEBUG[0;39m [36mxiaozhi.modules.sys.dao.SysUserDao.selectById[0;39m - ==>  Preparing: SELECT id,username,password,super_admin,status,head_url,updater,update_date,creator,create_date FROM sys_user WHERE id=?
2026-07-14 20:14:58.622 [http-nio-8002-exec-2] [39mDEBUG[0;39m [36mxiaozhi.modules.sys.dao.SysUserDao.selectById[0;39m - ==> Parameters: 2076997049127047169(Long)
2026-07-14 20:14:58.624 [http-nio-8002-exec-2] [39mDEBUG[0;39m [36mxiaozhi.modules.sys.dao.SysUserDao.selectById[0;39m - <==      Total: 1
2026-07-14 20:14:59.045 [http-nio-8002-exec-1] [39mDEBUG[0;39m [36mx.modules.security.dao.SysUserTokenDao.getByToken[0;39m - ==>  Preparing: select * from sys_user_token where token = ?
2026-07-14 20:14:59.045 [http-nio-8002-exec-1] [39mDEBUG[0;39m [36mx.modules.security.dao.SysUserTokenDao.getByToken[0;39m - ==> Parameters: 0e24e93fd0ce496ebfe4759d9dcec3c5(String)
2026-07-14 20:14:59.047 [http-nio-8002-exec-1] [39mDEBUG[0;39m [36mx.modules.security.dao.SysUserTokenDao.getByToken[0;39m - <==      Total: 1
2026-07-14 20:14:59.048 [http-nio-8002-exec-1] [39mDEBUG[0;39m [36mxiaozhi.modules.sys.dao.SysUserDao.selectById[0;39m - ==>  Preparing: SELECT id,username,password,super_admin,status,head_url,updater,update_date,creator,create_date FROM sys_user WHERE id=?
2026-07-14 20:14:59.048 [http-nio-8002-exec-1] [39mDEBUG[0;39m [36mxiaozhi.modules.sys.dao.SysUserDao.selectById[0;39m - ==> Parameters: 2076997049127047169(Long)
2026-07-14 20:14:59.050 [http-nio-8002-exec-1] [39mDEBUG[0;39m [36mxiaozhi.modules.sys.dao.SysUserDao.selectById[0;39m - <==      Total: 1
2026-07-14 20:14:59.052 [http-nio-8002-exec-1] [39mDEBUG[0;39m [36mxiaozhi.modules.sys.dao.SysUserDao.selectById[0;39m - ==>  Preparing: SELECT id,username,password,super_admin,status,head_url,updater,update_date,creator,create_date FROM sys_user WHERE id=?
2026-07-14 20:14:59.052 [http-nio-8002-exec-1] [39mDEBUG[0;39m [36mxiaozhi.modules.sys.dao.SysUserDao.selectById[0;39m - ==> Parameters: 2076997049127047169(Long)
2026-07-14 20:14:59.054 [http-nio-8002-exec-1] [39mDEBUG[0;39m [36mxiaozhi.modules.sys.dao.SysUserDao.selectById[0;39m - <==      Total: 1
2026-07-14 20:14:59.734 [http-nio-8002-exec-3] [39mDEBUG[0;39m [36mx.modules.security.dao.SysUserTokenDao.getByToken[0;39m - ==>  Preparing: select * from sys_user_token where token = ?
2026-07-14 20:14:59.735 [http-nio-8002-exec-3] [39mDEBUG[0;39m [36mx.modules.security.dao.SysUserTokenDao.getByToken[0;39m - ==> Parameters: 0e24e93fd0ce496ebfe4759d9dcec3c5(String)
2026-07-14 20:14:59.736 [http-nio-8002-exec-3] [39mDEBUG[0;39m [36mx.modules.security.dao.SysUserTokenDao.getByToken[0;39m - <==      Total: 1
2026-07-14 20:14:59.738 [http-nio-8002-exec-3] [39mDEBUG[0;39m [36mxiaozhi.modules.sys.dao.SysUserDao.selectById[0;39m - ==>  Preparing: SELECT id,username,password,super_admin,status,head_url,updater,update_date,creator,create_date FROM sys_user WHERE id=?
2026-07-14 20:14:59.738 [http-nio-8002-exec-3] [39mDEBUG[0;39m [36mxiaozhi.modules.sys.dao.SysUserDao.selectById[0;39m - ==> Parameters: 2076997049127047169(Long)
2026-07-14 20:14:59.739 [http-nio-8002-exec-3] [39mDEBUG[0;39m [36mxiaozhi.modules.sys.dao.SysUserDao.selectById[0;39m - <==      Total: 1
2026-07-14 20:14:59.741 [http-nio-8002-exec-3] [39mDEBUG[0;39m [36mxiaozhi.modules.sys.dao.SysUserDao.selectById[0;39m - ==>  Preparing: SELECT id,username,password,super_admin,status,head_url,updater,update_date,creator,create_date FROM sys_user WHERE id=?
2026-07-14 20:14:59.741 [http-nio-8002-exec-3] [39mDEBUG[0;39m [36mxiaozhi.modules.sys.dao.SysUserDao.selectById[0;39m - ==> Parameters: 2076997049127047169(Long)
2026-07-14 20:14:59.743 [http-nio-8002-exec-3] [39mDEBUG[0;39m [36mxiaozhi.modules.sys.dao.SysUserDao.selectById[0;39m - <==      Total: 1
2026-07-14 20:15:00.770 [http-nio-8002-exec-4] [39mDEBUG[0;39m [36mx.modules.security.dao.SysUserTokenDao.getByToken[0;39m - ==>  Preparing: select * from sys_user_token where token = ?
2026-07-14 20:15:00.771 [http-nio-8002-exec-4] [39mDEBUG[0;39m [36mx.modules.security.dao.SysUserTokenDao.getByToken[0;39m - ==> Parameters: 0e24e93fd0ce496ebfe4759d9dcec3c5(String)
2026-07-14 20:15:00.773 [http-nio-8002-exec-4] [39mDEBUG[0;39m [36mx.modules.security.dao.SysUserTokenDao.getByToken[0;39m - <==      Total: 1
2026-07-14 20:15:00.774 [http-nio-8002-exec-4] [39mDEBUG[0;39m [36mxiaozhi.modules.sys.dao.SysUserDao.selectById[0;39m - ==>  Preparing: SELECT id,username,password,super_admin,status,head_url,updater,update_date,creator,create_date FROM sys_user WHERE id=?
2026-07-14 20:15:00.774 [http-nio-8002-exec-4] [39mDEBUG[0;39m [36mxiaozhi.modules.sys.dao.SysUserDao.selectById[0;39m - ==> Parameters: 2076997049127047169(Long)
2026-07-14 20:15:00.776 [http-nio-8002-exec-4] [39mDEBUG[0;39m [36mxiaozhi.modules.sys.dao.SysUserDao.selectById[0;39m - <==      Total: 1
2026-07-14 20:15:00.778 [http-nio-8002-exec-4] [39mDEBUG[0;39m [36mxiaozhi.modules.sys.dao.SysUserDao.selectById[0;39m - ==>  Preparing: SELECT id,username,password,super_admin,status,head_url,updater,update_date,creator,create_date FROM sys_user WHERE id=?
2026-07-14 20:15:00.779 [http-nio-8002-exec-4] [39mDEBUG[0;39m [36mxiaozhi.modules.sys.dao.SysUserDao.selectById[0;39m - ==> Parameters: 2076997049127047169(Long)
2026-07-14 20:15:00.781 [http-nio-8002-exec-4] [39mDEBUG[0;39m [36mxiaozhi.modules.sys.dao.SysUserDao.selectById[0;39m - <==      Total: 1
2026-07-14 20:15:02.546 [http-nio-8002-exec-5] [39mDEBUG[0;39m [36mx.modules.security.dao.SysUserTokenDao.getByToken[0;39m - ==>  Preparing: select * from sys_user_token where token = ?
2026-07-14 20:15:02.546 [http-nio-8002-exec-5] [39mDEBUG[0;39m [36mx.modules.security.dao.SysUserTokenDao.getByToken[0;39m - ==> Parameters: 0e24e93fd0ce496ebfe4759d9dcec3c5(String)
2026-07-14 20:15:02.548 [http-nio-8002-exec-5] [39mDEBUG[0;39m [36mx.modules.security.dao.SysUserTokenDao.getByToken[0;39m - <==      Total: 1
2026-07-14 20:15:02.548 [http-nio-8002-exec-5] [39mDEBUG[0;39m [36mxiaozhi.modules.sys.dao.SysUserDao.selectById[0;39m - ==>  Preparing: SELECT id,username,password,super_admin,status,head_url,updater,update_date,creator,create_date FROM sys_user WHERE id=?
2026-07-14 20:15:02.549 [http-nio-8002-exec-5] [39mDEBUG[0;39m [36mxiaozhi.modules.sys.dao.SysUserDao.selectById[0;39m - ==> Parameters: 2076997049127047169(Long)
2026-07-14 20:15:02.551 [http-nio-8002-exec-5] [39mDEBUG[0;39m [36mxiaozhi.modules.sys.dao.SysUserDao.selectById[0;39m - <==      Total: 1
2026-07-14 20:15:02.552 [http-nio-8002-exec-5] [39mDEBUG[0;39m [36mxiaozhi.modules.sys.dao.SysUserDao.selectById[0;39m - ==>  Preparing: SELECT id,username,password,super_admin,status,head_url,updater,update_date,creator,create_date FROM sys_user WHERE id=?
2026-07-14 20:15:02.552 [http-nio-8002-exec-5] [39mDEBUG[0;39m [36mxiaozhi.modules.sys.dao.SysUserDao.selectById[0;39m - ==> Parameters: 2076997049127047169(Long)
2026-07-14 20:15:02.556 [http-nio-8002-exec-5] [39mDEBUG[0;39m [36mxiaozhi.modules.sys.dao.SysUserDao.selectById[0;39m - <==      Total: 1
2026-07-14 20:15:03.048 [http-nio-8002-exec-6] [39mDEBUG[0;39m [36mx.modules.security.dao.SysUserTokenDao.getByToken[0;39m - ==>  Preparing: select * from sys_user_token where token = ?
2026-07-14 20:15:03.048 [http-nio-8002-exec-6] [39mDEBUG[0;39m [36mx.modules.security.dao.SysUserTokenDao.getByToken[0;39m - ==> Parameters: 0e24e93fd0ce496ebfe4759d9dcec3c5(String)
2026-07-14 20:15:03.050 [http-nio-8002-exec-6] [39mDEBUG[0;39m [36mx.modules.security.dao.SysUserTokenDao.getByToken[0;39m - <==      Total: 1
2026-07-14 20:15:03.051 [http-nio-8002-exec-6] [39mDEBUG[0;39m [36mxiaozhi.modules.sys.dao.SysUserDao.selectById[0;39m - ==>  Preparing: SELECT id,username,password,super_admin,status,head_url,updater,update_date,creator,create_date FROM sys_user WHERE id=?
2026-07-14 20:15:03.051 [http-nio-8002-exec-6] [39mDEBUG[0;39m [36mxiaozhi.modules.sys.dao.SysUserDao.selectById[0;39m - ==> Parameters: 2076997049127047169(Long)
2026-07-14 20:15:03.053 [http-nio-8002-exec-6] [39mDEBUG[0;39m [36mxiaozhi.modules.sys.dao.SysUserDao.selectById[0;39m - <==      Total: 1
2026-07-14 20:15:03.054 [http-nio-8002-exec-6] [39mDEBUG[0;39m [36mxiaozhi.modules.sys.dao.SysUserDao.selectById[0;39m - ==>  Preparing: SELECT id,username,password,super_admin,status,head_url,updater,update_date,creator,create_date FROM sys_user WHERE id=?
2026-07-14 20:15:03.055 [http-nio-8002-exec-6] [39mDEBUG[0;39m [36mxiaozhi.modules.sys.dao.SysUserDao.selectById[0;39m - ==> Parameters: 2076997049127047169(Long)
2026-07-14 20:15:03.056 [http-nio-8002-exec-6] [39mDEBUG[0;39m [36mxiaozhi.modules.sys.dao.SysUserDao.selectById[0;39m - <==      Total: 1
2026-07-14 20:15:03.279 [http-nio-8002-exec-7] [39mDEBUG[0;39m [36mx.modules.security.dao.SysUserTokenDao.getByToken[0;39m - ==>  Preparing: select * from sys_user_token where token = ?
2026-07-14 20:15:03.279 [http-nio-8002-exec-7] [39mDEBUG[0;39m [36mx.modules.security.dao.SysUserTokenDao.getByToken[0;39m - ==> Parameters: 0e24e93fd0ce496ebfe4759d9dcec3c5(String)
2026-07-14 20:15:03.280 [http-nio-8002-exec-7] [39mDEBUG[0;39m [36mx.modules.security.dao.SysUserTokenDao.getByToken[0;39m - <==      Total: 1
2026-07-14 20:15:03.281 [http-nio-8002-exec-7] [39mDEBUG[0;39m [36mxiaozhi.modules.sys.dao.SysUserDao.selectById[0;39m - ==>  Preparing: SELECT id,username,password,super_admin,status,head_url,updater,update_date,creator,create_date FROM sys_user WHERE id=?
2026-07-14 20:15:03.281 [http-nio-8002-exec-7] [39mDEBUG[0;39m [36mxiaozhi.modules.sys.dao.SysUserDao.selectById[0;39m - ==> Parameters: 2076997049127047169(Long)
2026-07-14 20:15:03.284 [http-nio-8002-exec-7] [39mDEBUG[0;39m [36mxiaozhi.modules.sys.dao.SysUserDao.selectById[0;39m - <==      Total: 1
2026-07-14 20:15:03.286 [http-nio-8002-exec-7] [39mDEBUG[0;39m [36mxiaozhi.modules.sys.dao.SysUserDao.selectById[0;39m - ==>  Preparing: SELECT id,username,password,super_admin,status,head_url,updater,update_date,creator,create_date FROM sys_user WHERE id=?
2026-07-14 20:15:03.286 [http-nio-8002-exec-7] [39mDEBUG[0;39m [36mxiaozhi.modules.sys.dao.SysUserDao.selectById[0;39m - ==> Parameters: 2076997049127047169(Long)
2026-07-14 20:15:03.288 [http-nio-8002-exec-7] [39mDEBUG[0;39m [36mxiaozhi.modules.sys.dao.SysUserDao.selectById[0;39m - <==      Total: 1
2026-07-14 20:15:03.703 [http-nio-8002-exec-9] [39mDEBUG[0;39m [36mx.modules.security.dao.SysUserTokenDao.getByToken[0;39m - ==>  Preparing: select * from sys_user_token where token = ?
2026-07-14 20:15:03.704 [http-nio-8002-exec-9] [39mDEBUG[0;39m [36mx.modules.security.dao.SysUserTokenDao.getByToken[0;39m - ==> Parameters: 0e24e93fd0ce496ebfe4759d9dcec3c5(String)
2026-07-14 20:15:03.706 [http-nio-8002-exec-9] [39mDEBUG[0;39m [36mx.modules.security.dao.SysUserTokenDao.getByToken[0;39m - <==      Total: 1
2026-07-14 20:15:03.707 [http-nio-8002-exec-9] [39mDEBUG[0;39m [36mxiaozhi.modules.sys.dao.SysUserDao.selectById[0;39m - ==>  Preparing: SELECT id,username,password,super_admin,status,head_url,updater,update_date,creator,create_date FROM sys_user WHERE id=?
2026-07-14 20:15:03.707 [http-nio-8002-exec-9] [39mDEBUG[0;39m [36mxiaozhi.modules.sys.dao.SysUserDao.selectById[0;39m - ==> Parameters: 2076997049127047169(Long)
2026-07-14 20:15:03.709 [http-nio-8002-exec-9] [39mDEBUG[0;39m [36mxiaozhi.modules.sys.dao.SysUserDao.selectById[0;39m - <==      Total: 1
2026-07-14 20:15:03.711 [http-nio-8002-exec-9] [39mDEBUG[0;39m [36mxiaozhi.modules.sys.dao.SysUserDao.selectById[0;39m - ==>  Preparing: SELECT id,username,password,super_admin,status,head_url,updater,update_date,creator,create_date FROM sys_user WHERE id=?
2026-07-14 20:15:03.711 [http-nio-8002-exec-9] [39mDEBUG[0;39m [36mxiaozhi.modules.sys.dao.SysUserDao.selectById[0;39m - ==> Parameters: 2076997049127047169(Long)
2026-07-14 20:15:03.713 [http-nio-8002-exec-9] [39mDEBUG[0;39m [36mxiaozhi.modules.sys.dao.SysUserDao.selectById[0;39m - <==      Total: 1
2026-07-14 20:15:04.070 [http-nio-8002-exec-10] [39mDEBUG[0;39m [36mx.modules.security.dao.SysUserTokenDao.getByToken[0;39m - ==>  Preparing: select * from sys_user_token where token = ?
2026-07-14 20:15:04.071 [http-nio-8002-exec-10] [39mDEBUG[0;39m [36mx.modules.security.dao.SysUserTokenDao.getByToken[0;39m - ==> Parameters: 0e24e93fd0ce496ebfe4759d9dcec3c5(String)
2026-07-14 20:15:04.073 [http-nio-8002-exec-10] [39mDEBUG[0;39m [36mx.modules.security.dao.SysUserTokenDao.getByToken[0;39m - <==      Total: 1
2026-07-14 20:15:04.074 [http-nio-8002-exec-10] [39mDEBUG[0;39m [36mxiaozhi.modules.sys.dao.SysUserDao.selectById[0;39m - ==>  Preparing: SELECT id,username,password,super_admin,status,head_url,updater,update_date,creator,create_date FROM sys_user WHERE id=?
2026-07-14 20:15:04.074 [http-nio-8002-exec-10] [39mDEBUG[0;39m [36mxiaozhi.modules.sys.dao.SysUserDao.selectById[0;39m - ==> Parameters: 2076997049127047169(Long)
2026-07-14 20:15:04.076 [http-nio-8002-exec-10] [39mDEBUG[0;39m [36mxiaozhi.modules.sys.dao.SysUserDao.selectById[0;39m - <==      Total: 1
2026-07-14 20:15:04.078 [http-nio-8002-exec-10] [39mDEBUG[0;39m [36mxiaozhi.modules.sys.dao.SysUserDao.selectById[0;39m - ==>  Preparing: SELECT id,username,password,super_admin,status,head_url,updater,update_date,creator,create_date FROM sys_user WHERE id=?
2026-07-14 20:15:04.079 [http-nio-8002-exec-10] [39mDEBUG[0;39m [36mxiaozhi.modules.sys.dao.SysUserDao.selectById[0;39m - ==> Parameters: 2076997049127047169(Long)
2026-07-14 20:15:04.081 [http-nio-8002-exec-10] [39mDEBUG[0;39m [36mxiaozhi.modules.sys.dao.SysUserDao.selectById[0;39m - <==      Total: 1
2026-07-14 20:15:04.317 [http-nio-8002-exec-8] [39mDEBUG[0;39m [36mx.modules.security.dao.SysUserTokenDao.getByToken[0;39m - ==>  Preparing: select * from sys_user_token where token = ?
2026-07-14 20:15:04.318 [http-nio-8002-exec-8] [39mDEBUG[0;39m [36mx.modules.security.dao.SysUserTokenDao.getByToken[0;39m - ==> Parameters: 0e24e93fd0ce496ebfe4759d9dcec3c5(String)
2026-07-14 20:15:04.320 [http-nio-8002-exec-8] [39mDEBUG[0;39m [36mx.modules.security.dao.SysUserTokenDao.getByToken[0;39m - <==      Total: 1
2026-07-14 20:15:04.320 [http-nio-8002-exec-8] [39mDEBUG[0;39m [36mxiaozhi.modules.sys.dao.SysUserDao.selectById[0;39m - ==>  Preparing: SELECT id,username,password,super_admin,status,head_url,updater,update_date,creator,create_date FROM sys_user WHERE id=?
2026-07-14 20:15:04.321 [http-nio-8002-exec-8] [39mDEBUG[0;39m [36mxiaozhi.modules.sys.dao.SysUserDao.selectById[0;39m - ==> Parameters: 2076997049127047169(Long)
2026-07-14 20:15:04.323 [http-nio-8002-exec-8] [39mDEBUG[0;39m [36mxiaozhi.modules.sys.dao.SysUserDao.selectById[0;39m - <==      Total: 1
2026-07-14 20:15:04.324 [http-nio-8002-exec-8] [39mDEBUG[0;39m [36mxiaozhi.modules.sys.dao.SysUserDao.selectById[0;39m - ==>  Preparing: SELECT id,username,password,super_admin,status,head_url,updater,update_date,creator,create_date FROM sys_user WHERE id=?
2026-07-14 20:15:04.325 [http-nio-8002-exec-8] [39mDEBUG[0;39m [36mxiaozhi.modules.sys.dao.SysUserDao.selectById[0;39m - ==> Parameters: 2076997049127047169(Long)
2026-07-14 20:15:04.327 [http-nio-8002-exec-8] [39mDEBUG[0;39m [36mxiaozhi.modules.sys.dao.SysUserDao.selectById[0;39m - <==      Total: 1
2026-07-14 20:15:05.144 [http-nio-8002-exec-12] [39mDEBUG[0;39m [36mx.modules.security.dao.SysUserTokenDao.getByToken[0;39m - ==>  Preparing: select * from sys_user_token where token = ?
2026-07-14 20:15:05.145 [http-nio-8002-exec-12] [39mDEBUG[0;39m [36mx.modules.security.dao.SysUserTokenDao.getByToken[0;39m - ==> Parameters: 0e24e93fd0ce496ebfe4759d9dcec3c5(String)
2026-07-14 20:15:05.147 [http-nio-8002-exec-12] [39mDEBUG[0;39m [36mx.modules.security.dao.SysUserTokenDao.getByToken[0;39m - <==      Total: 1
2026-07-14 20:15:05.148 [http-nio-8002-exec-12] [39mDEBUG[0;39m [36mxiaozhi.modules.sys.dao.SysUserDao.selectById[0;39m - ==>  Preparing: SELECT id,username,password,super_admin,status,head_url,updater,update_date,creator,create_date FROM sys_user WHERE id=?
2026-07-14 20:15:05.149 [http-nio-8002-exec-12] [39mDEBUG[0;39m [36mxiaozhi.modules.sys.dao.SysUserDao.selectById[0;39m - ==> Parameters: 2076997049127047169(Long)
2026-07-14 20:15:05.150 [http-nio-8002-exec-12] [39mDEBUG[0;39m [36mxiaozhi.modules.sys.dao.SysUserDao.selectById[0;39m - <==      Total: 1
2026-07-14 20:15:05.152 [http-nio-8002-exec-12] [39mDEBUG[0;39m [36mxiaozhi.modules.sys.dao.SysUserDao.selectById[0;39m - ==>  Preparing: SELECT id,username,password,super_admin,status,head_url,updater,update_date,creator,create_date FROM sys_user WHERE id=?
2026-07-14 20:15:05.153 [http-nio-8002-exec-12] [39mDEBUG[0;39m [36mxiaozhi.modules.sys.dao.SysUserDao.selectById[0;39m - ==> Parameters: 2076997049127047169(Long)
2026-07-14 20:15:05.154 [http-nio-8002-exec-12] [39mDEBUG[0;39m [36mxiaozhi.modules.sys.dao.SysUserDao.selectById[0;39m - <==      Total: 1
2026-07-14 20:15:06.444 [http-nio-8002-exec-11] [39mDEBUG[0;39m [36mx.modules.security.dao.SysUserTokenDao.getByToken[0;39m - ==>  Preparing: select * from sys_user_token where token = ?
2026-07-14 20:15:06.446 [http-nio-8002-exec-11] [39mDEBUG[0;39m [36mx.modules.security.dao.SysUserTokenDao.getByToken[0;39m - ==> Parameters: 0e24e93fd0ce496ebfe4759d9dcec3c5(String)
2026-07-14 20:15:06.448 [http-nio-8002-exec-11] [39mDEBUG[0;39m [36mx.modules.security.dao.SysUserTokenDao.getByToken[0;39m - <==      Total: 1
2026-07-14 20:15:06.449 [http-nio-8002-exec-11] [39mDEBUG[0;39m [36mxiaozhi.modules.sys.dao.SysUserDao.selectById[0;39m - ==>  Preparing: SELECT id,username,password,super_admin,status,head_url,updater,update_date,creator,create_date FROM sys_user WHERE id=?
2026-07-14 20:15:06.449 [http-nio-8002-exec-11] [39mDEBUG[0;39m [36mxiaozhi.modules.sys.dao.SysUserDao.selectById[0;39m - ==> Parameters: 2076997049127047169(Long)
2026-07-14 20:15:06.451 [http-nio-8002-exec-11] [39mDEBUG[0;39m [36mxiaozhi.modules.sys.dao.SysUserDao.selectById[0;39m - <==      Total: 1
2026-07-14 20:15:06.454 [http-nio-8002-exec-11] [39mDEBUG[0;39m [36mxiaozhi.modules.sys.dao.SysUserDao.selectById[0;39m - ==>  Preparing: SELECT id,username,password,super_admin,status,head_url,updater,update_date,creator,create_date FROM sys_user WHERE id=?
2026-07-14 20:15:06.454 [http-nio-8002-exec-11] [39mDEBUG[0;39m [36mxiaozhi.modules.sys.dao.SysUserDao.selectById[0;39m - ==> Parameters: 2076997049127047169(Long)
2026-07-14 20:15:06.456 [http-nio-8002-exec-11] [39mDEBUG[0;39m [36mxiaozhi.modules.sys.dao.SysUserDao.selectById[0;39m - <==      Total: 1
2026-07-14 20:15:36.269 [http-nio-8002-exec-13] [39mDEBUG[0;39m [36mx.modules.security.dao.SysUserTokenDao.getByToken[0;39m - ==>  Preparing: select * from sys_user_token where token = ?
2026-07-14 20:15:36.269 [http-nio-8002-exec-13] [39mDEBUG[0;39m [36mx.modules.security.dao.SysUserTokenDao.getByToken[0;39m - ==> Parameters: 0e24e93fd0ce496ebfe4759d9dcec3c5(String)
2026-07-14 20:15:36.272 [http-nio-8002-exec-13] [39mDEBUG[0;39m [36mx.modules.security.dao.SysUserTokenDao.getByToken[0;39m - <==      Total: 1
2026-07-14 20:15:36.273 [http-nio-8002-exec-13] [39mDEBUG[0;39m [36mxiaozhi.modules.sys.dao.SysUserDao.selectById[0;39m - ==>  Preparing: SELECT id,username,password,super_admin,status,head_url,updater,update_date,creator,create_date FROM sys_user WHERE id=?
2026-07-14 20:15:36.274 [http-nio-8002-exec-13] [39mDEBUG[0;39m [36mxiaozhi.modules.sys.dao.SysUserDao.selectById[0;39m - ==> Parameters: 2076997049127047169(Long)
2026-07-14 20:15:36.276 [http-nio-8002-exec-13] [39mDEBUG[0;39m [36mxiaozhi.modules.sys.dao.SysUserDao.selectById[0;39m - <==      Total: 1
2026-07-14 20:15:36.278 [http-nio-8002-exec-13] [39mDEBUG[0;39m [36mxiaozhi.modules.sys.dao.SysUserDao.selectById[0;39m - ==>  Preparing: SELECT id,username,password,super_admin,status,head_url,updater,update_date,creator,create_date FROM sys_user WHERE id=?
2026-07-14 20:15:36.279 [http-nio-8002-exec-13] [39mDEBUG[0;39m [36mxiaozhi.modules.sys.dao.SysUserDao.selectById[0;39m - ==> Parameters: 2076997049127047169(Long)
2026-07-14 20:15:36.281 [http-nio-8002-exec-13] [39mDEBUG[0;39m [36mxiaozhi.modules.sys.dao.SysUserDao.selectById[0;39m - <==      Total: 1
2026-07-14 20:15:38.022 [http-nio-8002-exec-14] [39mDEBUG[0;39m [36mx.modules.security.dao.SysUserTokenDao.getByToken[0;39m - ==>  Preparing: select * from sys_user_token where token = ?
2026-07-14 20:15:38.023 [http-nio-8002-exec-14] [39mDEBUG[0;39m [36mx.modules.security.dao.SysUserTokenDao.getByToken[0;39m - ==> Parameters: 0e24e93fd0ce496ebfe4759d9dcec3c5(String)
2026-07-14 20:15:38.024 [http-nio-8002-exec-14] [39mDEBUG[0;39m [36mx.modules.security.dao.SysUserTokenDao.getByToken[0;39m - <==      Total: 1
2026-07-14 20:15:38.025 [http-nio-8002-exec-14] [39mDEBUG[0;39m [36mxiaozhi.modules.sys.dao.SysUserDao.selectById[0;39m - ==>  Preparing: SELECT id,username,password,super_admin,status,head_url,updater,update_date,creator,create_date FROM sys_user WHERE id=?
2026-07-14 20:15:38.025 [http-nio-8002-exec-14] [39mDEBUG[0;39m [36mxiaozhi.modules.sys.dao.SysUserDao.selectById[0;39m - ==> Parameters: 2076997049127047169(Long)
2026-07-14 20:15:38.027 [http-nio-8002-exec-14] [39mDEBUG[0;39m [36mxiaozhi.modules.sys.dao.SysUserDao.selectById[0;39m - <==      Total: 1
2026-07-14 20:15:38.029 [http-nio-8002-exec-14] [39mDEBUG[0;39m [36mxiaozhi.modules.sys.dao.SysUserDao.selectById[0;39m - ==>  Preparing: SELECT id,username,password,super_admin,status,head_url,updater,update_date,creator,create_date FROM sys_user WHERE id=?
2026-07-14 20:15:38.029 [http-nio-8002-exec-14] [39mDEBUG[0;39m [36mxiaozhi.modules.sys.dao.SysUserDao.selectById[0;39m - ==> Parameters: 2076997049127047169(Long)
2026-07-14 20:15:38.031 [http-nio-8002-exec-14] [39mDEBUG[0;39m [36mxiaozhi.modules.sys.dao.SysUserDao.selectById[0;39m - <==      Total: 1
2026-07-14 20:37:14.493 [http-nio-8002-exec-16] [39mDEBUG[0;39m [36mx.modules.security.dao.SysUserTokenDao.getByToken[0;39m - ==>  Preparing: select * from sys_user_token where token = ?
2026-07-14 20:37:14.495 [http-nio-8002-exec-16] [39mDEBUG[0;39m [36mx.modules.security.dao.SysUserTokenDao.getByToken[0;39m - ==> Parameters: 0e24e93fd0ce496ebfe4759d9dcec3c5(String)
2026-07-14 20:37:14.497 [http-nio-8002-exec-16] [39mDEBUG[0;39m [36mx.modules.security.dao.SysUserTokenDao.getByToken[0;39m - <==      Total: 1
2026-07-14 20:37:14.497 [http-nio-8002-exec-16] [39mDEBUG[0;39m [36mxiaozhi.modules.sys.dao.SysUserDao.selectById[0;39m - ==>  Preparing: SELECT id,username,password,super_admin,status,head_url,updater,update_date,creator,create_date FROM sys_user WHERE id=?
2026-07-14 20:37:14.497 [http-nio-8002-exec-16] [39mDEBUG[0;39m [36mxiaozhi.modules.sys.dao.SysUserDao.selectById[0;39m - ==> Parameters: 2076997049127047169(Long)
2026-07-14 20:37:14.499 [http-nio-8002-exec-16] [39mDEBUG[0;39m [36mxiaozhi.modules.sys.dao.SysUserDao.selectById[0;39m - <==      Total: 1
2026-07-14 20:37:14.501 [http-nio-8002-exec-16] [39mDEBUG[0;39m [36mxiaozhi.modules.sys.dao.SysUserDao.selectById[0;39m - ==>  Preparing: SELECT id,username,password,super_admin,status,head_url,updater,update_date,creator,create_date FROM sys_user WHERE id=?
2026-07-14 20:37:14.501 [http-nio-8002-exec-16] [39mDEBUG[0;39m [36mxiaozhi.modules.sys.dao.SysUserDao.selectById[0;39m - ==> Parameters: 2076997049127047169(Long)
2026-07-14 20:37:14.502 [http-nio-8002-exec-16] [39mDEBUG[0;39m [36mxiaozhi.modules.sys.dao.SysUserDao.selectById[0;39m - <==      Total: 1
2026-07-14 20:37:16.598 [http-nio-8002-exec-15] [39mDEBUG[0;39m [36mx.modules.security.dao.SysUserTokenDao.getByToken[0;39m - ==>  Preparing: select * from sys_user_token where token = ?
2026-07-14 20:37:16.599 [http-nio-8002-exec-15] [39mDEBUG[0;39m [36mx.modules.security.dao.SysUserTokenDao.getByToken[0;39m - ==> Parameters: 0e24e93fd0ce496ebfe4759d9dcec3c5(String)
2026-07-14 20:37:16.601 [http-nio-8002-exec-15] [39mDEBUG[0;39m [36mx.modules.security.dao.SysUserTokenDao.getByToken[0;39m - <==      Total: 1
2026-07-14 20:37:16.602 [http-nio-8002-exec-15] [39mDEBUG[0;39m [36mxiaozhi.modules.sys.dao.SysUserDao.selectById[0;39m - ==>  Preparing: SELECT id,username,password,super_admin,status,head_url,updater,update_date,creator,create_date FROM sys_user WHERE id=?
2026-07-14 20:37:16.603 [http-nio-8002-exec-15] [39mDEBUG[0;39m [36mxiaozhi.modules.sys.dao.SysUserDao.selectById[0;39m - ==> Parameters: 2076997049127047169(Long)
2026-07-14 20:37:16.604 [http-nio-8002-exec-15] [39mDEBUG[0;39m [36mxiaozhi.modules.sys.dao.SysUserDao.selectById[0;39m - <==      Total: 1
2026-07-14 20:37:16.607 [http-nio-8002-exec-15] [39mDEBUG[0;39m [36mxiaozhi.modules.sys.dao.SysUserDao.selectById[0;39m - ==>  Preparing: SELECT id,username,password,super_admin,status,head_url,updater,update_date,creator,create_date FROM sys_user WHERE id=?
2026-07-14 20:37:16.607 [http-nio-8002-exec-15] [39mDEBUG[0;39m [36mxiaozhi.modules.sys.dao.SysUserDao.selectById[0;39m - ==> Parameters: 2076997049127047169(Long)
2026-07-14 20:37:16.609 [http-nio-8002-exec-15] [39mDEBUG[0;39m [36mxiaozhi.modules.sys.dao.SysUserDao.selectById[0;39m - <==      Total: 1
2026-07-14 20:37:17.109 [http-nio-8002-exec-17] [39mDEBUG[0;39m [36mx.modules.security.dao.SysUserTokenDao.getByToken[0;39m - ==>  Preparing: select * from sys_user_token where token = ?
2026-07-14 20:37:17.109 [http-nio-8002-exec-17] [39mDEBUG[0;39m [36mx.modules.security.dao.SysUserTokenDao.getByToken[0;39m - ==> Parameters: 0e24e93fd0ce496ebfe4759d9dcec3c5(String)
2026-07-14 20:37:17.111 [http-nio-8002-exec-17] [39mDEBUG[0;39m [36mx.modules.security.dao.SysUserTokenDao.getByToken[0;39m - <==      Total: 1
2026-07-14 20:37:17.111 [http-nio-8002-exec-17] [39mDEBUG[0;39m [36mxiaozhi.modules.sys.dao.SysUserDao.selectById[0;39m - ==>  Preparing: SELECT id,username,password,super_admin,status,head_url,updater,update_date,creator,create_date FROM sys_user WHERE id=?
2026-07-14 20:37:17.112 [http-nio-8002-exec-17] [39mDEBUG[0;39m [36mxiaozhi.modules.sys.dao.SysUserDao.selectById[0;39m - ==> Parameters: 2076997049127047169(Long)
2026-07-14 20:37:17.113 [http-nio-8002-exec-17] [39mDEBUG[0;39m [36mxiaozhi.modules.sys.dao.SysUserDao.selectById[0;39m - <==      Total: 1
2026-07-14 20:37:17.114 [http-nio-8002-exec-17] [39mDEBUG[0;39m [36mxiaozhi.modules.sys.dao.SysUserDao.selectById[0;39m - ==>  Preparing: SELECT id,username,password,super_admin,status,head_url,updater,update_date,creator,create_date FROM sys_user WHERE id=?
2026-07-14 20:37:17.115 [http-nio-8002-exec-17] [39mDEBUG[0;39m [36mxiaozhi.modules.sys.dao.SysUserDao.selectById[0;39m - ==> Parameters: 2076997049127047169(Long)
2026-07-14 20:37:17.116 [http-nio-8002-exec-17] [39mDEBUG[0;39m [36mxiaozhi.modules.sys.dao.SysUserDao.selectById[0;39m - <==      Total: 1
2026-07-14 20:37:18.002 [http-nio-8002-exec-18] [39mDEBUG[0;39m [36mx.modules.security.dao.SysUserTokenDao.getByToken[0;39m - ==>  Preparing: select * from sys_user_token where token = ?
2026-07-14 20:37:18.003 [http-nio-8002-exec-18] [39mDEBUG[0;39m [36mx.modules.security.dao.SysUserTokenDao.getByToken[0;39m - ==> Parameters: 0e24e93fd0ce496ebfe4759d9dcec3c5(String)
2026-07-14 20:37:18.005 [http-nio-8002-exec-18] [39mDEBUG[0;39m [36mx.modules.security.dao.SysUserTokenDao.getByToken[0;39m - <==      Total: 1
2026-07-14 20:37:18.005 [http-nio-8002-exec-18] [39mDEBUG[0;39m [36mxiaozhi.modules.sys.dao.SysUserDao.selectById[0;39m - ==>  Preparing: SELECT id,username,password,super_admin,status,head_url,updater,update_date,creator,create_date FROM sys_user WHERE id=?
2026-07-14 20:37:18.005 [http-nio-8002-exec-18] [39mDEBUG[0;39m [36mxiaozhi.modules.sys.dao.SysUserDao.selectById[0;39m - ==> Parameters: 2076997049127047169(Long)
2026-07-14 20:37:18.007 [http-nio-8002-exec-18] [39mDEBUG[0;39m [36mxiaozhi.modules.sys.dao.SysUserDao.selectById[0;39m - <==      Total: 1
2026-07-14 20:37:18.009 [http-nio-8002-exec-18] [39mDEBUG[0;39m [36mxiaozhi.modules.sys.dao.SysUserDao.selectById[0;39m - ==>  Preparing: SELECT id,username,password,super_admin,status,head_url,updater,update_date,creator,create_date FROM sys_user WHERE id=?
2026-07-14 20:37:18.009 [http-nio-8002-exec-18] [39mDEBUG[0;39m [36mxiaozhi.modules.sys.dao.SysUserDao.selectById[0;39m - ==> Parameters: 2076997049127047169(Long)
2026-07-14 20:37:18.011 [http-nio-8002-exec-18] [39mDEBUG[0;39m [36mxiaozhi.modules.sys.dao.SysUserDao.selectById[0;39m - <==      Total: 1
2026-07-14 20:37:18.873 [http-nio-8002-exec-19] [39mDEBUG[0;39m [36mx.modules.security.dao.SysUserTokenDao.getByToken[0;39m - ==>  Preparing: select * from sys_user_token where token = ?
2026-07-14 20:37:18.875 [http-nio-8002-exec-19] [39mDEBUG[0;39m [36mx.modules.security.dao.SysUserTokenDao.getByToken[0;39m - ==> Parameters: 0e24e93fd0ce496ebfe4759d9dcec3c5(String)
2026-07-14 20:37:18.876 [http-nio-8002-exec-21] [39mDEBUG[0;39m [36mx.modules.security.dao.SysUserTokenDao.getByToken[0;39m - ==>  Preparing: select * from sys_user_token where token = ?
2026-07-14 20:37:18.877 [http-nio-8002-exec-19] [39mDEBUG[0;39m [36mx.modules.security.dao.SysUserTokenDao.getByToken[0;39m - <==      Total: 1
2026-07-14 20:37:18.877 [http-nio-8002-exec-21] [39mDEBUG[0;39m [36mx.modules.security.dao.SysUserTokenDao.getByToken[0;39m - ==> Parameters: 0e24e93fd0ce496ebfe4759d9dcec3c5(String)
2026-07-14 20:37:18.878 [http-nio-8002-exec-19] [39mDEBUG[0;39m [36mxiaozhi.modules.sys.dao.SysUserDao.selectById[0;39m - ==>  Preparing: SELECT id,username,password,super_admin,status,head_url,updater,update_date,creator,create_date FROM sys_user WHERE id=?
2026-07-14 20:37:18.878 [http-nio-8002-exec-19] [39mDEBUG[0;39m [36mxiaozhi.modules.sys.dao.SysUserDao.selectById[0;39m - ==> Parameters: 2076997049127047169(Long)
2026-07-14 20:37:18.879 [http-nio-8002-exec-21] [39mDEBUG[0;39m [36mx.modules.security.dao.SysUserTokenDao.getByToken[0;39m - <==      Total: 1
2026-07-14 20:37:18.880 [http-nio-8002-exec-21] [39mDEBUG[0;39m [36mxiaozhi.modules.sys.dao.SysUserDao.selectById[0;39m - ==>  Preparing: SELECT id,username,password,super_admin,status,head_url,updater,update_date,creator,create_date FROM sys_user WHERE id=?
2026-07-14 20:37:18.880 [http-nio-8002-exec-19] [39mDEBUG[0;39m [36mxiaozhi.modules.sys.dao.SysUserDao.selectById[0;39m - <==      Total: 1
2026-07-14 20:37:18.880 [http-nio-8002-exec-21] [39mDEBUG[0;39m [36mxiaozhi.modules.sys.dao.SysUserDao.selectById[0;39m - ==> Parameters: 2076997049127047169(Long)
2026-07-14 20:37:18.882 [http-nio-8002-exec-19] [39mDEBUG[0;39m [36mxiaozhi.modules.sys.dao.SysUserDao.selectById[0;39m - ==>  Preparing: SELECT id,username,password,super_admin,status,head_url,updater,update_date,creator,create_date FROM sys_user WHERE id=?
2026-07-14 20:37:18.882 [http-nio-8002-exec-21] [39mDEBUG[0;39m [36mxiaozhi.modules.sys.dao.SysUserDao.selectById[0;39m - <==      Total: 1
2026-07-14 20:37:18.883 [http-nio-8002-exec-19] [39mDEBUG[0;39m [36mxiaozhi.modules.sys.dao.SysUserDao.selectById[0;39m - ==> Parameters: 2076997049127047169(Long)
2026-07-14 20:37:18.884 [http-nio-8002-exec-19] [39mDEBUG[0;39m [36mxiaozhi.modules.sys.dao.SysUserDao.selectById[0;39m - <==      Total: 1
2026-07-14 20:37:18.885 [http-nio-8002-exec-21] [39mDEBUG[0;39m [36mxiaozhi.modules.agent.dao.AgentDao.selectList[0;39m - ==>  Preparing: SELECT id,user_id,agent_code,agent_name,asr_model_id,vad_model_id,llm_model_id,vllm_model_id,tts_model_id,tts_voice_id,mem_model_id,intent_model_id,chat_history_conf,system_prompt,summary_memory,lang_code,language,sort,creator,created_at,updater,updated_at FROM ai_agent WHERE (user_id = ?)
2026-07-14 20:37:18.885 [http-nio-8002-exec-21] [39mDEBUG[0;39m [36mxiaozhi.modules.agent.dao.AgentDao.selectList[0;39m - ==> Parameters: 2076997049127047169(Long)
2026-07-14 20:37:18.888 [http-nio-8002-exec-21] [39mDEBUG[0;39m [36mxiaozhi.modules.agent.dao.AgentDao.selectList[0;39m - <==      Total: 1
2026-07-14 20:37:18.894 [http-nio-8002-exec-21] [39mDEBUG[0;39m [36mx.m.d.dao.DeviceDao.getAllLastConnectedAtByAgentId[0;39m - ==>  Preparing: SELECT last_connected_at FROM ai_device WHERE agent_id = ? order by last_connected_at desc limit 0,1
2026-07-14 20:37:18.894 [http-nio-8002-exec-21] [39mDEBUG[0;39m [36mx.m.d.dao.DeviceDao.getAllLastConnectedAtByAgentId[0;39m - ==> Parameters: 859ee126bade45d5a01efbad3fa4c1b0(String)
2026-07-14 20:37:18.895 [http-nio-8002-exec-21] [39mDEBUG[0;39m [36mx.m.d.dao.DeviceDao.getAllLastConnectedAtByAgentId[0;39m - <==      Total: 0
2026-07-14 20:37:18.897 [http-nio-8002-exec-21] [39mDEBUG[0;39m [36mx.m.agent.dao.AgentDao.getDeviceCountByAgentId[0;39m - ==>  Preparing: SELECT COUNT(*) FROM ai_device WHERE agent_id = ?
2026-07-14 20:37:18.898 [http-nio-8002-exec-21] [39mDEBUG[0;39m [36mx.m.agent.dao.AgentDao.getDeviceCountByAgentId[0;39m - ==> Parameters: 859ee126bade45d5a01efbad3fa4c1b0(String)
2026-07-14 20:37:18.898 [http-nio-8002-exec-21] [39mDEBUG[0;39m [36mx.m.agent.dao.AgentDao.getDeviceCountByAgentId[0;39m - <==      Total: 1
2026-07-14 20:44:32.946 [http-nio-8002-exec-23] [39mDEBUG[0;39m [36mx.modules.security.dao.SysUserTokenDao.getByToken[0;39m - ==>  Preparing: select * from sys_user_token where token = ?
2026-07-14 20:44:32.947 [http-nio-8002-exec-23] [39mDEBUG[0;39m [36mx.modules.security.dao.SysUserTokenDao.getByToken[0;39m - ==> Parameters: 0e24e93fd0ce496ebfe4759d9dcec3c5(String)
2026-07-14 20:44:32.950 [http-nio-8002-exec-23] [39mDEBUG[0;39m [36mx.modules.security.dao.SysUserTokenDao.getByToken[0;39m - <==      Total: 1
2026-07-14 20:44:32.951 [http-nio-8002-exec-23] [39mDEBUG[0;39m [36mxiaozhi.modules.sys.dao.SysUserDao.selectById[0;39m - ==>  Preparing: SELECT id,username,password,super_admin,status,head_url,updater,update_date,creator,create_date FROM sys_user WHERE id=?
2026-07-14 20:44:32.951 [http-nio-8002-exec-23] [39mDEBUG[0;39m [36mxiaozhi.modules.sys.dao.SysUserDao.selectById[0;39m - ==> Parameters: 2076997049127047169(Long)
2026-07-14 20:44:32.952 [http-nio-8002-exec-23] [39mDEBUG[0;39m [36mxiaozhi.modules.sys.dao.SysUserDao.selectById[0;39m - <==      Total: 1
2026-07-14 20:44:32.955 [http-nio-8002-exec-23] [39mDEBUG[0;39m [36mxiaozhi.modules.sys.dao.SysUserDao.selectById[0;39m - ==>  Preparing: SELECT id,username,password,super_admin,status,head_url,updater,update_date,creator,create_date FROM sys_user WHERE id=?
2026-07-14 20:44:32.955 [http-nio-8002-exec-23] [39mDEBUG[0;39m [36mxiaozhi.modules.sys.dao.SysUserDao.selectById[0;39m - ==> Parameters: 2076997049127047169(Long)
2026-07-14 20:44:32.957 [http-nio-8002-exec-23] [39mDEBUG[0;39m [36mxiaozhi.modules.sys.dao.SysUserDao.selectById[0;39m - <==      Total: 1
2026-07-14 20:44:34.317 [http-nio-8002-exec-22] [39mDEBUG[0;39m [36mx.modules.security.dao.SysUserTokenDao.getByToken[0;39m - ==>  Preparing: select * from sys_user_token where token = ?
2026-07-14 20:44:34.318 [http-nio-8002-exec-22] [39mDEBUG[0;39m [36mx.modules.security.dao.SysUserTokenDao.getByToken[0;39m - ==> Parameters: 0e24e93fd0ce496ebfe4759d9dcec3c5(String)
2026-07-14 20:44:34.319 [http-nio-8002-exec-22] [39mDEBUG[0;39m [36mx.modules.security.dao.SysUserTokenDao.getByToken[0;39m - <==      Total: 1
2026-07-14 20:44:34.320 [http-nio-8002-exec-22] [39mDEBUG[0;39m [36mxiaozhi.modules.sys.dao.SysUserDao.selectById[0;39m - ==>  Preparing: SELECT id,username,password,super_admin,status,head_url,updater,update_date,creator,create_date FROM sys_user WHERE id=?
2026-07-14 20:44:34.321 [http-nio-8002-exec-22] [39mDEBUG[0;39m [36mxiaozhi.modules.sys.dao.SysUserDao.selectById[0;39m - ==> Parameters: 2076997049127047169(Long)
2026-07-14 20:44:34.322 [http-nio-8002-exec-22] [39mDEBUG[0;39m [36mxiaozhi.modules.sys.dao.SysUserDao.selectById[0;39m - <==      Total: 1
2026-07-14 20:44:34.324 [http-nio-8002-exec-22] [39mDEBUG[0;39m [36mxiaozhi.modules.sys.dao.SysUserDao.selectById[0;39m - ==>  Preparing: SELECT id,username,password,super_admin,status,head_url,updater,update_date,creator,create_date FROM sys_user WHERE id=?
2026-07-14 20:44:34.324 [http-nio-8002-exec-22] [39mDEBUG[0;39m [36mxiaozhi.modules.sys.dao.SysUserDao.selectById[0;39m - ==> Parameters: 2076997049127047169(Long)
2026-07-14 20:44:34.326 [http-nio-8002-exec-22] [39mDEBUG[0;39m [36mxiaozhi.modules.sys.dao.SysUserDao.selectById[0;39m - <==      Total: 1
2026-07-14 20:44:35.727 [http-nio-8002-exec-24] [39mDEBUG[0;39m [36mx.modules.security.dao.SysUserTokenDao.getByToken[0;39m - ==>  Preparing: select * from sys_user_token where token = ?
2026-07-14 20:44:35.728 [http-nio-8002-exec-24] [39mDEBUG[0;39m [36mx.modules.security.dao.SysUserTokenDao.getByToken[0;39m - ==> Parameters: 0e24e93fd0ce496ebfe4759d9dcec3c5(String)
2026-07-14 20:44:35.729 [http-nio-8002-exec-24] [39mDEBUG[0;39m [36mx.modules.security.dao.SysUserTokenDao.getByToken[0;39m - <==      Total: 1
2026-07-14 20:44:35.729 [http-nio-8002-exec-24] [39mDEBUG[0;39m [36mxiaozhi.modules.sys.dao.SysUserDao.selectById[0;39m - ==>  Preparing: SELECT id,username,password,super_admin,status,head_url,updater,update_date,creator,create_date FROM sys_user WHERE id=?
2026-07-14 20:44:35.730 [http-nio-8002-exec-24] [39mDEBUG[0;39m [36mxiaozhi.modules.sys.dao.SysUserDao.selectById[0;39m - ==> Parameters: 2076997049127047169(Long)
2026-07-14 20:44:35.731 [http-nio-8002-exec-24] [39mDEBUG[0;39m [36mxiaozhi.modules.sys.dao.SysUserDao.selectById[0;39m - <==      Total: 1
2026-07-14 20:44:35.732 [http-nio-8002-exec-24] [39mDEBUG[0;39m [36mxiaozhi.modules.sys.dao.SysUserDao.selectById[0;39m - ==>  Preparing: SELECT id,username,password,super_admin,status,head_url,updater,update_date,creator,create_date FROM sys_user WHERE id=?
2026-07-14 20:44:35.732 [http-nio-8002-exec-24] [39mDEBUG[0;39m [36mxiaozhi.modules.sys.dao.SysUserDao.selectById[0;39m - ==> Parameters: 2076997049127047169(Long)
2026-07-14 20:44:35.732 [http-nio-8002-exec-24] [39mDEBUG[0;39m [36mxiaozhi.modules.sys.dao.SysUserDao.selectById[0;39m - <==      Total: 1
2026-07-14 20:45:04.382 [http-nio-8002-exec-25] [39mDEBUG[0;39m [36mx.modules.security.dao.SysUserTokenDao.getByToken[0;39m - ==>  Preparing: select * from sys_user_token where token = ?
2026-07-14 20:45:04.382 [http-nio-8002-exec-25] [39mDEBUG[0;39m [36mx.modules.security.dao.SysUserTokenDao.getByToken[0;39m - ==> Parameters: 0e24e93fd0ce496ebfe4759d9dcec3c5(String)
2026-07-14 20:45:04.384 [http-nio-8002-exec-25] [39mDEBUG[0;39m [36mx.modules.security.dao.SysUserTokenDao.getByToken[0;39m - <==      Total: 1
2026-07-14 20:45:04.385 [http-nio-8002-exec-25] [39mDEBUG[0;39m [36mxiaozhi.modules.sys.dao.SysUserDao.selectById[0;39m - ==>  Preparing: SELECT id,username,password,super_admin,status,head_url,updater,update_date,creator,create_date FROM sys_user WHERE id=?
2026-07-14 20:45:04.385 [http-nio-8002-exec-25] [39mDEBUG[0;39m [36mxiaozhi.modules.sys.dao.SysUserDao.selectById[0;39m - ==> Parameters: 2076997049127047169(Long)
2026-07-14 20:45:04.387 [http-nio-8002-exec-25] [39mDEBUG[0;39m [36mxiaozhi.modules.sys.dao.SysUserDao.selectById[0;39m - <==      Total: 1
2026-07-14 20:45:04.389 [http-nio-8002-exec-25] [39mDEBUG[0;39m [36mxiaozhi.modules.sys.dao.SysUserDao.selectById[0;39m - ==>  Preparing: SELECT id,username,password,super_admin,status,head_url,updater,update_date,creator,create_date FROM sys_user WHERE id=?
2026-07-14 20:45:04.389 [http-nio-8002-exec-25] [39mDEBUG[0;39m [36mxiaozhi.modules.sys.dao.SysUserDao.selectById[0;39m - ==> Parameters: 2076997049127047169(Long)
2026-07-14 20:45:04.391 [http-nio-8002-exec-25] [39mDEBUG[0;39m [36mxiaozhi.modules.sys.dao.SysUserDao.selectById[0;39m - <==      Total: 1
2026-07-14 20:45:05.472 [http-nio-8002-exec-26] [39mDEBUG[0;39m [36mx.modules.security.dao.SysUserTokenDao.getByToken[0;39m - ==>  Preparing: select * from sys_user_token where token = ?
2026-07-14 20:45:05.472 [http-nio-8002-exec-26] [39mDEBUG[0;39m [36mx.modules.security.dao.SysUserTokenDao.getByToken[0;39m - ==> Parameters: 0e24e93fd0ce496ebfe4759d9dcec3c5(String)
2026-07-14 20:45:05.473 [http-nio-8002-exec-26] [39mDEBUG[0;39m [36mx.modules.security.dao.SysUserTokenDao.getByToken[0;39m - <==      Total: 1
2026-07-14 20:45:05.474 [http-nio-8002-exec-26] [39mDEBUG[0;39m [36mxiaozhi.modules.sys.dao.SysUserDao.selectById[0;39m - ==>  Preparing: SELECT id,username,password,super_admin,status,head_url,updater,update_date,creator,create_date FROM sys_user WHERE id=?
2026-07-14 20:45:05.474 [http-nio-8002-exec-26] [39mDEBUG[0;39m [36mxiaozhi.modules.sys.dao.SysUserDao.selectById[0;39m - ==> Parameters: 2076997049127047169(Long)
2026-07-14 20:45:05.477 [http-nio-8002-exec-26] [39mDEBUG[0;39m [36mxiaozhi.modules.sys.dao.SysUserDao.selectById[0;39m - <==      Total: 1
2026-07-14 20:45:05.478 [http-nio-8002-exec-26] [39mDEBUG[0;39m [36mxiaozhi.modules.sys.dao.SysUserDao.selectById[0;39m - ==>  Preparing: SELECT id,username,password,super_admin,status,head_url,updater,update_date,creator,create_date FROM sys_user WHERE id=?
2026-07-14 20:45:05.479 [http-nio-8002-exec-26] [39mDEBUG[0;39m [36mxiaozhi.modules.sys.dao.SysUserDao.selectById[0;39m - ==> Parameters: 2076997049127047169(Long)
2026-07-14 20:45:05.481 [http-nio-8002-exec-26] [39mDEBUG[0;39m [36mxiaozhi.modules.sys.dao.SysUserDao.selectById[0;39m - <==      Total: 1
2026-07-14 20:52:20.188 [http-nio-8002-exec-27] [39mDEBUG[0;39m [36mx.modules.security.dao.SysUserTokenDao.getByToken[0;39m - ==>  Preparing: select * from sys_user_token where token = ?
2026-07-14 20:52:20.189 [http-nio-8002-exec-27] [39mDEBUG[0;39m [36mx.modules.security.dao.SysUserTokenDao.getByToken[0;39m - ==> Parameters: 0e24e93fd0ce496ebfe4759d9dcec3c5(String)
2026-07-14 20:52:20.191 [http-nio-8002-exec-27] [39mDEBUG[0;39m [36mx.modules.security.dao.SysUserTokenDao.getByToken[0;39m - <==      Total: 1
2026-07-14 20:52:20.191 [http-nio-8002-exec-27] [39mDEBUG[0;39m [36mxiaozhi.modules.sys.dao.SysUserDao.selectById[0;39m - ==>  Preparing: SELECT id,username,password,super_admin,status,head_url,updater,update_date,creator,create_date FROM sys_user WHERE id=?
2026-07-14 20:52:20.191 [http-nio-8002-exec-27] [39mDEBUG[0;39m [36mxiaozhi.modules.sys.dao.SysUserDao.selectById[0;39m - ==> Parameters: 2076997049127047169(Long)
2026-07-14 20:52:20.192 [http-nio-8002-exec-27] [39mDEBUG[0;39m [36mxiaozhi.modules.sys.dao.SysUserDao.selectById[0;39m - <==      Total: 1
2026-07-14 20:52:20.195 [http-nio-8002-exec-27] [39mDEBUG[0;39m [36mxiaozhi.modules.sys.dao.SysUserDao.selectById[0;39m - ==>  Preparing: SELECT id,username,password,super_admin,status,head_url,updater,update_date,creator,create_date FROM sys_user WHERE id=?
2026-07-14 20:52:20.195 [http-nio-8002-exec-27] [39mDEBUG[0;39m [36mxiaozhi.modules.sys.dao.SysUserDao.selectById[0;39m - ==> Parameters: 2076997049127047169(Long)
2026-07-14 20:52:20.197 [http-nio-8002-exec-27] [39mDEBUG[0;39m [36mxiaozhi.modules.sys.dao.SysUserDao.selectById[0;39m - <==      Total: 1
2026-07-14 20:52:22.716 [http-nio-8002-exec-29] [39mDEBUG[0;39m [36mx.modules.security.dao.SysUserTokenDao.getByToken[0;39m - ==>  Preparing: select * from sys_user_token where token = ?
2026-07-14 20:52:22.716 [http-nio-8002-exec-29] [39mDEBUG[0;39m [36mx.modules.security.dao.SysUserTokenDao.getByToken[0;39m - ==> Parameters: 0e24e93fd0ce496ebfe4759d9dcec3c5(String)
2026-07-14 20:52:22.718 [http-nio-8002-exec-29] [39mDEBUG[0;39m [36mx.modules.security.dao.SysUserTokenDao.getByToken[0;39m - <==      Total: 1
2026-07-14 20:52:22.720 [http-nio-8002-exec-29] [39mDEBUG[0;39m [36mxiaozhi.modules.sys.dao.SysUserDao.selectById[0;39m - ==>  Preparing: SELECT id,username,password,super_admin,status,head_url,updater,update_date,creator,create_date FROM sys_user WHERE id=?
2026-07-14 20:52:22.720 [http-nio-8002-exec-29] [39mDEBUG[0;39m [36mxiaozhi.modules.sys.dao.SysUserDao.selectById[0;39m - ==> Parameters: 2076997049127047169(Long)
2026-07-14 20:52:22.722 [http-nio-8002-exec-29] [39mDEBUG[0;39m [36mxiaozhi.modules.sys.dao.SysUserDao.selectById[0;39m - <==      Total: 1
2026-07-14 20:52:22.726 [http-nio-8002-exec-29] [39mDEBUG[0;39m [36mxiaozhi.modules.sys.dao.SysUserDao.selectById[0;39m - ==>  Preparing: SELECT id,username,password,super_admin,status,head_url,updater,update_date,creator,create_date FROM sys_user WHERE id=?
2026-07-14 20:52:22.727 [http-nio-8002-exec-29] [39mDEBUG[0;39m [36mxiaozhi.modules.sys.dao.SysUserDao.selectById[0;39m - ==> Parameters: 2076997049127047169(Long)
2026-07-14 20:52:22.728 [http-nio-8002-exec-29] [39mDEBUG[0;39m [36mxiaozhi.modules.sys.dao.SysUserDao.selectById[0;39m - <==      Total: 1
2026-07-14 20:52:23.876 [http-nio-8002-exec-28] [39mDEBUG[0;39m [36mx.modules.security.dao.SysUserTokenDao.getByToken[0;39m - ==>  Preparing: select * from sys_user_token where token = ?
2026-07-14 20:52:23.876 [http-nio-8002-exec-28] [39mDEBUG[0;39m [36mx.modules.security.dao.SysUserTokenDao.getByToken[0;39m - ==> Parameters: 0e24e93fd0ce496ebfe4759d9dcec3c5(String)
2026-07-14 20:52:23.879 [http-nio-8002-exec-28] [39mDEBUG[0;39m [36mx.modules.security.dao.SysUserTokenDao.getByToken[0;39m - <==      Total: 1
2026-07-14 20:52:23.880 [http-nio-8002-exec-28] [39mDEBUG[0;39m [36mxiaozhi.modules.sys.dao.SysUserDao.selectById[0;39m - ==>  Preparing: SELECT id,username,password,super_admin,status,head_url,updater,update_date,creator,create_date FROM sys_user WHERE id=?
2026-07-14 20:52:23.880 [http-nio-8002-exec-28] [39mDEBUG[0;39m [36mxiaozhi.modules.sys.dao.SysUserDao.selectById[0;39m - ==> Parameters: 2076997049127047169(Long)
2026-07-14 20:52:23.883 [http-nio-8002-exec-28] [39mDEBUG[0;39m [36mxiaozhi.modules.sys.dao.SysUserDao.selectById[0;39m - <==      Total: 1
2026-07-14 20:52:23.885 [http-nio-8002-exec-28] [39mDEBUG[0;39m [36mxiaozhi.modules.sys.dao.SysUserDao.selectById[0;39m - ==>  Preparing: SELECT id,username,password,super_admin,status,head_url,updater,update_date,creator,create_date FROM sys_user WHERE id=?
2026-07-14 20:52:23.885 [http-nio-8002-exec-28] [39mDEBUG[0;39m [36mxiaozhi.modules.sys.dao.SysUserDao.selectById[0;39m - ==> Parameters: 2076997049127047169(Long)
2026-07-14 20:52:23.887 [http-nio-8002-exec-28] [39mDEBUG[0;39m [36mxiaozhi.modules.sys.dao.SysUserDao.selectById[0;39m - <==      Total: 1
2026-07-14 20:52:24.277 [http-nio-8002-exec-30] [39mDEBUG[0;39m [36mx.modules.security.dao.SysUserTokenDao.getByToken[0;39m - ==>  Preparing: select * from sys_user_token where token = ?
2026-07-14 20:52:24.277 [http-nio-8002-exec-30] [39mDEBUG[0;39m [36mx.modules.security.dao.SysUserTokenDao.getByToken[0;39m - ==> Parameters: 0e24e93fd0ce496ebfe4759d9dcec3c5(String)
2026-07-14 20:52:24.279 [http-nio-8002-exec-30] [39mDEBUG[0;39m [36mx.modules.security.dao.SysUserTokenDao.getByToken[0;39m - <==      Total: 1
2026-07-14 20:52:24.279 [http-nio-8002-exec-30] [39mDEBUG[0;39m [36mxiaozhi.modules.sys.dao.SysUserDao.selectById[0;39m - ==>  Preparing: SELECT id,username,password,super_admin,status,head_url,updater,update_date,creator,create_date FROM sys_user WHERE id=?
2026-07-14 20:52:24.280 [http-nio-8002-exec-30] [39mDEBUG[0;39m [36mxiaozhi.modules.sys.dao.SysUserDao.selectById[0;39m - ==> Parameters: 2076997049127047169(Long)
2026-07-14 20:52:24.282 [http-nio-8002-exec-30] [39mDEBUG[0;39m [36mxiaozhi.modules.sys.dao.SysUserDao.selectById[0;39m - <==      Total: 1
2026-07-14 20:52:24.283 [http-nio-8002-exec-30] [39mDEBUG[0;39m [36mxiaozhi.modules.sys.dao.SysUserDao.selectById[0;39m - ==>  Preparing: SELECT id,username,password,super_admin,status,head_url,updater,update_date,creator,create_date FROM sys_user WHERE id=?
2026-07-14 20:52:24.283 [http-nio-8002-exec-30] [39mDEBUG[0;39m [36mxiaozhi.modules.sys.dao.SysUserDao.selectById[0;39m - ==> Parameters: 2076997049127047169(Long)
2026-07-14 20:52:24.286 [http-nio-8002-exec-30] [39mDEBUG[0;39m [36mxiaozhi.modules.sys.dao.SysUserDao.selectById[0;39m - <==      Total: 1
2026-07-14 20:52:24.589 [http-nio-8002-exec-1] [39mDEBUG[0;39m [36mx.modules.security.dao.SysUserTokenDao.getByToken[0;39m - ==>  Preparing: select * from sys_user_token where token = ?
2026-07-14 20:52:24.589 [http-nio-8002-exec-1] [39mDEBUG[0;39m [36mx.modules.security.dao.SysUserTokenDao.getByToken[0;39m - ==> Parameters: 0e24e93fd0ce496ebfe4759d9dcec3c5(String)
2026-07-14 20:52:24.592 [http-nio-8002-exec-1] [39mDEBUG[0;39m [36mx.modules.security.dao.SysUserTokenDao.getByToken[0;39m - <==      Total: 1
2026-07-14 20:52:24.593 [http-nio-8002-exec-1] [39mDEBUG[0;39m [36mxiaozhi.modules.sys.dao.SysUserDao.selectById[0;39m - ==>  Preparing: SELECT id,username,password,super_admin,status,head_url,updater,update_date,creator,create_date FROM sys_user WHERE id=?
2026-07-14 20:52:24.594 [http-nio-8002-exec-1] [39mDEBUG[0;39m [36mxiaozhi.modules.sys.dao.SysUserDao.selectById[0;39m - ==> Parameters: 2076997049127047169(Long)
2026-07-14 20:52:24.598 [http-nio-8002-exec-1] [39mDEBUG[0;39m [36mxiaozhi.modules.sys.dao.SysUserDao.selectById[0;39m - <==      Total: 1
2026-07-14 20:52:24.603 [http-nio-8002-exec-1] [39mDEBUG[0;39m [36mxiaozhi.modules.agent.dao.AgentDao.selectList[0;39m - ==>  Preparing: SELECT id,user_id,agent_code,agent_name,asr_model_id,vad_model_id,llm_model_id,vllm_model_id,tts_model_id,tts_voice_id,mem_model_id,intent_model_id,chat_history_conf,system_prompt,summary_memory,lang_code,language,sort,creator,created_at,updater,updated_at FROM ai_agent WHERE (user_id = ?)
2026-07-14 20:52:24.603 [http-nio-8002-exec-1] [39mDEBUG[0;39m [36mxiaozhi.modules.agent.dao.AgentDao.selectList[0;39m - ==> Parameters: 2076997049127047169(Long)
2026-07-14 20:52:24.607 [http-nio-8002-exec-1] [39mDEBUG[0;39m [36mxiaozhi.modules.agent.dao.AgentDao.selectList[0;39m - <==      Total: 1
2026-07-14 20:52:24.616 [http-nio-8002-exec-1] [39mDEBUG[0;39m [36mx.m.d.dao.DeviceDao.getAllLastConnectedAtByAgentId[0;39m - ==>  Preparing: SELECT last_connected_at FROM ai_device WHERE agent_id = ? order by last_connected_at desc limit 0,1
2026-07-14 20:52:24.616 [http-nio-8002-exec-1] [39mDEBUG[0;39m [36mx.m.d.dao.DeviceDao.getAllLastConnectedAtByAgentId[0;39m - ==> Parameters: 859ee126bade45d5a01efbad3fa4c1b0(String)
2026-07-14 20:52:24.618 [http-nio-8002-exec-1] [39mDEBUG[0;39m [36mx.m.d.dao.DeviceDao.getAllLastConnectedAtByAgentId[0;39m - <==      Total: 0
2026-07-14 20:52:24.621 [http-nio-8002-exec-1] [39mDEBUG[0;39m [36mx.m.agent.dao.AgentDao.getDeviceCountByAgentId[0;39m - ==>  Preparing: SELECT COUNT(*) FROM ai_device WHERE agent_id = ?
2026-07-14 20:52:24.621 [http-nio-8002-exec-1] [39mDEBUG[0;39m [36mx.m.agent.dao.AgentDao.getDeviceCountByAgentId[0;39m - ==> Parameters: 859ee126bade45d5a01efbad3fa4c1b0(String)
2026-07-14 20:52:24.623 [http-nio-8002-exec-1] [39mDEBUG[0;39m [36mx.m.agent.dao.AgentDao.getDeviceCountByAgentId[0;39m - <==      Total: 1
2026-07-14 20:52:26.110 [http-nio-8002-exec-3] [39mDEBUG[0;39m [36mx.modules.security.dao.SysUserTokenDao.getByToken[0;39m - ==>  Preparing: select * from sys_user_token where token = ?
2026-07-14 20:52:26.110 [http-nio-8002-exec-3] [39mDEBUG[0;39m [36mx.modules.security.dao.SysUserTokenDao.getByToken[0;39m - ==> Parameters: 0e24e93fd0ce496ebfe4759d9dcec3c5(String)
2026-07-14 20:52:26.114 [http-nio-8002-exec-3] [39mDEBUG[0;39m [36mx.modules.security.dao.SysUserTokenDao.getByToken[0;39m - <==      Total: 1
2026-07-14 20:52:26.115 [http-nio-8002-exec-3] [39mDEBUG[0;39m [36mxiaozhi.modules.sys.dao.SysUserDao.selectById[0;39m - ==>  Preparing: SELECT id,username,password,super_admin,status,head_url,updater,update_date,creator,create_date FROM sys_user WHERE id=?
2026-07-14 20:52:26.116 [http-nio-8002-exec-3] [39mDEBUG[0;39m [36mxiaozhi.modules.sys.dao.SysUserDao.selectById[0;39m - ==> Parameters: 2076997049127047169(Long)
2026-07-14 20:52:26.119 [http-nio-8002-exec-3] [39mDEBUG[0;39m [36mxiaozhi.modules.sys.dao.SysUserDao.selectById[0;39m - <==      Total: 1
2026-07-14 20:52:26.121 [http-nio-8002-exec-3] [39mDEBUG[0;39m [36mxiaozhi.modules.sys.dao.SysUserDao.selectById[0;39m - ==>  Preparing: SELECT id,username,password,super_admin,status,head_url,updater,update_date,creator,create_date FROM sys_user WHERE id=?
2026-07-14 20:52:26.122 [http-nio-8002-exec-3] [39mDEBUG[0;39m [36mxiaozhi.modules.sys.dao.SysUserDao.selectById[0;39m - ==> Parameters: 2076997049127047169(Long)
2026-07-14 20:52:26.123 [http-nio-8002-exec-3] [39mDEBUG[0;39m [36mxiaozhi.modules.sys.dao.SysUserDao.selectById[0;39m - <==      Total: 1
2026-07-14 20:52:26.850 [http-nio-8002-exec-4] [39mDEBUG[0;39m [36mx.modules.security.dao.SysUserTokenDao.getByToken[0;39m - ==>  Preparing: select * from sys_user_token where token = ?
2026-07-14 20:52:26.850 [http-nio-8002-exec-4] [39mDEBUG[0;39m [36mx.modules.security.dao.SysUserTokenDao.getByToken[0;39m - ==> Parameters: 0e24e93fd0ce496ebfe4759d9dcec3c5(String)
2026-07-14 20:52:26.852 [http-nio-8002-exec-4] [39mDEBUG[0;39m [36mx.modules.security.dao.SysUserTokenDao.getByToken[0;39m - <==      Total: 1
2026-07-14 20:52:26.853 [http-nio-8002-exec-4] [39mDEBUG[0;39m [36mxiaozhi.modules.sys.dao.SysUserDao.selectById[0;39m - ==>  Preparing: SELECT id,username,password,super_admin,status,head_url,updater,update_date,creator,create_date FROM sys_user WHERE id=?
2026-07-14 20:52:26.854 [http-nio-8002-exec-4] [39mDEBUG[0;39m [36mxiaozhi.modules.sys.dao.SysUserDao.selectById[0;39m - ==> Parameters: 2076997049127047169(Long)
2026-07-14 20:52:26.856 [http-nio-8002-exec-4] [39mDEBUG[0;39m [36mxiaozhi.modules.sys.dao.SysUserDao.selectById[0;39m - <==      Total: 1
2026-07-14 20:52:26.856 [http-nio-8002-exec-4] [39mDEBUG[0;39m [36mxiaozhi.modules.sys.dao.SysUserDao.selectById[0;39m - ==>  Preparing: SELECT id,username,password,super_admin,status,head_url,updater,update_date,creator,create_date FROM sys_user WHERE id=?
2026-07-14 20:52:26.857 [http-nio-8002-exec-4] [39mDEBUG[0;39m [36mxiaozhi.modules.sys.dao.SysUserDao.selectById[0;39m - ==> Parameters: 2076997049127047169(Long)
2026-07-14 20:52:26.858 [http-nio-8002-exec-4] [39mDEBUG[0;39m [36mxiaozhi.modules.sys.dao.SysUserDao.selectById[0;39m - <==      Total: 1
2026-07-14 20:52:27.161 [http-nio-8002-exec-6] [39mDEBUG[0;39m [36mx.modules.security.dao.SysUserTokenDao.getByToken[0;39m - ==>  Preparing: select * from sys_user_token where token = ?
2026-07-14 20:52:27.161 [http-nio-8002-exec-6] [39mDEBUG[0;39m [36mx.modules.security.dao.SysUserTokenDao.getByToken[0;39m - ==> Parameters: 0e24e93fd0ce496ebfe4759d9dcec3c5(String)
2026-07-14 20:52:27.163 [http-nio-8002-exec-6] [39mDEBUG[0;39m [36mx.modules.security.dao.SysUserTokenDao.getByToken[0;39m - <==      Total: 1
2026-07-14 20:52:27.164 [http-nio-8002-exec-6] [39mDEBUG[0;39m [36mxiaozhi.modules.sys.dao.SysUserDao.selectById[0;39m - ==>  Preparing: SELECT id,username,password,super_admin,status,head_url,updater,update_date,creator,create_date FROM sys_user WHERE id=?
2026-07-14 20:52:27.164 [http-nio-8002-exec-6] [39mDEBUG[0;39m [36mxiaozhi.modules.sys.dao.SysUserDao.selectById[0;39m - ==> Parameters: 2076997049127047169(Long)
2026-07-14 20:52:27.165 [http-nio-8002-exec-6] [39mDEBUG[0;39m [36mxiaozhi.modules.sys.dao.SysUserDao.selectById[0;39m - <==      Total: 1
2026-07-14 20:52:27.167 [http-nio-8002-exec-6] [39mDEBUG[0;39m [36mxiaozhi.modules.agent.dao.AgentDao.selectList[0;39m - ==>  Preparing: SELECT id,user_id,agent_code,agent_name,asr_model_id,vad_model_id,llm_model_id,vllm_model_id,tts_model_id,tts_voice_id,mem_model_id,intent_model_id,chat_history_conf,system_prompt,summary_memory,lang_code,language,sort,creator,created_at,updater,updated_at FROM ai_agent WHERE (user_id = ?)
2026-07-14 20:52:27.167 [http-nio-8002-exec-6] [39mDEBUG[0;39m [36mxiaozhi.modules.agent.dao.AgentDao.selectList[0;39m - ==> Parameters: 2076997049127047169(Long)
2026-07-14 20:52:27.170 [http-nio-8002-exec-6] [39mDEBUG[0;39m [36mxiaozhi.modules.agent.dao.AgentDao.selectList[0;39m - <==      Total: 1
2026-07-14 20:52:27.173 [http-nio-8002-exec-6] [39mDEBUG[0;39m [36mx.m.d.dao.DeviceDao.getAllLastConnectedAtByAgentId[0;39m - ==>  Preparing: SELECT last_connected_at FROM ai_device WHERE agent_id = ? order by last_connected_at desc limit 0,1
2026-07-14 20:52:27.173 [http-nio-8002-exec-6] [39mDEBUG[0;39m [36mx.m.d.dao.DeviceDao.getAllLastConnectedAtByAgentId[0;39m - ==> Parameters: 859ee126bade45d5a01efbad3fa4c1b0(String)
2026-07-14 20:52:27.175 [http-nio-8002-exec-6] [39mDEBUG[0;39m [36mx.m.d.dao.DeviceDao.getAllLastConnectedAtByAgentId[0;39m - <==      Total: 0
2026-07-14 20:53:20.228 [http-nio-8002-exec-7] [39mDEBUG[0;39m [36mx.modules.security.dao.SysUserTokenDao.getByToken[0;39m - ==>  Preparing: select * from sys_user_token where token = ?
2026-07-14 20:53:20.228 [http-nio-8002-exec-7] [39mDEBUG[0;39m [36mx.modules.security.dao.SysUserTokenDao.getByToken[0;39m - ==> Parameters: 0e24e93fd0ce496ebfe4759d9dcec3c5(String)
2026-07-14 20:53:20.232 [http-nio-8002-exec-7] [39mDEBUG[0;39m [36mx.modules.security.dao.SysUserTokenDao.getByToken[0;39m - <==      Total: 1
2026-07-14 20:53:20.233 [http-nio-8002-exec-7] [39mDEBUG[0;39m [36mxiaozhi.modules.sys.dao.SysUserDao.selectById[0;39m - ==>  Preparing: SELECT id,username,password,super_admin,status,head_url,updater,update_date,creator,create_date FROM sys_user WHERE id=?
2026-07-14 20:53:20.233 [http-nio-8002-exec-7] [39mDEBUG[0;39m [36mxiaozhi.modules.sys.dao.SysUserDao.selectById[0;39m - ==> Parameters: 2076997049127047169(Long)
2026-07-14 20:53:20.235 [http-nio-8002-exec-7] [39mDEBUG[0;39m [36mxiaozhi.modules.sys.dao.SysUserDao.selectById[0;39m - <==      Total: 1
2026-07-14 20:53:20.238 [http-nio-8002-exec-7] [39mDEBUG[0;39m [36mxiaozhi.modules.sys.dao.SysUserDao.selectById[0;39m - ==>  Preparing: SELECT id,username,password,super_admin,status,head_url,updater,update_date,creator,create_date FROM sys_user WHERE id=?
2026-07-14 20:53:20.238 [http-nio-8002-exec-7] [39mDEBUG[0;39m [36mxiaozhi.modules.sys.dao.SysUserDao.selectById[0;39m - ==> Parameters: 2076997049127047169(Long)
2026-07-14 20:53:20.241 [http-nio-8002-exec-7] [39mDEBUG[0;39m [36mxiaozhi.modules.sys.dao.SysUserDao.selectById[0;39m - <==      Total: 1
2026-07-14 20:53:46.929 [http-nio-8002-exec-9] [39mDEBUG[0;39m [36mx.modules.security.dao.SysUserTokenDao.getByToken[0;39m - ==>  Preparing: select * from sys_user_token where token = ?
2026-07-14 20:53:46.930 [http-nio-8002-exec-9] [39mDEBUG[0;39m [36mx.modules.security.dao.SysUserTokenDao.getByToken[0;39m - ==> Parameters: 0e24e93fd0ce496ebfe4759d9dcec3c5(String)
2026-07-14 20:53:46.933 [http-nio-8002-exec-9] [39mDEBUG[0;39m [36mx.modules.security.dao.SysUserTokenDao.getByToken[0;39m - <==      Total: 1
2026-07-14 20:53:46.934 [http-nio-8002-exec-9] [39mDEBUG[0;39m [36mxiaozhi.modules.sys.dao.SysUserDao.selectById[0;39m - ==>  Preparing: SELECT id,username,password,super_admin,status,head_url,updater,update_date,creator,create_date FROM sys_user WHERE id=?
2026-07-14 20:53:46.934 [http-nio-8002-exec-9] [39mDEBUG[0;39m [36mxiaozhi.modules.sys.dao.SysUserDao.selectById[0;39m - ==> Parameters: 2076997049127047169(Long)
2026-07-14 20:53:46.936 [http-nio-8002-exec-9] [39mDEBUG[0;39m [36mxiaozhi.modules.sys.dao.SysUserDao.selectById[0;39m - <==      Total: 1
2026-07-14 20:53:46.938 [http-nio-8002-exec-9] [39mDEBUG[0;39m [36mxiaozhi.modules.sys.dao.SysUserDao.selectById[0;39m - ==>  Preparing: SELECT id,username,password,super_admin,status,head_url,updater,update_date,creator,create_date FROM sys_user WHERE id=?
2026-07-14 20:53:46.938 [http-nio-8002-exec-9] [39mDEBUG[0;39m [36mxiaozhi.modules.sys.dao.SysUserDao.selectById[0;39m - ==> Parameters: 2076997049127047169(Long)
2026-07-14 20:53:46.939 [http-nio-8002-exec-9] [39mDEBUG[0;39m [36mxiaozhi.modules.sys.dao.SysUserDao.selectById[0;39m - <==      Total: 1
2026-07-14 20:55:07.429 [http-nio-8002-exec-10] [39mDEBUG[0;39m [36mx.modules.security.dao.SysUserTokenDao.getByToken[0;39m - ==>  Preparing: select * from sys_user_token where token = ?
2026-07-14 20:55:07.429 [http-nio-8002-exec-10] [39mDEBUG[0;39m [36mx.modules.security.dao.SysUserTokenDao.getByToken[0;39m - ==> Parameters: 0e24e93fd0ce496ebfe4759d9dcec3c5(String)
2026-07-14 20:55:07.431 [http-nio-8002-exec-10] [39mDEBUG[0;39m [36mx.modules.security.dao.SysUserTokenDao.getByToken[0;39m - <==      Total: 1
2026-07-14 20:55:07.432 [http-nio-8002-exec-10] [39mDEBUG[0;39m [36mxiaozhi.modules.sys.dao.SysUserDao.selectById[0;39m - ==>  Preparing: SELECT id,username,password,super_admin,status,head_url,updater,update_date,creator,create_date FROM sys_user WHERE id=?
2026-07-14 20:55:07.432 [http-nio-8002-exec-10] [39mDEBUG[0;39m [36mxiaozhi.modules.sys.dao.SysUserDao.selectById[0;39m - ==> Parameters: 2076997049127047169(Long)
2026-07-14 20:55:07.434 [http-nio-8002-exec-10] [39mDEBUG[0;39m [36mxiaozhi.modules.sys.dao.SysUserDao.selectById[0;39m - <==      Total: 1
2026-07-14 20:55:07.436 [http-nio-8002-exec-10] [39mDEBUG[0;39m [36mxiaozhi.modules.sys.dao.SysUserDao.selectById[0;39m - ==>  Preparing: SELECT id,username,password,super_admin,status,head_url,updater,update_date,creator,create_date FROM sys_user WHERE id=?
2026-07-14 20:55:07.437 [http-nio-8002-exec-10] [39mDEBUG[0;39m [36mxiaozhi.modules.sys.dao.SysUserDao.selectById[0;39m - ==> Parameters: 2076997049127047169(Long)
2026-07-14 20:55:07.438 [http-nio-8002-exec-10] [39mDEBUG[0;39m [36mxiaozhi.modules.sys.dao.SysUserDao.selectById[0;39m - <==      Total: 1
2026-07-14 20:55:16.065 [http-nio-8002-exec-8] [39mDEBUG[0;39m [36mx.modules.security.dao.SysUserTokenDao.getByToken[0;39m - ==>  Preparing: select * from sys_user_token where token = ?
2026-07-14 20:55:16.066 [http-nio-8002-exec-8] [39mDEBUG[0;39m [36mx.modules.security.dao.SysUserTokenDao.getByToken[0;39m - ==> Parameters: 0e24e93fd0ce496ebfe4759d9dcec3c5(String)
2026-07-14 20:55:16.068 [http-nio-8002-exec-8] [39mDEBUG[0;39m [36mx.modules.security.dao.SysUserTokenDao.getByToken[0;39m - <==      Total: 1
2026-07-14 20:55:16.070 [http-nio-8002-exec-8] [39mDEBUG[0;39m [36mxiaozhi.modules.sys.dao.SysUserDao.selectById[0;39m - ==>  Preparing: SELECT id,username,password,super_admin,status,head_url,updater,update_date,creator,create_date FROM sys_user WHERE id=?
2026-07-14 20:55:16.070 [http-nio-8002-exec-8] [39mDEBUG[0;39m [36mxiaozhi.modules.sys.dao.SysUserDao.selectById[0;39m - ==> Parameters: 2076997049127047169(Long)
2026-07-14 20:55:16.072 [http-nio-8002-exec-8] [39mDEBUG[0;39m [36mxiaozhi.modules.sys.dao.SysUserDao.selectById[0;39m - <==      Total: 1
2026-07-14 20:55:16.074 [http-nio-8002-exec-8] [39mDEBUG[0;39m [36mxiaozhi.modules.sys.dao.SysUserDao.selectById[0;39m - ==>  Preparing: SELECT id,username,password,super_admin,status,head_url,updater,update_date,creator,create_date FROM sys_user WHERE id=?
2026-07-14 20:55:16.075 [http-nio-8002-exec-8] [39mDEBUG[0;39m [36mxiaozhi.modules.sys.dao.SysUserDao.selectById[0;39m - ==> Parameters: 2076997049127047169(Long)
2026-07-14 20:55:16.078 [http-nio-8002-exec-8] [39mDEBUG[0;39m [36mxiaozhi.modules.sys.dao.SysUserDao.selectById[0;39m - <==      Total: 1
2026-07-14 20:56:54.685 [http-nio-8002-exec-12] [39mDEBUG[0;39m [36mx.modules.security.dao.SysUserTokenDao.getByToken[0;39m - ==>  Preparing: select * from sys_user_token where token = ?
2026-07-14 20:56:54.686 [http-nio-8002-exec-12] [39mDEBUG[0;39m [36mx.modules.security.dao.SysUserTokenDao.getByToken[0;39m - ==> Parameters: 0e24e93fd0ce496ebfe4759d9dcec3c5(String)
2026-07-14 20:56:54.688 [http-nio-8002-exec-12] [39mDEBUG[0;39m [36mx.modules.security.dao.SysUserTokenDao.getByToken[0;39m - <==      Total: 1
2026-07-14 20:56:54.689 [http-nio-8002-exec-12] [39mDEBUG[0;39m [36mxiaozhi.modules.sys.dao.SysUserDao.selectById[0;39m - ==>  Preparing: SELECT id,username,password,super_admin,status,head_url,updater,update_date,creator,create_date FROM sys_user WHERE id=?
2026-07-14 20:56:54.689 [http-nio-8002-exec-12] [39mDEBUG[0;39m [36mxiaozhi.modules.sys.dao.SysUserDao.selectById[0;39m - ==> Parameters: 2076997049127047169(Long)
2026-07-14 20:56:54.690 [http-nio-8002-exec-12] [39mDEBUG[0;39m [36mxiaozhi.modules.sys.dao.SysUserDao.selectById[0;39m - <==      Total: 1
2026-07-14 20:56:54.692 [http-nio-8002-exec-12] [39mDEBUG[0;39m [36mxiaozhi.modules.sys.dao.SysUserDao.selectById[0;39m - ==>  Preparing: SELECT id,username,password,super_admin,status,head_url,updater,update_date,creator,create_date FROM sys_user WHERE id=?
2026-07-14 20:56:54.692 [http-nio-8002-exec-12] [39mDEBUG[0;39m [36mxiaozhi.modules.sys.dao.SysUserDao.selectById[0;39m - ==> Parameters: 2076997049127047169(Long)
2026-07-14 20:56:54.694 [http-nio-8002-exec-12] [39mDEBUG[0;39m [36mxiaozhi.modules.sys.dao.SysUserDao.selectById[0;39m - <==      Total: 1
2026-07-14 21:06:30.126 [http-nio-8002-exec-11] [39mDEBUG[0;39m [36mx.modules.security.dao.SysUserTokenDao.getByToken[0;39m - ==>  Preparing: select * from sys_user_token where token = ?
2026-07-14 21:06:30.127 [http-nio-8002-exec-11] [39mDEBUG[0;39m [36mx.modules.security.dao.SysUserTokenDao.getByToken[0;39m - ==> Parameters: 0e24e93fd0ce496ebfe4759d9dcec3c5(String)
2026-07-14 21:06:30.129 [http-nio-8002-exec-11] [39mDEBUG[0;39m [36mx.modules.security.dao.SysUserTokenDao.getByToken[0;39m - <==      Total: 1
2026-07-14 21:06:30.130 [http-nio-8002-exec-11] [39mDEBUG[0;39m [36mxiaozhi.modules.sys.dao.SysUserDao.selectById[0;39m - ==>  Preparing: SELECT id,username,password,super_admin,status,head_url,updater,update_date,creator,create_date FROM sys_user WHERE id=?
2026-07-14 21:06:30.131 [http-nio-8002-exec-11] [39mDEBUG[0;39m [36mxiaozhi.modules.sys.dao.SysUserDao.selectById[0;39m - ==> Parameters: 2076997049127047169(Long)
2026-07-14 21:06:30.134 [http-nio-8002-exec-11] [39mDEBUG[0;39m [36mxiaozhi.modules.sys.dao.SysUserDao.selectById[0;39m - <==      Total: 1
2026-07-14 21:06:30.136 [http-nio-8002-exec-11] [39mDEBUG[0;39m [36mxiaozhi.modules.sys.dao.SysUserDao.selectById[0;39m - ==>  Preparing: SELECT id,username,password,super_admin,status,head_url,updater,update_date,creator,create_date FROM sys_user WHERE id=?
2026-07-14 21:06:30.136 [http-nio-8002-exec-11] [39mDEBUG[0;39m [36mxiaozhi.modules.sys.dao.SysUserDao.selectById[0;39m - ==> Parameters: 2076997049127047169(Long)
2026-07-14 21:06:30.138 [http-nio-8002-exec-11] [39mDEBUG[0;39m [36mxiaozhi.modules.sys.dao.SysUserDao.selectById[0;39m - <==      Total: 1
2026-07-14 21:06:30.432 [http-nio-8002-exec-14] [39mDEBUG[0;39m [36mx.modules.security.dao.SysUserTokenDao.getByToken[0;39m - ==>  Preparing: select * from sys_user_token where token = ?
2026-07-14 21:06:30.432 [http-nio-8002-exec-14] [39mDEBUG[0;39m [36mx.modules.security.dao.SysUserTokenDao.getByToken[0;39m - ==> Parameters: 0e24e93fd0ce496ebfe4759d9dcec3c5(String)
2026-07-14 21:06:30.434 [http-nio-8002-exec-14] [39mDEBUG[0;39m [36mx.modules.security.dao.SysUserTokenDao.getByToken[0;39m - <==      Total: 1
2026-07-14 21:06:30.435 [http-nio-8002-exec-14] [39mDEBUG[0;39m [36mxiaozhi.modules.sys.dao.SysUserDao.selectById[0;39m - ==>  Preparing: SELECT id,username,password,super_admin,status,head_url,updater,update_date,creator,create_date FROM sys_user WHERE id=?
2026-07-14 21:06:30.435 [http-nio-8002-exec-14] [39mDEBUG[0;39m [36mxiaozhi.modules.sys.dao.SysUserDao.selectById[0;39m - ==> Parameters: 2076997049127047169(Long)
2026-07-14 21:06:30.437 [http-nio-8002-exec-14] [39mDEBUG[0;39m [36mxiaozhi.modules.sys.dao.SysUserDao.selectById[0;39m - <==      Total: 1
2026-07-14 21:06:30.442 [http-nio-8002-exec-14] [39mDEBUG[0;39m [36mxiaozhi.modules.agent.dao.AgentDao.selectList[0;39m - ==>  Preparing: SELECT id,user_id,agent_code,agent_name,asr_model_id,vad_model_id,llm_model_id,vllm_model_id,tts_model_id,tts_voice_id,mem_model_id,intent_model_id,chat_history_conf,system_prompt,summary_memory,lang_code,language,sort,creator,created_at,updater,updated_at FROM ai_agent WHERE (user_id = ?)
2026-07-14 21:06:30.442 [http-nio-8002-exec-14] [39mDEBUG[0;39m [36mxiaozhi.modules.agent.dao.AgentDao.selectList[0;39m - ==> Parameters: 2076997049127047169(Long)
2026-07-14 21:06:30.445 [http-nio-8002-exec-14] [39mDEBUG[0;39m [36mxiaozhi.modules.agent.dao.AgentDao.selectList[0;39m - <==      Total: 1
2026-07-14 21:06:30.452 [http-nio-8002-exec-14] [39mDEBUG[0;39m [36mx.m.d.dao.DeviceDao.getAllLastConnectedAtByAgentId[0;39m - ==>  Preparing: SELECT last_connected_at FROM ai_device WHERE agent_id = ? order by last_connected_at desc limit 0,1
2026-07-14 21:06:30.453 [http-nio-8002-exec-14] [39mDEBUG[0;39m [36mx.m.d.dao.DeviceDao.getAllLastConnectedAtByAgentId[0;39m - ==> Parameters: 859ee126bade45d5a01efbad3fa4c1b0(String)
2026-07-14 21:06:30.454 [http-nio-8002-exec-14] [39mDEBUG[0;39m [36mx.m.d.dao.DeviceDao.getAllLastConnectedAtByAgentId[0;39m - <==      Total: 0
2026-07-14 21:06:30.456 [http-nio-8002-exec-14] [39mDEBUG[0;39m [36mx.m.agent.dao.AgentDao.getDeviceCountByAgentId[0;39m - ==>  Preparing: SELECT COUNT(*) FROM ai_device WHERE agent_id = ?
2026-07-14 21:06:30.457 [http-nio-8002-exec-14] [39mDEBUG[0;39m [36mx.m.agent.dao.AgentDao.getDeviceCountByAgentId[0;39m - ==> Parameters: 859ee126bade45d5a01efbad3fa4c1b0(String)
2026-07-14 21:06:30.458 [http-nio-8002-exec-14] [39mDEBUG[0;39m [36mx.m.agent.dao.AgentDao.getDeviceCountByAgentId[0;39m - <==      Total: 1
2026-07-14 21:06:31.310 [http-nio-8002-exec-16] [39mDEBUG[0;39m [36mx.modules.security.dao.SysUserTokenDao.getByToken[0;39m - ==>  Preparing: select * from sys_user_token where token = ?
2026-07-14 21:06:31.310 [http-nio-8002-exec-16] [39mDEBUG[0;39m [36mx.modules.security.dao.SysUserTokenDao.getByToken[0;39m - ==> Parameters: 0e24e93fd0ce496ebfe4759d9dcec3c5(String)
2026-07-14 21:06:31.312 [http-nio-8002-exec-16] [39mDEBUG[0;39m [36mx.modules.security.dao.SysUserTokenDao.getByToken[0;39m - <==      Total: 1
2026-07-14 21:06:31.313 [http-nio-8002-exec-16] [39mDEBUG[0;39m [36mxiaozhi.modules.sys.dao.SysUserDao.selectById[0;39m - ==>  Preparing: SELECT id,username,password,super_admin,status,head_url,updater,update_date,creator,create_date FROM sys_user WHERE id=?
2026-07-14 21:06:31.313 [http-nio-8002-exec-16] [39mDEBUG[0;39m [36mxiaozhi.modules.sys.dao.SysUserDao.selectById[0;39m - ==> Parameters: 2076997049127047169(Long)
2026-07-14 21:06:31.315 [http-nio-8002-exec-16] [39mDEBUG[0;39m [36mxiaozhi.modules.sys.dao.SysUserDao.selectById[0;39m - <==      Total: 1
2026-07-14 21:06:31.317 [http-nio-8002-exec-16] [39mDEBUG[0;39m [36mxiaozhi.modules.sys.dao.SysUserDao.selectById[0;39m - ==>  Preparing: SELECT id,username,password,super_admin,status,head_url,updater,update_date,creator,create_date FROM sys_user WHERE id=?
2026-07-14 21:06:31.318 [http-nio-8002-exec-16] [39mDEBUG[0;39m [36mxiaozhi.modules.sys.dao.SysUserDao.selectById[0;39m - ==> Parameters: 2076997049127047169(Long)
2026-07-14 21:06:31.319 [http-nio-8002-exec-16] [39mDEBUG[0;39m [36mxiaozhi.modules.sys.dao.SysUserDao.selectById[0;39m - <==      Total: 1
2026-07-14 21:06:33.237 [http-nio-8002-exec-15] [39mDEBUG[0;39m [36mx.modules.security.dao.SysUserTokenDao.getByToken[0;39m - ==>  Preparing: select * from sys_user_token where token = ?
2026-07-14 21:06:33.237 [http-nio-8002-exec-15] [39mDEBUG[0;39m [36mx.modules.security.dao.SysUserTokenDao.getByToken[0;39m - ==> Parameters: 0e24e93fd0ce496ebfe4759d9dcec3c5(String)
2026-07-14 21:06:33.239 [http-nio-8002-exec-15] [39mDEBUG[0;39m [36mx.modules.security.dao.SysUserTokenDao.getByToken[0;39m - <==      Total: 1
2026-07-14 21:06:33.241 [http-nio-8002-exec-15] [39mDEBUG[0;39m [36mxiaozhi.modules.sys.dao.SysUserDao.selectById[0;39m - ==>  Preparing: SELECT id,username,password,super_admin,status,head_url,updater,update_date,creator,create_date FROM sys_user WHERE id=?
2026-07-14 21:06:33.241 [http-nio-8002-exec-15] [39mDEBUG[0;39m [36mxiaozhi.modules.sys.dao.SysUserDao.selectById[0;39m - ==> Parameters: 2076997049127047169(Long)
2026-07-14 21:06:33.242 [http-nio-8002-exec-15] [39mDEBUG[0;39m [36mxiaozhi.modules.sys.dao.SysUserDao.selectById[0;39m - <==      Total: 1
2026-07-14 21:06:33.246 [http-nio-8002-exec-15] [39mDEBUG[0;39m [36mxiaozhi.modules.sys.dao.SysUserDao.selectById[0;39m - ==>  Preparing: SELECT id,username,password,super_admin,status,head_url,updater,update_date,creator,create_date FROM sys_user WHERE id=?
2026-07-14 21:06:33.246 [http-nio-8002-exec-15] [39mDEBUG[0;39m [36mxiaozhi.modules.sys.dao.SysUserDao.selectById[0;39m - ==> Parameters: 2076997049127047169(Long)
2026-07-14 21:06:33.247 [http-nio-8002-exec-15] [39mDEBUG[0;39m [36mxiaozhi.modules.sys.dao.SysUserDao.selectById[0;39m - <==      Total: 1
2026-07-14 21:06:35.433 [http-nio-8002-exec-17] [39mDEBUG[0;39m [36mx.modules.security.dao.SysUserTokenDao.getByToken[0;39m - ==>  Preparing: select * from sys_user_token where token = ?
2026-07-14 21:06:35.433 [http-nio-8002-exec-17] [39mDEBUG[0;39m [36mx.modules.security.dao.SysUserTokenDao.getByToken[0;39m - ==> Parameters: 0e24e93fd0ce496ebfe4759d9dcec3c5(String)
2026-07-14 21:06:35.435 [http-nio-8002-exec-17] [39mDEBUG[0;39m [36mx.modules.security.dao.SysUserTokenDao.getByToken[0;39m - <==      Total: 1
2026-07-14 21:06:35.436 [http-nio-8002-exec-17] [39mDEBUG[0;39m [36mxiaozhi.modules.sys.dao.SysUserDao.selectById[0;39m - ==>  Preparing: SELECT id,username,password,super_admin,status,head_url,updater,update_date,creator,create_date FROM sys_user WHERE id=?
2026-07-14 21:06:35.436 [http-nio-8002-exec-17] [39mDEBUG[0;39m [36mxiaozhi.modules.sys.dao.SysUserDao.selectById[0;39m - ==> Parameters: 2076997049127047169(Long)
2026-07-14 21:06:35.438 [http-nio-8002-exec-17] [39mDEBUG[0;39m [36mxiaozhi.modules.sys.dao.SysUserDao.selectById[0;39m - <==      Total: 1
2026-07-14 21:06:35.440 [http-nio-8002-exec-17] [39mDEBUG[0;39m [36mxiaozhi.modules.sys.dao.SysUserDao.selectById[0;39m - ==>  Preparing: SELECT id,username,password,super_admin,status,head_url,updater,update_date,creator,create_date FROM sys_user WHERE id=?
2026-07-14 21:06:35.440 [http-nio-8002-exec-17] [39mDEBUG[0;39m [36mxiaozhi.modules.sys.dao.SysUserDao.selectById[0;39m - ==> Parameters: 2076997049127047169(Long)
2026-07-14 21:06:35.442 [http-nio-8002-exec-17] [39mDEBUG[0;39m [36mxiaozhi.modules.sys.dao.SysUserDao.selectById[0;39m - <==      Total: 1
2026-07-14 21:06:37.981 [http-nio-8002-exec-18] [39mDEBUG[0;39m [36mx.modules.security.dao.SysUserTokenDao.getByToken[0;39m - ==>  Preparing: select * from sys_user_token where token = ?
2026-07-14 21:06:37.981 [http-nio-8002-exec-18] [39mDEBUG[0;39m [36mx.modules.security.dao.SysUserTokenDao.getByToken[0;39m - ==> Parameters: 0e24e93fd0ce496ebfe4759d9dcec3c5(String)
2026-07-14 21:06:37.983 [http-nio-8002-exec-18] [39mDEBUG[0;39m [36mx.modules.security.dao.SysUserTokenDao.getByToken[0;39m - <==      Total: 1
2026-07-14 21:06:37.983 [http-nio-8002-exec-18] [39mDEBUG[0;39m [36mxiaozhi.modules.sys.dao.SysUserDao.selectById[0;39m - ==>  Preparing: SELECT id,username,password,super_admin,status,head_url,updater,update_date,creator,create_date FROM sys_user WHERE id=?
2026-07-14 21:06:37.983 [http-nio-8002-exec-18] [39mDEBUG[0;39m [36mxiaozhi.modules.sys.dao.SysUserDao.selectById[0;39m - ==> Parameters: 2076997049127047169(Long)
2026-07-14 21:06:37.985 [http-nio-8002-exec-18] [39mDEBUG[0;39m [36mxiaozhi.modules.sys.dao.SysUserDao.selectById[0;39m - <==      Total: 1
2026-07-14 21:06:37.986 [http-nio-8002-exec-18] [39mDEBUG[0;39m [36mxiaozhi.modules.sys.dao.SysUserDao.selectById[0;39m - ==>  Preparing: SELECT id,username,password,super_admin,status,head_url,updater,update_date,creator,create_date FROM sys_user WHERE id=?
2026-07-14 21:06:37.986 [http-nio-8002-exec-18] [39mDEBUG[0;39m [36mxiaozhi.modules.sys.dao.SysUserDao.selectById[0;39m - ==> Parameters: 2076997049127047169(Long)
2026-07-14 21:06:37.988 [http-nio-8002-exec-18] [39mDEBUG[0;39m [36mxiaozhi.modules.sys.dao.SysUserDao.selectById[0;39m - <==      Total: 1
2026-07-14 21:10:37.588 [http-nio-8002-exec-20] [39mDEBUG[0;39m [36mx.modules.security.dao.SysUserTokenDao.getByToken[0;39m - ==>  Preparing: select * from sys_user_token where token = ?
2026-07-14 21:10:37.588 [http-nio-8002-exec-20] [39mDEBUG[0;39m [36mx.modules.security.dao.SysUserTokenDao.getByToken[0;39m - ==> Parameters: 0e24e93fd0ce496ebfe4759d9dcec3c5(String)
2026-07-14 21:10:37.589 [http-nio-8002-exec-20] [39mDEBUG[0;39m [36mx.modules.security.dao.SysUserTokenDao.getByToken[0;39m - <==      Total: 1
2026-07-14 21:10:37.590 [http-nio-8002-exec-20] [39mDEBUG[0;39m [36mxiaozhi.modules.sys.dao.SysUserDao.selectById[0;39m - ==>  Preparing: SELECT id,username,password,super_admin,status,head_url,updater,update_date,creator,create_date FROM sys_user WHERE id=?
2026-07-14 21:10:37.590 [http-nio-8002-exec-20] [39mDEBUG[0;39m [36mxiaozhi.modules.sys.dao.SysUserDao.selectById[0;39m - ==> Parameters: 2076997049127047169(Long)
2026-07-14 21:10:37.592 [http-nio-8002-exec-20] [39mDEBUG[0;39m [36mxiaozhi.modules.sys.dao.SysUserDao.selectById[0;39m - <==      Total: 1
2026-07-14 21:10:37.594 [http-nio-8002-exec-20] [39mDEBUG[0;39m [36mxiaozhi.modules.sys.dao.SysUserDao.selectById[0;39m - ==>  Preparing: SELECT id,username,password,super_admin,status,head_url,updater,update_date,creator,create_date FROM sys_user WHERE id=?
2026-07-14 21:10:37.594 [http-nio-8002-exec-20] [39mDEBUG[0;39m [36mxiaozhi.modules.sys.dao.SysUserDao.selectById[0;39m - ==> Parameters: 2076997049127047169(Long)
2026-07-14 21:10:37.596 [http-nio-8002-exec-20] [39mDEBUG[0;39m [36mxiaozhi.modules.sys.dao.SysUserDao.selectById[0;39m - <==      Total: 1
2026-07-14 21:35:53.625 [http-nio-8002-exec-19] [39mDEBUG[0;39m [36mx.modules.security.dao.SysUserTokenDao.getByToken[0;39m - ==>  Preparing: select * from sys_user_token where token = ?
2026-07-14 21:35:53.626 [http-nio-8002-exec-19] [39mDEBUG[0;39m [36mx.modules.security.dao.SysUserTokenDao.getByToken[0;39m - ==> Parameters: 0e24e93fd0ce496ebfe4759d9dcec3c5(String)
2026-07-14 21:35:53.628 [http-nio-8002-exec-19] [39mDEBUG[0;39m [36mx.modules.security.dao.SysUserTokenDao.getByToken[0;39m - <==      Total: 1
2026-07-14 21:35:53.629 [http-nio-8002-exec-19] [39mDEBUG[0;39m [36mxiaozhi.modules.sys.dao.SysUserDao.selectById[0;39m - ==>  Preparing: SELECT id,username,password,super_admin,status,head_url,updater,update_date,creator,create_date FROM sys_user WHERE id=?
2026-07-14 21:35:53.629 [http-nio-8002-exec-19] [39mDEBUG[0;39m [36mxiaozhi.modules.sys.dao.SysUserDao.selectById[0;39m - ==> Parameters: 2076997049127047169(Long)
2026-07-14 21:35:53.631 [http-nio-8002-exec-19] [39mDEBUG[0;39m [36mxiaozhi.modules.sys.dao.SysUserDao.selectById[0;39m - <==      Total: 1
2026-07-14 21:35:53.632 [http-nio-8002-exec-19] [39mDEBUG[0;39m [36mxiaozhi.modules.sys.dao.SysUserDao.selectById[0;39m - ==>  Preparing: SELECT id,username,password,super_admin,status,head_url,updater,update_date,creator,create_date FROM sys_user WHERE id=?
2026-07-14 21:35:53.633 [http-nio-8002-exec-19] [39mDEBUG[0;39m [36mxiaozhi.modules.sys.dao.SysUserDao.selectById[0;39m - ==> Parameters: 2076997049127047169(Long)
2026-07-14 21:35:53.634 [http-nio-8002-exec-19] [39mDEBUG[0;39m [36mxiaozhi.modules.sys.dao.SysUserDao.selectById[0;39m - <==      Total: 1
2026-07-14 21:35:54.466 [http-nio-8002-exec-21] [39mDEBUG[0;39m [36mx.modules.security.dao.SysUserTokenDao.getByToken[0;39m - ==>  Preparing: select * from sys_user_token where token = ?
2026-07-14 21:35:54.466 [http-nio-8002-exec-21] [39mDEBUG[0;39m [36mx.modules.security.dao.SysUserTokenDao.getByToken[0;39m - ==> Parameters: 0e24e93fd0ce496ebfe4759d9dcec3c5(String)
2026-07-14 21:35:54.467 [http-nio-8002-exec-21] [39mDEBUG[0;39m [36mx.modules.security.dao.SysUserTokenDao.getByToken[0;39m - <==      Total: 1
2026-07-14 21:35:54.468 [http-nio-8002-exec-21] [39mDEBUG[0;39m [36mxiaozhi.modules.sys.dao.SysUserDao.selectById[0;39m - ==>  Preparing: SELECT id,username,password,super_admin,status,head_url,updater,update_date,creator,create_date FROM sys_user WHERE id=?
2026-07-14 21:35:54.469 [http-nio-8002-exec-21] [39mDEBUG[0;39m [36mxiaozhi.modules.sys.dao.SysUserDao.selectById[0;39m - ==> Parameters: 2076997049127047169(Long)
2026-07-14 21:35:54.470 [http-nio-8002-exec-21] [39mDEBUG[0;39m [36mxiaozhi.modules.sys.dao.SysUserDao.selectById[0;39m - <==      Total: 1
2026-07-14 21:35:54.472 [http-nio-8002-exec-21] [39mDEBUG[0;39m [36mxiaozhi.modules.sys.dao.SysUserDao.selectById[0;39m - ==>  Preparing: SELECT id,username,password,super_admin,status,head_url,updater,update_date,creator,create_date FROM sys_user WHERE id=?
2026-07-14 21:35:54.472 [http-nio-8002-exec-21] [39mDEBUG[0;39m [36mxiaozhi.modules.sys.dao.SysUserDao.selectById[0;39m - ==> Parameters: 2076997049127047169(Long)
2026-07-14 21:35:54.474 [http-nio-8002-exec-21] [39mDEBUG[0;39m [36mxiaozhi.modules.sys.dao.SysUserDao.selectById[0;39m - <==      Total: 1
2026-07-14 21:35:56.034 [http-nio-8002-exec-23] [39mDEBUG[0;39m [36mx.modules.security.dao.SysUserTokenDao.getByToken[0;39m - ==>  Preparing: select * from sys_user_token where token = ?
2026-07-14 21:35:56.035 [http-nio-8002-exec-23] [39mDEBUG[0;39m [36mx.modules.security.dao.SysUserTokenDao.getByToken[0;39m - ==> Parameters: 0e24e93fd0ce496ebfe4759d9dcec3c5(String)
2026-07-14 21:35:56.037 [http-nio-8002-exec-23] [39mDEBUG[0;39m [36mx.modules.security.dao.SysUserTokenDao.getByToken[0;39m - <==      Total: 1
2026-07-14 21:35:56.038 [http-nio-8002-exec-23] [39mDEBUG[0;39m [36mxiaozhi.modules.sys.dao.SysUserDao.selectById[0;39m - ==>  Preparing: SELECT id,username,password,super_admin,status,head_url,updater,update_date,creator,create_date FROM sys_user WHERE id=?
2026-07-14 21:35:56.039 [http-nio-8002-exec-23] [39mDEBUG[0;39m [36mxiaozhi.modules.sys.dao.SysUserDao.selectById[0;39m - ==> Parameters: 2076997049127047169(Long)
2026-07-14 21:35:56.041 [http-nio-8002-exec-23] [39mDEBUG[0;39m [36mxiaozhi.modules.sys.dao.SysUserDao.selectById[0;39m - <==      Total: 1
2026-07-14 21:35:56.044 [http-nio-8002-exec-23] [39mDEBUG[0;39m [36mxiaozhi.modules.sys.dao.SysUserDao.selectById[0;39m - ==>  Preparing: SELECT id,username,password,super_admin,status,head_url,updater,update_date,creator,create_date FROM sys_user WHERE id=?
2026-07-14 21:35:56.045 [http-nio-8002-exec-23] [39mDEBUG[0;39m [36mxiaozhi.modules.sys.dao.SysUserDao.selectById[0;39m - ==> Parameters: 2076997049127047169(Long)
2026-07-14 21:35:56.047 [http-nio-8002-exec-23] [39mDEBUG[0;39m [36mxiaozhi.modules.sys.dao.SysUserDao.selectById[0;39m - <==      Total: 1
2026-07-14 21:35:57.661 [http-nio-8002-exec-22] [39mDEBUG[0;39m [36mx.modules.security.dao.SysUserTokenDao.getByToken[0;39m - ==>  Preparing: select * from sys_user_token where token = ?
2026-07-14 21:35:57.661 [http-nio-8002-exec-22] [39mDEBUG[0;39m [36mx.modules.security.dao.SysUserTokenDao.getByToken[0;39m - ==> Parameters: 0e24e93fd0ce496ebfe4759d9dcec3c5(String)
2026-07-14 21:35:57.662 [http-nio-8002-exec-22] [39mDEBUG[0;39m [36mx.modules.security.dao.SysUserTokenDao.getByToken[0;39m - <==      Total: 1
2026-07-14 21:35:57.663 [http-nio-8002-exec-22] [39mDEBUG[0;39m [36mxiaozhi.modules.sys.dao.SysUserDao.selectById[0;39m - ==>  Preparing: SELECT id,username,password,super_admin,status,head_url,updater,update_date,creator,create_date FROM sys_user WHERE id=?
2026-07-14 21:35:57.663 [http-nio-8002-exec-22] [39mDEBUG[0;39m [36mxiaozhi.modules.sys.dao.SysUserDao.selectById[0;39m - ==> Parameters: 2076997049127047169(Long)
2026-07-14 21:35:57.665 [http-nio-8002-exec-22] [39mDEBUG[0;39m [36mxiaozhi.modules.sys.dao.SysUserDao.selectById[0;39m - <==      Total: 1
2026-07-14 21:35:57.666 [http-nio-8002-exec-22] [39mDEBUG[0;39m [36mxiaozhi.modules.sys.dao.SysUserDao.selectById[0;39m - ==>  Preparing: SELECT id,username,password,super_admin,status,head_url,updater,update_date,creator,create_date FROM sys_user WHERE id=?
2026-07-14 21:35:57.667 [http-nio-8002-exec-22] [39mDEBUG[0;39m [36mxiaozhi.modules.sys.dao.SysUserDao.selectById[0;39m - ==> Parameters: 2076997049127047169(Long)
2026-07-14 21:35:57.668 [http-nio-8002-exec-22] [39mDEBUG[0;39m [36mxiaozhi.modules.sys.dao.SysUserDao.selectById[0;39m - <==      Total: 1
2026-07-14 22:17:16.634 [http-nio-8002-exec-24] [39mDEBUG[0;39m [36mx.modules.security.dao.SysUserTokenDao.getByToken[0;39m - ==>  Preparing: select * from sys_user_token where token = ?
2026-07-14 22:17:16.641 [http-nio-8002-exec-24] [39mDEBUG[0;39m [36mx.modules.security.dao.SysUserTokenDao.getByToken[0;39m - ==> Parameters: 0e24e93fd0ce496ebfe4759d9dcec3c5(String)
2026-07-14 22:17:16.646 [http-nio-8002-exec-24] [39mDEBUG[0;39m [36mx.modules.security.dao.SysUserTokenDao.getByToken[0;39m - <==      Total: 1
2026-07-14 22:17:16.649 [http-nio-8002-exec-24] [39mDEBUG[0;39m [36mxiaozhi.modules.sys.dao.SysUserDao.selectById[0;39m - ==>  Preparing: SELECT id,username,password,super_admin,status,head_url,updater,update_date,creator,create_date FROM sys_user WHERE id=?
2026-07-14 22:17:16.649 [http-nio-8002-exec-24] [39mDEBUG[0;39m [36mxiaozhi.modules.sys.dao.SysUserDao.selectById[0;39m - ==> Parameters: 2076997049127047169(Long)
2026-07-14 22:17:16.652 [http-nio-8002-exec-24] [39mDEBUG[0;39m [36mxiaozhi.modules.sys.dao.SysUserDao.selectById[0;39m - <==      Total: 1
2026-07-14 22:17:16.666 [http-nio-8002-exec-24] [39mDEBUG[0;39m [36mxiaozhi.modules.sys.dao.SysUserDao.selectById[0;39m - ==>  Preparing: SELECT id,username,password,super_admin,status,head_url,updater,update_date,creator,create_date FROM sys_user WHERE id=?
2026-07-14 22:17:16.666 [http-nio-8002-exec-24] [39mDEBUG[0;39m [36mxiaozhi.modules.sys.dao.SysUserDao.selectById[0;39m - ==> Parameters: 2076997049127047169(Long)
2026-07-14 22:17:16.668 [http-nio-8002-exec-24] [39mDEBUG[0;39m [36mxiaozhi.modules.sys.dao.SysUserDao.selectById[0;39m - <==      Total: 1
2026-07-14 22:17:19.698 [http-nio-8002-exec-25] [39mDEBUG[0;39m [36mx.modules.security.dao.SysUserTokenDao.getByToken[0;39m - ==>  Preparing: select * from sys_user_token where token = ?
2026-07-14 22:17:19.699 [http-nio-8002-exec-25] [39mDEBUG[0;39m [36mx.modules.security.dao.SysUserTokenDao.getByToken[0;39m - ==> Parameters: 0e24e93fd0ce496ebfe4759d9dcec3c5(String)
2026-07-14 22:17:19.700 [http-nio-8002-exec-25] [39mDEBUG[0;39m [36mx.modules.security.dao.SysUserTokenDao.getByToken[0;39m - <==      Total: 1
2026-07-14 22:17:19.701 [http-nio-8002-exec-25] [39mDEBUG[0;39m [36mxiaozhi.modules.sys.dao.SysUserDao.selectById[0;39m - ==>  Preparing: SELECT id,username,password,super_admin,status,head_url,updater,update_date,creator,create_date FROM sys_user WHERE id=?
2026-07-14 22:17:19.701 [http-nio-8002-exec-25] [39mDEBUG[0;39m [36mxiaozhi.modules.sys.dao.SysUserDao.selectById[0;39m - ==> Parameters: 2076997049127047169(Long)
2026-07-14 22:17:19.703 [http-nio-8002-exec-25] [39mDEBUG[0;39m [36mxiaozhi.modules.sys.dao.SysUserDao.selectById[0;39m - <==      Total: 1
2026-07-14 22:17:19.705 [http-nio-8002-exec-25] [39mDEBUG[0;39m [36mxiaozhi.modules.sys.dao.SysUserDao.selectById[0;39m - ==>  Preparing: SELECT id,username,password,super_admin,status,head_url,updater,update_date,creator,create_date FROM sys_user WHERE id=?
2026-07-14 22:17:19.705 [http-nio-8002-exec-25] [39mDEBUG[0;39m [36mxiaozhi.modules.sys.dao.SysUserDao.selectById[0;39m - ==> Parameters: 2076997049127047169(Long)
2026-07-14 22:17:19.706 [http-nio-8002-exec-25] [39mDEBUG[0;39m [36mxiaozhi.modules.sys.dao.SysUserDao.selectById[0;39m - <==      Total: 1
2026-07-14 22:17:21.303 [http-nio-8002-exec-26] [39mDEBUG[0;39m [36mx.modules.security.dao.SysUserTokenDao.getByToken[0;39m - ==>  Preparing: select * from sys_user_token where token = ?
2026-07-14 22:17:21.303 [http-nio-8002-exec-26] [39mDEBUG[0;39m [36mx.modules.security.dao.SysUserTokenDao.getByToken[0;39m - ==> Parameters: 0e24e93fd0ce496ebfe4759d9dcec3c5(String)
2026-07-14 22:17:21.305 [http-nio-8002-exec-26] [39mDEBUG[0;39m [36mx.modules.security.dao.SysUserTokenDao.getByToken[0;39m - <==      Total: 1
2026-07-14 22:17:21.306 [http-nio-8002-exec-26] [39mDEBUG[0;39m [36mxiaozhi.modules.sys.dao.SysUserDao.selectById[0;39m - ==>  Preparing: SELECT id,username,password,super_admin,status,head_url,updater,update_date,creator,create_date FROM sys_user WHERE id=?
2026-07-14 22:17:21.306 [http-nio-8002-exec-26] [39mDEBUG[0;39m [36mxiaozhi.modules.sys.dao.SysUserDao.selectById[0;39m - ==> Parameters: 2076997049127047169(Long)
2026-07-14 22:17:21.308 [http-nio-8002-exec-26] [39mDEBUG[0;39m [36mxiaozhi.modules.sys.dao.SysUserDao.selectById[0;39m - <==      Total: 1
2026-07-14 22:17:21.310 [http-nio-8002-exec-26] [39mDEBUG[0;39m [36mxiaozhi.modules.sys.dao.SysUserDao.selectById[0;39m - ==>  Preparing: SELECT id,username,password,super_admin,status,head_url,updater,update_date,creator,create_date FROM sys_user WHERE id=?
2026-07-14 22:17:21.310 [http-nio-8002-exec-26] [39mDEBUG[0;39m [36mxiaozhi.modules.sys.dao.SysUserDao.selectById[0;39m - ==> Parameters: 2076997049127047169(Long)
2026-07-14 22:17:21.311 [http-nio-8002-exec-26] [39mDEBUG[0;39m [36mxiaozhi.modules.sys.dao.SysUserDao.selectById[0;39m - <==      Total: 1
2026-07-14 22:17:22.189 [http-nio-8002-exec-27] [39mDEBUG[0;39m [36mx.modules.security.dao.SysUserTokenDao.getByToken[0;39m - ==>  Preparing: select * from sys_user_token where token = ?
2026-07-14 22:17:22.190 [http-nio-8002-exec-27] [39mDEBUG[0;39m [36mx.modules.security.dao.SysUserTokenDao.getByToken[0;39m - ==> Parameters: 0e24e93fd0ce496ebfe4759d9dcec3c5(String)
2026-07-14 22:17:22.191 [http-nio-8002-exec-27] [39mDEBUG[0;39m [36mx.modules.security.dao.SysUserTokenDao.getByToken[0;39m - <==      Total: 1
2026-07-14 22:17:22.192 [http-nio-8002-exec-27] [39mDEBUG[0;39m [36mxiaozhi.modules.sys.dao.SysUserDao.selectById[0;39m - ==>  Preparing: SELECT id,username,password,super_admin,status,head_url,updater,update_date,creator,create_date FROM sys_user WHERE id=?
2026-07-14 22:17:22.192 [http-nio-8002-exec-27] [39mDEBUG[0;39m [36mxiaozhi.modules.sys.dao.SysUserDao.selectById[0;39m - ==> Parameters: 2076997049127047169(Long)
2026-07-14 22:17:22.193 [http-nio-8002-exec-27] [39mDEBUG[0;39m [36mxiaozhi.modules.sys.dao.SysUserDao.selectById[0;39m - <==      Total: 1
2026-07-14 22:17:22.195 [http-nio-8002-exec-27] [39mDEBUG[0;39m [36mxiaozhi.modules.sys.dao.SysUserDao.selectById[0;39m - ==>  Preparing: SELECT id,username,password,super_admin,status,head_url,updater,update_date,creator,create_date FROM sys_user WHERE id=?
2026-07-14 22:17:22.196 [http-nio-8002-exec-27] [39mDEBUG[0;39m [36mxiaozhi.modules.sys.dao.SysUserDao.selectById[0;39m - ==> Parameters: 2076997049127047169(Long)
2026-07-14 22:17:22.197 [http-nio-8002-exec-27] [39mDEBUG[0;39m [36mxiaozhi.modules.sys.dao.SysUserDao.selectById[0;39m - <==      Total: 1
2026-07-14 22:17:22.498 [http-nio-8002-exec-28] [39mDEBUG[0;39m [36mx.modules.security.dao.SysUserTokenDao.getByToken[0;39m - ==>  Preparing: select * from sys_user_token where token = ?
2026-07-14 22:17:22.498 [http-nio-8002-exec-28] [39mDEBUG[0;39m [36mx.modules.security.dao.SysUserTokenDao.getByToken[0;39m - ==> Parameters: 0e24e93fd0ce496ebfe4759d9dcec3c5(String)
2026-07-14 22:17:22.500 [http-nio-8002-exec-28] [39mDEBUG[0;39m [36mx.modules.security.dao.SysUserTokenDao.getByToken[0;39m - <==      Total: 1
2026-07-14 22:17:22.501 [http-nio-8002-exec-28] [39mDEBUG[0;39m [36mxiaozhi.modules.sys.dao.SysUserDao.selectById[0;39m - ==>  Preparing: SELECT id,username,password,super_admin,status,head_url,updater,update_date,creator,create_date FROM sys_user WHERE id=?
2026-07-14 22:17:22.501 [http-nio-8002-exec-28] [39mDEBUG[0;39m [36mxiaozhi.modules.sys.dao.SysUserDao.selectById[0;39m - ==> Parameters: 2076997049127047169(Long)
2026-07-14 22:17:22.502 [http-nio-8002-exec-28] [39mDEBUG[0;39m [36mxiaozhi.modules.sys.dao.SysUserDao.selectById[0;39m - <==      Total: 1
2026-07-14 22:17:22.513 [http-nio-8002-exec-28] [39mDEBUG[0;39m [36mxiaozhi.modules.agent.dao.AgentDao.selectList[0;39m - ==>  Preparing: SELECT id,user_id,agent_code,agent_name,asr_model_id,vad_model_id,llm_model_id,vllm_model_id,tts_model_id,tts_voice_id,mem_model_id,intent_model_id,chat_history_conf,system_prompt,summary_memory,lang_code,language,sort,creator,created_at,updater,updated_at FROM ai_agent WHERE (user_id = ?)
2026-07-14 22:17:22.514 [http-nio-8002-exec-28] [39mDEBUG[0;39m [36mxiaozhi.modules.agent.dao.AgentDao.selectList[0;39m - ==> Parameters: 2076997049127047169(Long)
2026-07-14 22:17:22.518 [http-nio-8002-exec-28] [39mDEBUG[0;39m [36mxiaozhi.modules.agent.dao.AgentDao.selectList[0;39m - <==      Total: 1
2026-07-14 22:17:22.525 [http-nio-8002-exec-28] [39mDEBUG[0;39m [36mx.m.d.dao.DeviceDao.getAllLastConnectedAtByAgentId[0;39m - ==>  Preparing: SELECT last_connected_at FROM ai_device WHERE agent_id = ? order by last_connected_at desc limit 0,1
2026-07-14 22:17:22.526 [http-nio-8002-exec-28] [39mDEBUG[0;39m [36mx.m.d.dao.DeviceDao.getAllLastConnectedAtByAgentId[0;39m - ==> Parameters: 859ee126bade45d5a01efbad3fa4c1b0(String)
2026-07-14 22:17:22.528 [http-nio-8002-exec-28] [39mDEBUG[0;39m [36mx.m.d.dao.DeviceDao.getAllLastConnectedAtByAgentId[0;39m - <==      Total: 0
2026-07-14 22:17:22.529 [http-nio-8002-exec-28] [39mDEBUG[0;39m [36mx.m.agent.dao.AgentDao.getDeviceCountByAgentId[0;39m - ==>  Preparing: SELECT COUNT(*) FROM ai_device WHERE agent_id = ?
2026-07-14 22:17:22.530 [http-nio-8002-exec-28] [39mDEBUG[0;39m [36mx.m.agent.dao.AgentDao.getDeviceCountByAgentId[0;39m - ==> Parameters: 859ee126bade45d5a01efbad3fa4c1b0(String)
2026-07-14 22:17:22.531 [http-nio-8002-exec-28] [39mDEBUG[0;39m [36mx.m.agent.dao.AgentDao.getDeviceCountByAgentId[0;39m - <==      Total: 1
2026-07-14 22:54:47.822 [http-nio-8002-exec-30] [39mDEBUG[0;39m [36mx.modules.security.dao.SysUserTokenDao.getByToken[0;39m - ==>  Preparing: select * from sys_user_token where token = ?
2026-07-14 22:54:47.826 [http-nio-8002-exec-30] [39mDEBUG[0;39m [36mx.modules.security.dao.SysUserTokenDao.getByToken[0;39m - ==> Parameters: 0e24e93fd0ce496ebfe4759d9dcec3c5(String)
2026-07-14 22:54:47.834 [http-nio-8002-exec-30] [39mDEBUG[0;39m [36mx.modules.security.dao.SysUserTokenDao.getByToken[0;39m - <==      Total: 1
2026-07-14 22:54:47.837 [http-nio-8002-exec-30] [39mDEBUG[0;39m [36mxiaozhi.modules.sys.dao.SysUserDao.selectById[0;39m - ==>  Preparing: SELECT id,username,password,super_admin,status,head_url,updater,update_date,creator,create_date FROM sys_user WHERE id=?
2026-07-14 22:54:47.838 [http-nio-8002-exec-30] [39mDEBUG[0;39m [36mxiaozhi.modules.sys.dao.SysUserDao.selectById[0;39m - ==> Parameters: 2076997049127047169(Long)
2026-07-14 22:54:47.841 [http-nio-8002-exec-30] [39mDEBUG[0;39m [36mxiaozhi.modules.sys.dao.SysUserDao.selectById[0;39m - <==      Total: 1
2026-07-14 22:54:47.856 [http-nio-8002-exec-30] [39mDEBUG[0;39m [36mxiaozhi.modules.sys.dao.SysUserDao.selectById[0;39m - ==>  Preparing: SELECT id,username,password,super_admin,status,head_url,updater,update_date,creator,create_date FROM sys_user WHERE id=?
2026-07-14 22:54:47.857 [http-nio-8002-exec-30] [39mDEBUG[0;39m [36mxiaozhi.modules.sys.dao.SysUserDao.selectById[0;39m - ==> Parameters: 2076997049127047169(Long)
2026-07-14 22:54:47.859 [http-nio-8002-exec-30] [39mDEBUG[0;39m [36mxiaozhi.modules.sys.dao.SysUserDao.selectById[0;39m - <==      Total: 1
2026-07-14 22:54:48.559 [http-nio-8002-exec-2] [39mDEBUG[0;39m [36mx.modules.security.dao.SysUserTokenDao.getByToken[0;39m - ==>  Preparing: select * from sys_user_token where token = ?
2026-07-14 22:54:48.559 [http-nio-8002-exec-2] [39mDEBUG[0;39m [36mx.modules.security.dao.SysUserTokenDao.getByToken[0;39m - ==> Parameters: 0e24e93fd0ce496ebfe4759d9dcec3c5(String)
2026-07-14 22:54:48.561 [http-nio-8002-exec-2] [39mDEBUG[0;39m [36mx.modules.security.dao.SysUserTokenDao.getByToken[0;39m - <==      Total: 1
2026-07-14 22:54:48.562 [http-nio-8002-exec-2] [39mDEBUG[0;39m [36mxiaozhi.modules.sys.dao.SysUserDao.selectById[0;39m - ==>  Preparing: SELECT id,username,password,super_admin,status,head_url,updater,update_date,creator,create_date FROM sys_user WHERE id=?
2026-07-14 22:54:48.562 [http-nio-8002-exec-2] [39mDEBUG[0;39m [36mxiaozhi.modules.sys.dao.SysUserDao.selectById[0;39m - ==> Parameters: 2076997049127047169(Long)
2026-07-14 22:54:48.563 [http-nio-8002-exec-2] [39mDEBUG[0;39m [36mxiaozhi.modules.sys.dao.SysUserDao.selectById[0;39m - <==      Total: 1
2026-07-14 22:54:48.566 [http-nio-8002-exec-2] [39mDEBUG[0;39m [36mxiaozhi.modules.sys.dao.SysUserDao.selectById[0;39m - ==>  Preparing: SELECT id,username,password,super_admin,status,head_url,updater,update_date,creator,create_date FROM sys_user WHERE id=?
2026-07-14 22:54:48.566 [http-nio-8002-exec-2] [39mDEBUG[0;39m [36mxiaozhi.modules.sys.dao.SysUserDao.selectById[0;39m - ==> Parameters: 2076997049127047169(Long)
2026-07-14 22:54:48.567 [http-nio-8002-exec-2] [39mDEBUG[0;39m [36mxiaozhi.modules.sys.dao.SysUserDao.selectById[0;39m - <==      Total: 1
2026-07-14 23:17:48.982 [http-nio-8002-exec-4] [39mDEBUG[0;39m [36mx.modules.security.dao.SysUserTokenDao.getByToken[0;39m - ==>  Preparing: select * from sys_user_token where token = ?
2026-07-14 23:17:48.983 [http-nio-8002-exec-4] [39mDEBUG[0;39m [36mx.modules.security.dao.SysUserTokenDao.getByToken[0;39m - ==> Parameters: 0e24e93fd0ce496ebfe4759d9dcec3c5(String)
2026-07-14 23:17:48.986 [http-nio-8002-exec-4] [39mDEBUG[0;39m [36mx.modules.security.dao.SysUserTokenDao.getByToken[0;39m - <==      Total: 1
2026-07-14 23:17:48.988 [http-nio-8002-exec-4] [39mDEBUG[0;39m [36mxiaozhi.modules.sys.dao.SysUserDao.selectById[0;39m - ==>  Preparing: SELECT id,username,password,super_admin,status,head_url,updater,update_date,creator,create_date FROM sys_user WHERE id=?
2026-07-14 23:17:48.989 [http-nio-8002-exec-4] [39mDEBUG[0;39m [36mxiaozhi.modules.sys.dao.SysUserDao.selectById[0;39m - ==> Parameters: 2076997049127047169(Long)
2026-07-14 23:17:48.991 [http-nio-8002-exec-4] [39mDEBUG[0;39m [36mxiaozhi.modules.sys.dao.SysUserDao.selectById[0;39m - <==      Total: 1
2026-07-14 23:17:48.995 [http-nio-8002-exec-4] [39mDEBUG[0;39m [36mxiaozhi.modules.sys.dao.SysUserDao.selectById[0;39m - ==>  Preparing: SELECT id,username,password,super_admin,status,head_url,updater,update_date,creator,create_date FROM sys_user WHERE id=?
2026-07-14 23:17:48.995 [http-nio-8002-exec-4] [39mDEBUG[0;39m [36mxiaozhi.modules.sys.dao.SysUserDao.selectById[0;39m - ==> Parameters: 2076997049127047169(Long)
2026-07-14 23:17:48.998 [http-nio-8002-exec-4] [39mDEBUG[0;39m [36mxiaozhi.modules.sys.dao.SysUserDao.selectById[0;39m - <==      Total: 1
2026-07-14 23:17:52.478 [http-nio-8002-exec-5] [39mDEBUG[0;39m [36mx.modules.security.dao.SysUserTokenDao.getByToken[0;39m - ==>  Preparing: select * from sys_user_token where token = ?
2026-07-14 23:17:52.478 [http-nio-8002-exec-5] [39mDEBUG[0;39m [36mx.modules.security.dao.SysUserTokenDao.getByToken[0;39m - ==> Parameters: 0e24e93fd0ce496ebfe4759d9dcec3c5(String)
2026-07-14 23:17:52.482 [http-nio-8002-exec-5] [39mDEBUG[0;39m [36mx.modules.security.dao.SysUserTokenDao.getByToken[0;39m - <==      Total: 1
2026-07-14 23:17:52.484 [http-nio-8002-exec-5] [39mDEBUG[0;39m [36mxiaozhi.modules.sys.dao.SysUserDao.selectById[0;39m - ==>  Preparing: SELECT id,username,password,super_admin,status,head_url,updater,update_date,creator,create_date FROM sys_user WHERE id=?
2026-07-14 23:17:52.485 [http-nio-8002-exec-5] [39mDEBUG[0;39m [36mxiaozhi.modules.sys.dao.SysUserDao.selectById[0;39m - ==> Parameters: 2076997049127047169(Long)
2026-07-14 23:17:52.488 [http-nio-8002-exec-5] [39mDEBUG[0;39m [36mxiaozhi.modules.sys.dao.SysUserDao.selectById[0;39m - <==      Total: 1
2026-07-14 23:17:52.490 [http-nio-8002-exec-5] [39mDEBUG[0;39m [36mxiaozhi.modules.sys.dao.SysUserDao.selectById[0;39m - ==>  Preparing: SELECT id,username,password,super_admin,status,head_url,updater,update_date,creator,create_date FROM sys_user WHERE id=?
2026-07-14 23:17:52.492 [http-nio-8002-exec-5] [39mDEBUG[0;39m [36mxiaozhi.modules.sys.dao.SysUserDao.selectById[0;39m - ==> Parameters: 2076997049127047169(Long)
2026-07-14 23:17:52.495 [http-nio-8002-exec-5] [39mDEBUG[0;39m [36mxiaozhi.modules.sys.dao.SysUserDao.selectById[0;39m - <==      Total: 1
2026-07-14 23:17:54.073 [http-nio-8002-exec-6] [39mDEBUG[0;39m [36mx.modules.security.dao.SysUserTokenDao.getByToken[0;39m - ==>  Preparing: select * from sys_user_token where token = ?
2026-07-14 23:17:54.073 [http-nio-8002-exec-6] [39mDEBUG[0;39m [36mx.modules.security.dao.SysUserTokenDao.getByToken[0;39m - ==> Parameters: 0e24e93fd0ce496ebfe4759d9dcec3c5(String)
2026-07-14 23:17:54.077 [http-nio-8002-exec-6] [39mDEBUG[0;39m [36mx.modules.security.dao.SysUserTokenDao.getByToken[0;39m - <==      Total: 1
2026-07-14 23:17:54.079 [http-nio-8002-exec-6] [39mDEBUG[0;39m [36mxiaozhi.modules.sys.dao.SysUserDao.selectById[0;39m - ==>  Preparing: SELECT id,username,password,super_admin,status,head_url,updater,update_date,creator,create_date FROM sys_user WHERE id=?
2026-07-14 23:17:54.079 [http-nio-8002-exec-6] [39mDEBUG[0;39m [36mxiaozhi.modules.sys.dao.SysUserDao.selectById[0;39m - ==> Parameters: 2076997049127047169(Long)
2026-07-14 23:17:54.082 [http-nio-8002-exec-6] [39mDEBUG[0;39m [36mxiaozhi.modules.sys.dao.SysUserDao.selectById[0;39m - <==      Total: 1
2026-07-14 23:17:54.086 [http-nio-8002-exec-6] [39mDEBUG[0;39m [36mxiaozhi.modules.sys.dao.SysUserDao.selectById[0;39m - ==>  Preparing: SELECT id,username,password,super_admin,status,head_url,updater,update_date,creator,create_date FROM sys_user WHERE id=?
2026-07-14 23:17:54.086 [http-nio-8002-exec-6] [39mDEBUG[0;39m [36mxiaozhi.modules.sys.dao.SysUserDao.selectById[0;39m - ==> Parameters: 2076997049127047169(Long)
2026-07-14 23:17:54.089 [http-nio-8002-exec-6] [39mDEBUG[0;39m [36mxiaozhi.modules.sys.dao.SysUserDao.selectById[0;39m - <==      Total: 1
2026-07-14 23:17:55.145 [http-nio-8002-exec-7] [39mDEBUG[0;39m [36mx.modules.security.dao.SysUserTokenDao.getByToken[0;39m - ==>  Preparing: select * from sys_user_token where token = ?
2026-07-14 23:17:55.145 [http-nio-8002-exec-7] [39mDEBUG[0;39m [36mx.modules.security.dao.SysUserTokenDao.getByToken[0;39m - ==> Parameters: 0e24e93fd0ce496ebfe4759d9dcec3c5(String)
2026-07-14 23:17:55.147 [http-nio-8002-exec-7] [39mDEBUG[0;39m [36mx.modules.security.dao.SysUserTokenDao.getByToken[0;39m - <==      Total: 1
2026-07-14 23:17:55.149 [http-nio-8002-exec-7] [39mDEBUG[0;39m [36mxiaozhi.modules.sys.dao.SysUserDao.selectById[0;39m - ==>  Preparing: SELECT id,username,password,super_admin,status,head_url,updater,update_date,creator,create_date FROM sys_user WHERE id=?
2026-07-14 23:17:55.149 [http-nio-8002-exec-7] [39mDEBUG[0;39m [36mxiaozhi.modules.sys.dao.SysUserDao.selectById[0;39m - ==> Parameters: 2076997049127047169(Long)
2026-07-14 23:17:55.152 [http-nio-8002-exec-7] [39mDEBUG[0;39m [36mxiaozhi.modules.sys.dao.SysUserDao.selectById[0;39m - <==      Total: 1
2026-07-14 23:17:55.155 [http-nio-8002-exec-7] [39mDEBUG[0;39m [36mxiaozhi.modules.sys.dao.SysUserDao.selectById[0;39m - ==>  Preparing: SELECT id,username,password,super_admin,status,head_url,updater,update_date,creator,create_date FROM sys_user WHERE id=?
2026-07-14 23:17:55.156 [http-nio-8002-exec-7] [39mDEBUG[0;39m [36mxiaozhi.modules.sys.dao.SysUserDao.selectById[0;39m - ==> Parameters: 2076997049127047169(Long)
2026-07-14 23:17:55.158 [http-nio-8002-exec-7] [39mDEBUG[0;39m [36mxiaozhi.modules.sys.dao.SysUserDao.selectById[0;39m - <==      Total: 1
2026-07-14 23:17:57.509 [http-nio-8002-exec-9] [39mDEBUG[0;39m [36mx.modules.security.dao.SysUserTokenDao.getByToken[0;39m - ==>  Preparing: select * from sys_user_token where token = ?
2026-07-14 23:17:57.510 [http-nio-8002-exec-9] [39mDEBUG[0;39m [36mx.modules.security.dao.SysUserTokenDao.getByToken[0;39m - ==> Parameters: 0e24e93fd0ce496ebfe4759d9dcec3c5(String)
2026-07-14 23:17:57.514 [http-nio-8002-exec-9] [39mDEBUG[0;39m [36mx.modules.security.dao.SysUserTokenDao.getByToken[0;39m - <==      Total: 1
2026-07-14 23:17:57.515 [http-nio-8002-exec-9] [39mDEBUG[0;39m [36mxiaozhi.modules.sys.dao.SysUserDao.selectById[0;39m - ==>  Preparing: SELECT id,username,password,super_admin,status,head_url,updater,update_date,creator,create_date FROM sys_user WHERE id=?
2026-07-14 23:17:57.516 [http-nio-8002-exec-9] [39mDEBUG[0;39m [36mxiaozhi.modules.sys.dao.SysUserDao.selectById[0;39m - ==> Parameters: 2076997049127047169(Long)
2026-07-14 23:17:57.519 [http-nio-8002-exec-9] [39mDEBUG[0;39m [36mxiaozhi.modules.sys.dao.SysUserDao.selectById[0;39m - <==      Total: 1
2026-07-14 23:17:57.523 [http-nio-8002-exec-9] [39mDEBUG[0;39m [36mxiaozhi.modules.sys.dao.SysUserDao.selectById[0;39m - ==>  Preparing: SELECT id,username,password,super_admin,status,head_url,updater,update_date,creator,create_date FROM sys_user WHERE id=?
2026-07-14 23:17:57.523 [http-nio-8002-exec-9] [39mDEBUG[0;39m [36mxiaozhi.modules.sys.dao.SysUserDao.selectById[0;39m - ==> Parameters: 2076997049127047169(Long)
2026-07-14 23:17:57.527 [http-nio-8002-exec-9] [39mDEBUG[0;39m [36mxiaozhi.modules.sys.dao.SysUserDao.selectById[0;39m - <==      Total: 1
2026-07-14 23:17:57.818 [http-nio-8002-exec-8] [39mDEBUG[0;39m [36mx.modules.security.dao.SysUserTokenDao.getByToken[0;39m - ==>  Preparing: select * from sys_user_token where token = ?
2026-07-14 23:17:57.818 [http-nio-8002-exec-8] [39mDEBUG[0;39m [36mx.modules.security.dao.SysUserTokenDao.getByToken[0;39m - ==> Parameters: 0e24e93fd0ce496ebfe4759d9dcec3c5(String)
2026-07-14 23:17:57.822 [http-nio-8002-exec-8] [39mDEBUG[0;39m [36mx.modules.security.dao.SysUserTokenDao.getByToken[0;39m - <==      Total: 1
2026-07-14 23:17:57.823 [http-nio-8002-exec-8] [39mDEBUG[0;39m [36mxiaozhi.modules.sys.dao.SysUserDao.selectById[0;39m - ==>  Preparing: SELECT id,username,password,super_admin,status,head_url,updater,update_date,creator,create_date FROM sys_user WHERE id=?
2026-07-14 23:17:57.824 [http-nio-8002-exec-8] [39mDEBUG[0;39m [36mxiaozhi.modules.sys.dao.SysUserDao.selectById[0;39m - ==> Parameters: 2076997049127047169(Long)
2026-07-14 23:17:57.826 [http-nio-8002-exec-8] [39mDEBUG[0;39m [36mxiaozhi.modules.sys.dao.SysUserDao.selectById[0;39m - <==      Total: 1
2026-07-14 23:17:57.849 [http-nio-8002-exec-8] [39mDEBUG[0;39m [36mxiaozhi.modules.agent.dao.AgentDao.selectList[0;39m - ==>  Preparing: SELECT id,user_id,agent_code,agent_name,asr_model_id,vad_model_id,llm_model_id,vllm_model_id,tts_model_id,tts_voice_id,mem_model_id,intent_model_id,chat_history_conf,system_prompt,summary_memory,lang_code,language,sort,creator,created_at,updater,updated_at FROM ai_agent WHERE (user_id = ?)
2026-07-14 23:17:57.849 [http-nio-8002-exec-8] [39mDEBUG[0;39m [36mxiaozhi.modules.agent.dao.AgentDao.selectList[0;39m - ==> Parameters: 2076997049127047169(Long)
2026-07-14 23:17:57.856 [http-nio-8002-exec-8] [39mDEBUG[0;39m [36mxiaozhi.modules.agent.dao.AgentDao.selectList[0;39m - <==      Total: 1
2026-07-14 23:17:57.874 [http-nio-8002-exec-8] [39mDEBUG[0;39m [36mx.m.d.dao.DeviceDao.getAllLastConnectedAtByAgentId[0;39m - ==>  Preparing: SELECT last_connected_at FROM ai_device WHERE agent_id = ? order by last_connected_at desc limit 0,1
2026-07-14 23:17:57.875 [http-nio-8002-exec-8] [39mDEBUG[0;39m [36mx.m.d.dao.DeviceDao.getAllLastConnectedAtByAgentId[0;39m - ==> Parameters: 859ee126bade45d5a01efbad3fa4c1b0(String)
2026-07-14 23:17:57.879 [http-nio-8002-exec-8] [39mDEBUG[0;39m [36mx.m.d.dao.DeviceDao.getAllLastConnectedAtByAgentId[0;39m - <==      Total: 0
2026-07-14 23:17:57.882 [http-nio-8002-exec-8] [39mDEBUG[0;39m [36mx.m.agent.dao.AgentDao.getDeviceCountByAgentId[0;39m - ==>  Preparing: SELECT COUNT(*) FROM ai_device WHERE agent_id = ?
2026-07-14 23:17:57.883 [http-nio-8002-exec-8] [39mDEBUG[0;39m [36mx.m.agent.dao.AgentDao.getDeviceCountByAgentId[0;39m - ==> Parameters: 859ee126bade45d5a01efbad3fa4c1b0(String)
2026-07-14 23:17:57.886 [http-nio-8002-exec-8] [39mDEBUG[0;39m [36mx.m.agent.dao.AgentDao.getDeviceCountByAgentId[0;39m - <==      Total: 1
2026-07-14 23:18:02.497 [http-nio-8002-exec-12] [39mDEBUG[0;39m [36mx.modules.security.dao.SysUserTokenDao.getByToken[0;39m - ==>  Preparing: select * from sys_user_token where token = ?
2026-07-14 23:18:02.497 [http-nio-8002-exec-12] [39mDEBUG[0;39m [36mx.modules.security.dao.SysUserTokenDao.getByToken[0;39m - ==> Parameters: 0e24e93fd0ce496ebfe4759d9dcec3c5(String)
2026-07-14 23:18:02.500 [http-nio-8002-exec-12] [39mDEBUG[0;39m [36mx.modules.security.dao.SysUserTokenDao.getByToken[0;39m - <==      Total: 1
2026-07-14 23:18:02.502 [http-nio-8002-exec-12] [39mDEBUG[0;39m [36mxiaozhi.modules.sys.dao.SysUserDao.selectById[0;39m - ==>  Preparing: SELECT id,username,password,super_admin,status,head_url,updater,update_date,creator,create_date FROM sys_user WHERE id=?
2026-07-14 23:18:02.502 [http-nio-8002-exec-12] [39mDEBUG[0;39m [36mxiaozhi.modules.sys.dao.SysUserDao.selectById[0;39m - ==> Parameters: 2076997049127047169(Long)
2026-07-14 23:18:02.505 [http-nio-8002-exec-12] [39mDEBUG[0;39m [36mxiaozhi.modules.sys.dao.SysUserDao.selectById[0;39m - <==      Total: 1
2026-07-14 23:18:02.510 [http-nio-8002-exec-12] [39mDEBUG[0;39m [36mxiaozhi.modules.sys.dao.SysUserDao.selectById[0;39m - ==>  Preparing: SELECT id,username,password,super_admin,status,head_url,updater,update_date,creator,create_date FROM sys_user WHERE id=?
2026-07-14 23:18:02.510 [http-nio-8002-exec-12] [39mDEBUG[0;39m [36mxiaozhi.modules.sys.dao.SysUserDao.selectById[0;39m - ==> Parameters: 2076997049127047169(Long)
2026-07-14 23:18:02.514 [http-nio-8002-exec-12] [39mDEBUG[0;39m [36mxiaozhi.modules.sys.dao.SysUserDao.selectById[0;39m - <==      Total: 1
2026-07-14 23:18:13.026 [http-nio-8002-exec-11] [39mDEBUG[0;39m [36mx.modules.security.dao.SysUserTokenDao.getByToken[0;39m - ==>  Preparing: select * from sys_user_token where token = ?
2026-07-14 23:18:13.028 [http-nio-8002-exec-11] [39mDEBUG[0;39m [36mx.modules.security.dao.SysUserTokenDao.getByToken[0;39m - ==> Parameters: 0e24e93fd0ce496ebfe4759d9dcec3c5(String)
2026-07-14 23:18:13.030 [http-nio-8002-exec-11] [39mDEBUG[0;39m [36mx.modules.security.dao.SysUserTokenDao.getByToken[0;39m - <==      Total: 1
2026-07-14 23:18:13.032 [http-nio-8002-exec-11] [39mDEBUG[0;39m [36mxiaozhi.modules.sys.dao.SysUserDao.selectById[0;39m - ==>  Preparing: SELECT id,username,password,super_admin,status,head_url,updater,update_date,creator,create_date FROM sys_user WHERE id=?
2026-07-14 23:18:13.032 [http-nio-8002-exec-11] [39mDEBUG[0;39m [36mxiaozhi.modules.sys.dao.SysUserDao.selectById[0;39m - ==> Parameters: 2076997049127047169(Long)
2026-07-14 23:18:13.034 [http-nio-8002-exec-11] [39mDEBUG[0;39m [36mxiaozhi.modules.sys.dao.SysUserDao.selectById[0;39m - <==      Total: 1
2026-07-14 23:18:13.146 [http-nio-8002-exec-13] [39mDEBUG[0;39m [36mx.modules.security.dao.SysUserTokenDao.getByToken[0;39m - ==>  Preparing: select * from sys_user_token where token = ?
2026-07-14 23:18:13.147 [http-nio-8002-exec-13] [39mDEBUG[0;39m [36mx.modules.security.dao.SysUserTokenDao.getByToken[0;39m - ==> Parameters: 0e24e93fd0ce496ebfe4759d9dcec3c5(String)
2026-07-14 23:18:13.149 [http-nio-8002-exec-13] [39mDEBUG[0;39m [36mx.modules.security.dao.SysUserTokenDao.getByToken[0;39m - <==      Total: 1
2026-07-14 23:18:13.151 [http-nio-8002-exec-13] [39mDEBUG[0;39m [36mxiaozhi.modules.sys.dao.SysUserDao.selectById[0;39m - ==>  Preparing: SELECT id,username,password,super_admin,status,head_url,updater,update_date,creator,create_date FROM sys_user WHERE id=?
2026-07-14 23:18:13.151 [http-nio-8002-exec-13] [39mDEBUG[0;39m [36mxiaozhi.modules.sys.dao.SysUserDao.selectById[0;39m - ==> Parameters: 2076997049127047169(Long)
2026-07-14 23:18:13.154 [http-nio-8002-exec-13] [39mDEBUG[0;39m [36mxiaozhi.modules.sys.dao.SysUserDao.selectById[0;39m - <==      Total: 1
2026-07-14 23:18:13.158 [http-nio-8002-exec-13] [39mDEBUG[0;39m [36mxiaozhi.modules.sys.dao.SysUserDao.selectById[0;39m - ==>  Preparing: SELECT id,username,password,super_admin,status,head_url,updater,update_date,creator,create_date FROM sys_user WHERE id=?
2026-07-14 23:18:13.160 [http-nio-8002-exec-13] [39mDEBUG[0;39m [36mxiaozhi.modules.sys.dao.SysUserDao.selectById[0;39m - ==> Parameters: 2076997049127047169(Long)
2026-07-14 23:18:13.162 [http-nio-8002-exec-13] [39mDEBUG[0;39m [36mxiaozhi.modules.sys.dao.SysUserDao.selectById[0;39m - <==      Total: 1
2026-07-14 23:18:13.188 [http-nio-8002-exec-11] [31mWARN [0;39m [36mxiaozhi.common.exception.RenExceptionHandler[0;39m - Resource not found: No static resource corpus/dialogs.
2026-07-14 23:18:13.335 [http-nio-8002-exec-14] [39mDEBUG[0;39m [36mx.modules.security.dao.SysUserTokenDao.getByToken[0;39m - ==>  Preparing: select * from sys_user_token where token = ?
2026-07-14 23:18:13.335 [http-nio-8002-exec-14] [39mDEBUG[0;39m [36mx.modules.security.dao.SysUserTokenDao.getByToken[0;39m - ==> Parameters: 0e24e93fd0ce496ebfe4759d9dcec3c5(String)
2026-07-14 23:18:13.339 [http-nio-8002-exec-14] [39mDEBUG[0;39m [36mx.modules.security.dao.SysUserTokenDao.getByToken[0;39m - <==      Total: 1
2026-07-14 23:18:13.341 [http-nio-8002-exec-14] [39mDEBUG[0;39m [36mxiaozhi.modules.sys.dao.SysUserDao.selectById[0;39m - ==>  Preparing: SELECT id,username,password,super_admin,status,head_url,updater,update_date,creator,create_date FROM sys_user WHERE id=?
2026-07-14 23:18:13.341 [http-nio-8002-exec-14] [39mDEBUG[0;39m [36mxiaozhi.modules.sys.dao.SysUserDao.selectById[0;39m - ==> Parameters: 2076997049127047169(Long)
2026-07-14 23:18:13.344 [http-nio-8002-exec-14] [39mDEBUG[0;39m [36mxiaozhi.modules.sys.dao.SysUserDao.selectById[0;39m - <==      Total: 1
2026-07-14 23:18:13.370 [http-nio-8002-exec-14] [31mWARN [0;39m [36mxiaozhi.common.exception.RenExceptionHandler[0;39m - Resource not found: No static resource corpus/stats.
2026-07-14 23:18:15.579 [http-nio-8002-exec-16] [39mDEBUG[0;39m [36mx.modules.security.dao.SysUserTokenDao.getByToken[0;39m - ==>  Preparing: select * from sys_user_token where token = ?
2026-07-14 23:18:15.580 [http-nio-8002-exec-16] [39mDEBUG[0;39m [36mx.modules.security.dao.SysUserTokenDao.getByToken[0;39m - ==> Parameters: 0e24e93fd0ce496ebfe4759d9dcec3c5(String)
2026-07-14 23:18:15.584 [http-nio-8002-exec-16] [39mDEBUG[0;39m [36mx.modules.security.dao.SysUserTokenDao.getByToken[0;39m - <==      Total: 1
2026-07-14 23:18:15.585 [http-nio-8002-exec-16] [39mDEBUG[0;39m [36mxiaozhi.modules.sys.dao.SysUserDao.selectById[0;39m - ==>  Preparing: SELECT id,username,password,super_admin,status,head_url,updater,update_date,creator,create_date FROM sys_user WHERE id=?
2026-07-14 23:18:15.585 [http-nio-8002-exec-16] [39mDEBUG[0;39m [36mxiaozhi.modules.sys.dao.SysUserDao.selectById[0;39m - ==> Parameters: 2076997049127047169(Long)
2026-07-14 23:18:15.588 [http-nio-8002-exec-16] [39mDEBUG[0;39m [36mxiaozhi.modules.sys.dao.SysUserDao.selectById[0;39m - <==      Total: 1
2026-07-14 23:18:15.591 [http-nio-8002-exec-16] [39mDEBUG[0;39m [36mxiaozhi.modules.sys.dao.SysUserDao.selectById[0;39m - ==>  Preparing: SELECT id,username,password,super_admin,status,head_url,updater,update_date,creator,create_date FROM sys_user WHERE id=?
2026-07-14 23:18:15.591 [http-nio-8002-exec-16] [39mDEBUG[0;39m [36mxiaozhi.modules.sys.dao.SysUserDao.selectById[0;39m - ==> Parameters: 2076997049127047169(Long)
2026-07-14 23:18:15.594 [http-nio-8002-exec-16] [39mDEBUG[0;39m [36mxiaozhi.modules.sys.dao.SysUserDao.selectById[0;39m - <==      Total: 1
2026-07-14 23:18:25.743 [http-nio-8002-exec-15] [39mDEBUG[0;39m [36mx.modules.security.dao.SysUserTokenDao.getByToken[0;39m - ==>  Preparing: select * from sys_user_token where token = ?
2026-07-14 23:18:25.744 [http-nio-8002-exec-15] [39mDEBUG[0;39m [36mx.modules.security.dao.SysUserTokenDao.getByToken[0;39m - ==> Parameters: 0e24e93fd0ce496ebfe4759d9dcec3c5(String)
2026-07-14 23:18:25.746 [http-nio-8002-exec-15] [39mDEBUG[0;39m [36mx.modules.security.dao.SysUserTokenDao.getByToken[0;39m - <==      Total: 1
2026-07-14 23:18:25.748 [http-nio-8002-exec-15] [39mDEBUG[0;39m [36mxiaozhi.modules.sys.dao.SysUserDao.selectById[0;39m - ==>  Preparing: SELECT id,username,password,super_admin,status,head_url,updater,update_date,creator,create_date FROM sys_user WHERE id=?
2026-07-14 23:18:25.748 [http-nio-8002-exec-15] [39mDEBUG[0;39m [36mxiaozhi.modules.sys.dao.SysUserDao.selectById[0;39m - ==> Parameters: 2076997049127047169(Long)
2026-07-14 23:18:25.751 [http-nio-8002-exec-15] [39mDEBUG[0;39m [36mxiaozhi.modules.sys.dao.SysUserDao.selectById[0;39m - <==      Total: 1
2026-07-14 23:18:25.754 [http-nio-8002-exec-15] [39mDEBUG[0;39m [36mxiaozhi.modules.sys.dao.SysUserDao.selectById[0;39m - ==>  Preparing: SELECT id,username,password,super_admin,status,head_url,updater,update_date,creator,create_date FROM sys_user WHERE id=?
2026-07-14 23:18:25.755 [http-nio-8002-exec-15] [39mDEBUG[0;39m [36mxiaozhi.modules.sys.dao.SysUserDao.selectById[0;39m - ==> Parameters: 2076997049127047169(Long)
2026-07-14 23:18:25.758 [http-nio-8002-exec-15] [39mDEBUG[0;39m [36mxiaozhi.modules.sys.dao.SysUserDao.selectById[0;39m - <==      Total: 1
2026-07-14 23:18:26.052 [http-nio-8002-exec-17] [39mDEBUG[0;39m [36mx.modules.security.dao.SysUserTokenDao.getByToken[0;39m - ==>  Preparing: select * from sys_user_token where token = ?
2026-07-14 23:18:26.053 [http-nio-8002-exec-17] [39mDEBUG[0;39m [36mx.modules.security.dao.SysUserTokenDao.getByToken[0;39m - ==> Parameters: 0e24e93fd0ce496ebfe4759d9dcec3c5(String)
2026-07-14 23:18:26.056 [http-nio-8002-exec-17] [39mDEBUG[0;39m [36mx.modules.security.dao.SysUserTokenDao.getByToken[0;39m - <==      Total: 1
2026-07-14 23:18:26.057 [http-nio-8002-exec-17] [39mDEBUG[0;39m [36mxiaozhi.modules.sys.dao.SysUserDao.selectById[0;39m - ==>  Preparing: SELECT id,username,password,super_admin,status,head_url,updater,update_date,creator,create_date FROM sys_user WHERE id=?
2026-07-14 23:18:26.057 [http-nio-8002-exec-17] [39mDEBUG[0;39m [36mxiaozhi.modules.sys.dao.SysUserDao.selectById[0;39m - ==> Parameters: 2076997049127047169(Long)
2026-07-14 23:18:26.060 [http-nio-8002-exec-17] [39mDEBUG[0;39m [36mxiaozhi.modules.sys.dao.SysUserDao.selectById[0;39m - <==      Total: 1
2026-07-14 23:18:26.084 [http-nio-8002-exec-17] [31mWARN [0;39m [36mxiaozhi.common.exception.RenExceptionHandler[0;39m - Resource not found: No static resource elderly/profiles.
2026-07-14 23:18:33.440 [http-nio-8002-exec-18] [39mDEBUG[0;39m [36mx.modules.security.dao.SysUserTokenDao.getByToken[0;39m - ==>  Preparing: select * from sys_user_token where token = ?
2026-07-14 23:18:33.441 [http-nio-8002-exec-18] [39mDEBUG[0;39m [36mx.modules.security.dao.SysUserTokenDao.getByToken[0;39m - ==> Parameters: 0e24e93fd0ce496ebfe4759d9dcec3c5(String)
2026-07-14 23:18:33.444 [http-nio-8002-exec-18] [39mDEBUG[0;39m [36mx.modules.security.dao.SysUserTokenDao.getByToken[0;39m - <==      Total: 1
2026-07-14 23:18:33.446 [http-nio-8002-exec-18] [39mDEBUG[0;39m [36mxiaozhi.modules.sys.dao.SysUserDao.selectById[0;39m - ==>  Preparing: SELECT id,username,password,super_admin,status,head_url,updater,update_date,creator,create_date FROM sys_user WHERE id=?
2026-07-14 23:18:33.446 [http-nio-8002-exec-18] [39mDEBUG[0;39m [36mxiaozhi.modules.sys.dao.SysUserDao.selectById[0;39m - ==> Parameters: 2076997049127047169(Long)
2026-07-14 23:18:33.449 [http-nio-8002-exec-18] [39mDEBUG[0;39m [36mxiaozhi.modules.sys.dao.SysUserDao.selectById[0;39m - <==      Total: 1
2026-07-14 23:18:33.454 [http-nio-8002-exec-18] [39mDEBUG[0;39m [36mxiaozhi.modules.sys.dao.SysUserDao.selectById[0;39m - ==>  Preparing: SELECT id,username,password,super_admin,status,head_url,updater,update_date,creator,create_date FROM sys_user WHERE id=?
2026-07-14 23:18:33.455 [http-nio-8002-exec-18] [39mDEBUG[0;39m [36mxiaozhi.modules.sys.dao.SysUserDao.selectById[0;39m - ==> Parameters: 2076997049127047169(Long)
2026-07-14 23:18:33.459 [http-nio-8002-exec-18] [39mDEBUG[0;39m [36mxiaozhi.modules.sys.dao.SysUserDao.selectById[0;39m - <==      Total: 1
2026-07-14 23:18:37.902 [http-nio-8002-exec-20] [39mDEBUG[0;39m [36mx.modules.security.dao.SysUserTokenDao.getByToken[0;39m - ==>  Preparing: select * from sys_user_token where token = ?
2026-07-14 23:18:37.903 [http-nio-8002-exec-20] [39mDEBUG[0;39m [36mx.modules.security.dao.SysUserTokenDao.getByToken[0;39m - ==> Parameters: 0e24e93fd0ce496ebfe4759d9dcec3c5(String)
2026-07-14 23:18:37.907 [http-nio-8002-exec-20] [39mDEBUG[0;39m [36mx.modules.security.dao.SysUserTokenDao.getByToken[0;39m - <==      Total: 1
2026-07-14 23:18:37.909 [http-nio-8002-exec-20] [39mDEBUG[0;39m [36mxiaozhi.modules.sys.dao.SysUserDao.selectById[0;39m - ==>  Preparing: SELECT id,username,password,super_admin,status,head_url,updater,update_date,creator,create_date FROM sys_user WHERE id=?
2026-07-14 23:18:37.910 [http-nio-8002-exec-20] [39mDEBUG[0;39m [36mxiaozhi.modules.sys.dao.SysUserDao.selectById[0;39m - ==> Parameters: 2076997049127047169(Long)
2026-07-14 23:18:37.913 [http-nio-8002-exec-20] [39mDEBUG[0;39m [36mxiaozhi.modules.sys.dao.SysUserDao.selectById[0;39m - <==      Total: 1
2026-07-14 23:18:37.916 [http-nio-8002-exec-20] [39mDEBUG[0;39m [36mxiaozhi.modules.sys.dao.SysUserDao.selectById[0;39m - ==>  Preparing: SELECT id,username,password,super_admin,status,head_url,updater,update_date,creator,create_date FROM sys_user WHERE id=?
2026-07-14 23:18:37.916 [http-nio-8002-exec-20] [39mDEBUG[0;39m [36mxiaozhi.modules.sys.dao.SysUserDao.selectById[0;39m - ==> Parameters: 2076997049127047169(Long)
2026-07-14 23:18:37.920 [http-nio-8002-exec-20] [39mDEBUG[0;39m [36mxiaozhi.modules.sys.dao.SysUserDao.selectById[0;39m - <==      Total: 1
2026-07-14 23:18:39.694 [http-nio-8002-exec-19] [39mDEBUG[0;39m [36mx.modules.security.dao.SysUserTokenDao.getByToken[0;39m - ==>  Preparing: select * from sys_user_token where token = ?
2026-07-14 23:18:39.695 [http-nio-8002-exec-19] [39mDEBUG[0;39m [36mx.modules.security.dao.SysUserTokenDao.getByToken[0;39m - ==> Parameters: 0e24e93fd0ce496ebfe4759d9dcec3c5(String)
2026-07-14 23:18:39.698 [http-nio-8002-exec-19] [39mDEBUG[0;39m [36mx.modules.security.dao.SysUserTokenDao.getByToken[0;39m - <==      Total: 1
2026-07-14 23:18:39.700 [http-nio-8002-exec-19] [39mDEBUG[0;39m [36mxiaozhi.modules.sys.dao.SysUserDao.selectById[0;39m - ==>  Preparing: SELECT id,username,password,super_admin,status,head_url,updater,update_date,creator,create_date FROM sys_user WHERE id=?
2026-07-14 23:18:39.701 [http-nio-8002-exec-19] [39mDEBUG[0;39m [36mxiaozhi.modules.sys.dao.SysUserDao.selectById[0;39m - ==> Parameters: 2076997049127047169(Long)
2026-07-14 23:18:39.704 [http-nio-8002-exec-19] [39mDEBUG[0;39m [36mxiaozhi.modules.sys.dao.SysUserDao.selectById[0;39m - <==      Total: 1
2026-07-14 23:18:39.708 [http-nio-8002-exec-19] [39mDEBUG[0;39m [36mxiaozhi.modules.sys.dao.SysUserDao.selectById[0;39m - ==>  Preparing: SELECT id,username,password,super_admin,status,head_url,updater,update_date,creator,create_date FROM sys_user WHERE id=?
2026-07-14 23:18:39.710 [http-nio-8002-exec-19] [39mDEBUG[0;39m [36mxiaozhi.modules.sys.dao.SysUserDao.selectById[0;39m - ==> Parameters: 2076997049127047169(Long)
2026-07-14 23:18:39.714 [http-nio-8002-exec-19] [39mDEBUG[0;39m [36mxiaozhi.modules.sys.dao.SysUserDao.selectById[0;39m - <==      Total: 1
2026-07-14 23:18:40.759 [http-nio-8002-exec-21] [39mDEBUG[0;39m [36mx.modules.security.dao.SysUserTokenDao.getByToken[0;39m - ==>  Preparing: select * from sys_user_token where token = ?
2026-07-14 23:18:40.760 [http-nio-8002-exec-21] [39mDEBUG[0;39m [36mx.modules.security.dao.SysUserTokenDao.getByToken[0;39m - ==> Parameters: 0e24e93fd0ce496ebfe4759d9dcec3c5(String)
2026-07-14 23:18:40.790 [http-nio-8002-exec-21] [39mDEBUG[0;39m [36mx.modules.security.dao.SysUserTokenDao.getByToken[0;39m - <==      Total: 1
2026-07-14 23:18:40.791 [http-nio-8002-exec-21] [39mDEBUG[0;39m [36mxiaozhi.modules.sys.dao.SysUserDao.selectById[0;39m - ==>  Preparing: SELECT id,username,password,super_admin,status,head_url,updater,update_date,creator,create_date FROM sys_user WHERE id=?
2026-07-14 23:18:40.791 [http-nio-8002-exec-21] [39mDEBUG[0;39m [36mxiaozhi.modules.sys.dao.SysUserDao.selectById[0;39m - ==> Parameters: 2076997049127047169(Long)
2026-07-14 23:18:40.795 [http-nio-8002-exec-21] [39mDEBUG[0;39m [36mxiaozhi.modules.sys.dao.SysUserDao.selectById[0;39m - <==      Total: 1
2026-07-14 23:18:40.799 [http-nio-8002-exec-21] [39mDEBUG[0;39m [36mxiaozhi.modules.sys.dao.SysUserDao.selectById[0;39m - ==>  Preparing: SELECT id,username,password,super_admin,status,head_url,updater,update_date,creator,create_date FROM sys_user WHERE id=?
2026-07-14 23:18:40.801 [http-nio-8002-exec-21] [39mDEBUG[0;39m [36mxiaozhi.modules.sys.dao.SysUserDao.selectById[0;39m - ==> Parameters: 2076997049127047169(Long)
2026-07-14 23:18:40.803 [http-nio-8002-exec-21] [39mDEBUG[0;39m [36mxiaozhi.modules.sys.dao.SysUserDao.selectById[0;39m - <==      Total: 1
2026-07-14 23:18:42.374 [http-nio-8002-exec-23] [39mDEBUG[0;39m [36mx.modules.security.dao.SysUserTokenDao.getByToken[0;39m - ==>  Preparing: select * from sys_user_token where token = ?
2026-07-14 23:18:42.375 [http-nio-8002-exec-23] [39mDEBUG[0;39m [36mx.modules.security.dao.SysUserTokenDao.getByToken[0;39m - ==> Parameters: 0e24e93fd0ce496ebfe4759d9dcec3c5(String)
2026-07-14 23:18:42.378 [http-nio-8002-exec-23] [39mDEBUG[0;39m [36mx.modules.security.dao.SysUserTokenDao.getByToken[0;39m - <==      Total: 1
2026-07-14 23:18:42.379 [http-nio-8002-exec-23] [39mDEBUG[0;39m [36mxiaozhi.modules.sys.dao.SysUserDao.selectById[0;39m - ==>  Preparing: SELECT id,username,password,super_admin,status,head_url,updater,update_date,creator,create_date FROM sys_user WHERE id=?
2026-07-14 23:18:42.380 [http-nio-8002-exec-24] [39mDEBUG[0;39m [36mx.modules.security.dao.SysUserTokenDao.getByToken[0;39m - ==>  Preparing: select * from sys_user_token where token = ?
2026-07-14 23:18:42.380 [http-nio-8002-exec-23] [39mDEBUG[0;39m [36mxiaozhi.modules.sys.dao.SysUserDao.selectById[0;39m - ==> Parameters: 2076997049127047169(Long)
2026-07-14 23:18:42.380 [http-nio-8002-exec-24] [39mDEBUG[0;39m [36mx.modules.security.dao.SysUserTokenDao.getByToken[0;39m - ==> Parameters: 0e24e93fd0ce496ebfe4759d9dcec3c5(String)
2026-07-14 23:18:42.384 [http-nio-8002-exec-23] [39mDEBUG[0;39m [36mxiaozhi.modules.sys.dao.SysUserDao.selectById[0;39m - <==      Total: 1
2026-07-14 23:18:42.385 [http-nio-8002-exec-24] [39mDEBUG[0;39m [36mx.modules.security.dao.SysUserTokenDao.getByToken[0;39m - <==      Total: 1
2026-07-14 23:18:42.391 [http-nio-8002-exec-24] [39mDEBUG[0;39m [36mxiaozhi.modules.sys.dao.SysUserDao.selectById[0;39m - ==>  Preparing: SELECT id,username,password,super_admin,status,head_url,updater,update_date,creator,create_date FROM sys_user WHERE id=?
2026-07-14 23:18:42.393 [http-nio-8002-exec-24] [39mDEBUG[0;39m [36mxiaozhi.modules.sys.dao.SysUserDao.selectById[0;39m - ==> Parameters: 2076997049127047169(Long)
2026-07-14 23:18:42.394 [http-nio-8002-exec-23] [39mDEBUG[0;39m [36mxiaozhi.modules.sys.dao.SysUserDao.selectById[0;39m - ==>  Preparing: SELECT id,username,password,super_admin,status,head_url,updater,update_date,creator,create_date FROM sys_user WHERE id=?
2026-07-14 23:18:42.396 [http-nio-8002-exec-23] [39mDEBUG[0;39m [36mxiaozhi.modules.sys.dao.SysUserDao.selectById[0;39m - ==> Parameters: 2076997049127047169(Long)
2026-07-14 23:18:42.401 [http-nio-8002-exec-24] [39mDEBUG[0;39m [36mxiaozhi.modules.sys.dao.SysUserDao.selectById[0;39m - <==      Total: 1
2026-07-14 23:18:42.401 [http-nio-8002-exec-23] [39mDEBUG[0;39m [36mxiaozhi.modules.sys.dao.SysUserDao.selectById[0;39m - <==      Total: 1
2026-07-14 23:18:42.411 [http-nio-8002-exec-24] [39mDEBUG[0;39m [36mxiaozhi.modules.agent.dao.AgentDao.selectList[0;39m - ==>  Preparing: SELECT id,user_id,agent_code,agent_name,asr_model_id,vad_model_id,llm_model_id,vllm_model_id,tts_model_id,tts_voice_id,mem_model_id,intent_model_id,chat_history_conf,system_prompt,summary_memory,lang_code,language,sort,creator,created_at,updater,updated_at FROM ai_agent WHERE (user_id = ?)
2026-07-14 23:18:42.414 [http-nio-8002-exec-24] [39mDEBUG[0;39m [36mxiaozhi.modules.agent.dao.AgentDao.selectList[0;39m - ==> Parameters: 2076997049127047169(Long)
2026-07-14 23:18:42.473 [http-nio-8002-exec-24] [39mDEBUG[0;39m [36mxiaozhi.modules.agent.dao.AgentDao.selectList[0;39m - <==      Total: 1
2026-07-14 23:18:42.486 [http-nio-8002-exec-24] [39mDEBUG[0;39m [36mx.m.d.dao.DeviceDao.getAllLastConnectedAtByAgentId[0;39m - ==>  Preparing: SELECT last_connected_at FROM ai_device WHERE agent_id = ? order by last_connected_at desc limit 0,1
2026-07-14 23:18:42.487 [http-nio-8002-exec-24] [39mDEBUG[0;39m [36mx.m.d.dao.DeviceDao.getAllLastConnectedAtByAgentId[0;39m - ==> Parameters: 859ee126bade45d5a01efbad3fa4c1b0(String)
2026-07-14 23:18:42.493 [http-nio-8002-exec-24] [39mDEBUG[0;39m [36mx.m.d.dao.DeviceDao.getAllLastConnectedAtByAgentId[0;39m - <==      Total: 0
2026-07-14 23:18:43.177 [http-nio-8002-exec-25] [39mDEBUG[0;39m [36mx.modules.security.dao.SysUserTokenDao.getByToken[0;39m - ==>  Preparing: select * from sys_user_token where token = ?
2026-07-14 23:18:43.178 [http-nio-8002-exec-25] [39mDEBUG[0;39m [36mx.modules.security.dao.SysUserTokenDao.getByToken[0;39m - ==> Parameters: 0e24e93fd0ce496ebfe4759d9dcec3c5(String)
2026-07-14 23:18:43.180 [http-nio-8002-exec-25] [39mDEBUG[0;39m [36mx.modules.security.dao.SysUserTokenDao.getByToken[0;39m - <==      Total: 1
2026-07-14 23:18:43.182 [http-nio-8002-exec-25] [39mDEBUG[0;39m [36mxiaozhi.modules.sys.dao.SysUserDao.selectById[0;39m - ==>  Preparing: SELECT id,username,password,super_admin,status,head_url,updater,update_date,creator,create_date FROM sys_user WHERE id=?
2026-07-14 23:18:43.182 [http-nio-8002-exec-25] [39mDEBUG[0;39m [36mxiaozhi.modules.sys.dao.SysUserDao.selectById[0;39m - ==> Parameters: 2076997049127047169(Long)
2026-07-14 23:18:43.184 [http-nio-8002-exec-25] [39mDEBUG[0;39m [36mxiaozhi.modules.sys.dao.SysUserDao.selectById[0;39m - <==      Total: 1
2026-07-14 23:18:43.187 [http-nio-8002-exec-25] [39mDEBUG[0;39m [36mxiaozhi.modules.sys.dao.SysUserDao.selectById[0;39m - ==>  Preparing: SELECT id,username,password,super_admin,status,head_url,updater,update_date,creator,create_date FROM sys_user WHERE id=?
2026-07-14 23:18:43.187 [http-nio-8002-exec-25] [39mDEBUG[0;39m [36mxiaozhi.modules.sys.dao.SysUserDao.selectById[0;39m - ==> Parameters: 2076997049127047169(Long)
2026-07-14 23:18:43.190 [http-nio-8002-exec-25] [39mDEBUG[0;39m [36mxiaozhi.modules.sys.dao.SysUserDao.selectById[0;39m - <==      Total: 1
2026-07-14 23:50:11.380 [http-nio-8002-exec-26] [39mDEBUG[0;39m [36mx.modules.security.dao.SysUserTokenDao.getByToken[0;39m - ==>  Preparing: select * from sys_user_token where token = ?
2026-07-14 23:50:11.383 [http-nio-8002-exec-26] [39mDEBUG[0;39m [36mx.modules.security.dao.SysUserTokenDao.getByToken[0;39m - ==> Parameters: 0e24e93fd0ce496ebfe4759d9dcec3c5(String)
2026-07-14 23:50:11.380 [http-nio-8002-exec-27] [39mDEBUG[0;39m [36mx.modules.security.dao.SysUserTokenDao.getByToken[0;39m - ==>  Preparing: select * from sys_user_token where token = ?
2026-07-14 23:50:11.385 [http-nio-8002-exec-27] [39mDEBUG[0;39m [36mx.modules.security.dao.SysUserTokenDao.getByToken[0;39m - ==> Parameters: 0e24e93fd0ce496ebfe4759d9dcec3c5(String)
2026-07-14 23:50:11.391 [http-nio-8002-exec-26] [39mDEBUG[0;39m [36mx.modules.security.dao.SysUserTokenDao.getByToken[0;39m - <==      Total: 1
2026-07-14 23:50:11.394 [http-nio-8002-exec-27] [39mDEBUG[0;39m [36mx.modules.security.dao.SysUserTokenDao.getByToken[0;39m - <==      Total: 1
2026-07-14 23:50:11.395 [http-nio-8002-exec-26] [39mDEBUG[0;39m [36mxiaozhi.modules.sys.dao.SysUserDao.selectById[0;39m - ==>  Preparing: SELECT id,username,password,super_admin,status,head_url,updater,update_date,creator,create_date FROM sys_user WHERE id=?
2026-07-14 23:50:11.395 [http-nio-8002-exec-27] [39mDEBUG[0;39m [36mxiaozhi.modules.sys.dao.SysUserDao.selectById[0;39m - ==>  Preparing: SELECT id,username,password,super_admin,status,head_url,updater,update_date,creator,create_date FROM sys_user WHERE id=?
2026-07-14 23:50:11.397 [http-nio-8002-exec-27] [39mDEBUG[0;39m [36mxiaozhi.modules.sys.dao.SysUserDao.selectById[0;39m - ==> Parameters: 2076997049127047169(Long)
2026-07-14 23:50:11.399 [http-nio-8002-exec-26] [39mDEBUG[0;39m [36mxiaozhi.modules.sys.dao.SysUserDao.selectById[0;39m - ==> Parameters: 2076997049127047169(Long)
2026-07-14 23:50:11.403 [http-nio-8002-exec-26] [39mDEBUG[0;39m [36mxiaozhi.modules.sys.dao.SysUserDao.selectById[0;39m - <==      Total: 1
2026-07-14 23:50:11.406 [http-nio-8002-exec-27] [39mDEBUG[0;39m [36mxiaozhi.modules.sys.dao.SysUserDao.selectById[0;39m - <==      Total: 1
2026-07-14 23:50:11.409 [http-nio-8002-exec-26] [39mDEBUG[0;39m [36mxiaozhi.modules.sys.dao.SysUserDao.selectById[0;39m - ==>  Preparing: SELECT id,username,password,super_admin,status,head_url,updater,update_date,creator,create_date FROM sys_user WHERE id=?
2026-07-14 23:50:11.409 [http-nio-8002-exec-26] [39mDEBUG[0;39m [36mxiaozhi.modules.sys.dao.SysUserDao.selectById[0;39m - ==> Parameters: 2076997049127047169(Long)
2026-07-14 23:50:11.415 [http-nio-8002-exec-26] [39mDEBUG[0;39m [36mxiaozhi.modules.sys.dao.SysUserDao.selectById[0;39m - <==      Total: 1
2026-07-14 23:50:11.417 [http-nio-8002-exec-27] [39mDEBUG[0;39m [36mxiaozhi.modules.agent.dao.AgentDao.selectList[0;39m - ==>  Preparing: SELECT id,user_id,agent_code,agent_name,asr_model_id,vad_model_id,llm_model_id,vllm_model_id,tts_model_id,tts_voice_id,mem_model_id,intent_model_id,chat_history_conf,system_prompt,summary_memory,lang_code,language,sort,creator,created_at,updater,updated_at FROM ai_agent WHERE (user_id = ?)
2026-07-14 23:50:11.418 [http-nio-8002-exec-27] [39mDEBUG[0;39m [36mxiaozhi.modules.agent.dao.AgentDao.selectList[0;39m - ==> Parameters: 2076997049127047169(Long)
2026-07-14 23:50:11.431 [http-nio-8002-exec-27] [39mDEBUG[0;39m [36mxiaozhi.modules.agent.dao.AgentDao.selectList[0;39m - <==      Total: 1
2026-07-14 23:50:11.444 [http-nio-8002-exec-27] [39mDEBUG[0;39m [36mx.m.d.dao.DeviceDao.getAllLastConnectedAtByAgentId[0;39m - ==>  Preparing: SELECT last_connected_at FROM ai_device WHERE agent_id = ? order by last_connected_at desc limit 0,1
2026-07-14 23:50:11.444 [http-nio-8002-exec-27] [39mDEBUG[0;39m [36mx.m.d.dao.DeviceDao.getAllLastConnectedAtByAgentId[0;39m - ==> Parameters: 859ee126bade45d5a01efbad3fa4c1b0(String)
2026-07-14 23:50:11.448 [http-nio-8002-exec-27] [39mDEBUG[0;39m [36mx.m.d.dao.DeviceDao.getAllLastConnectedAtByAgentId[0;39m - <==      Total: 0
2026-07-14 23:50:11.451 [http-nio-8002-exec-27] [39mDEBUG[0;39m [36mx.m.agent.dao.AgentDao.getDeviceCountByAgentId[0;39m - ==>  Preparing: SELECT COUNT(*) FROM ai_device WHERE agent_id = ?
2026-07-14 23:50:11.451 [http-nio-8002-exec-27] [39mDEBUG[0;39m [36mx.m.agent.dao.AgentDao.getDeviceCountByAgentId[0;39m - ==> Parameters: 859ee126bade45d5a01efbad3fa4c1b0(String)
2026-07-14 23:50:11.454 [http-nio-8002-exec-27] [39mDEBUG[0;39m [36mx.m.agent.dao.AgentDao.getDeviceCountByAgentId[0;39m - <==      Total: 1
2026-07-14 23:50:11.923 [http-nio-8002-exec-28] [39mDEBUG[0;39m [36mx.modules.security.dao.SysUserTokenDao.getByToken[0;39m - ==>  Preparing: select * from sys_user_token where token = ?
2026-07-14 23:50:11.923 [http-nio-8002-exec-28] [39mDEBUG[0;39m [36mx.modules.security.dao.SysUserTokenDao.getByToken[0;39m - ==> Parameters: 0e24e93fd0ce496ebfe4759d9dcec3c5(String)
2026-07-14 23:50:11.931 [http-nio-8002-exec-28] [39mDEBUG[0;39m [36mx.modules.security.dao.SysUserTokenDao.getByToken[0;39m - <==      Total: 1
2026-07-14 23:50:11.933 [http-nio-8002-exec-28] [39mDEBUG[0;39m [36mxiaozhi.modules.sys.dao.SysUserDao.selectById[0;39m - ==>  Preparing: SELECT id,username,password,super_admin,status,head_url,updater,update_date,creator,create_date FROM sys_user WHERE id=?
2026-07-14 23:50:11.933 [http-nio-8002-exec-28] [39mDEBUG[0;39m [36mxiaozhi.modules.sys.dao.SysUserDao.selectById[0;39m - ==> Parameters: 2076997049127047169(Long)
2026-07-14 23:50:11.938 [http-nio-8002-exec-28] [39mDEBUG[0;39m [36mxiaozhi.modules.sys.dao.SysUserDao.selectById[0;39m - <==      Total: 1
2026-07-14 23:50:11.940 [http-nio-8002-exec-28] [39mDEBUG[0;39m [36mxiaozhi.modules.sys.dao.SysUserDao.selectById[0;39m - ==>  Preparing: SELECT id,username,password,super_admin,status,head_url,updater,update_date,creator,create_date FROM sys_user WHERE id=?
2026-07-14 23:50:11.940 [http-nio-8002-exec-28] [39mDEBUG[0;39m [36mxiaozhi.modules.sys.dao.SysUserDao.selectById[0;39m - ==> Parameters: 2076997049127047169(Long)
2026-07-14 23:50:11.946 [http-nio-8002-exec-28] [39mDEBUG[0;39m [36mxiaozhi.modules.sys.dao.SysUserDao.selectById[0;39m - <==      Total: 1
2026-07-14 23:50:47.853 [http-nio-8002-exec-30] [39mDEBUG[0;39m [36mx.modules.security.dao.SysUserTokenDao.getByToken[0;39m - ==>  Preparing: select * from sys_user_token where token = ?
2026-07-14 23:50:47.854 [http-nio-8002-exec-30] [39mDEBUG[0;39m [36mx.modules.security.dao.SysUserTokenDao.getByToken[0;39m - ==> Parameters: 0e24e93fd0ce496ebfe4759d9dcec3c5(String)
2026-07-14 23:50:47.858 [http-nio-8002-exec-30] [39mDEBUG[0;39m [36mx.modules.security.dao.SysUserTokenDao.getByToken[0;39m - <==      Total: 1
2026-07-14 23:50:47.859 [http-nio-8002-exec-30] [39mDEBUG[0;39m [36mxiaozhi.modules.sys.dao.SysUserDao.selectById[0;39m - ==>  Preparing: SELECT id,username,password,super_admin,status,head_url,updater,update_date,creator,create_date FROM sys_user WHERE id=?
2026-07-14 23:50:47.860 [http-nio-8002-exec-30] [39mDEBUG[0;39m [36mxiaozhi.modules.sys.dao.SysUserDao.selectById[0;39m - ==> Parameters: 2076997049127047169(Long)
2026-07-14 23:50:47.863 [http-nio-8002-exec-30] [39mDEBUG[0;39m [36mxiaozhi.modules.sys.dao.SysUserDao.selectById[0;39m - <==      Total: 1
2026-07-14 23:50:47.866 [http-nio-8002-exec-30] [39mDEBUG[0;39m [36mxiaozhi.modules.sys.dao.SysUserDao.selectById[0;39m - ==>  Preparing: SELECT id,username,password,super_admin,status,head_url,updater,update_date,creator,create_date FROM sys_user WHERE id=?
2026-07-14 23:50:47.866 [http-nio-8002-exec-30] [39mDEBUG[0;39m [36mxiaozhi.modules.sys.dao.SysUserDao.selectById[0;39m - ==> Parameters: 2076997049127047169(Long)
2026-07-14 23:50:47.870 [http-nio-8002-exec-30] [39mDEBUG[0;39m [36mxiaozhi.modules.sys.dao.SysUserDao.selectById[0;39m - <==      Total: 1
2026-07-14 23:50:50.042 [http-nio-8002-exec-2] [39mDEBUG[0;39m [36mx.modules.security.dao.SysUserTokenDao.getByToken[0;39m - ==>  Preparing: select * from sys_user_token where token = ?
2026-07-14 23:50:50.043 [http-nio-8002-exec-2] [39mDEBUG[0;39m [36mx.modules.security.dao.SysUserTokenDao.getByToken[0;39m - ==> Parameters: 0e24e93fd0ce496ebfe4759d9dcec3c5(String)
2026-07-14 23:50:50.077 [http-nio-8002-exec-2] [39mDEBUG[0;39m [36mx.modules.security.dao.SysUserTokenDao.getByToken[0;39m - <==      Total: 1
2026-07-14 23:50:50.078 [http-nio-8002-exec-2] [39mDEBUG[0;39m [36mxiaozhi.modules.sys.dao.SysUserDao.selectById[0;39m - ==>  Preparing: SELECT id,username,password,super_admin,status,head_url,updater,update_date,creator,create_date FROM sys_user WHERE id=?
2026-07-14 23:50:50.078 [http-nio-8002-exec-2] [39mDEBUG[0;39m [36mxiaozhi.modules.sys.dao.SysUserDao.selectById[0;39m - ==> Parameters: 2076997049127047169(Long)
2026-07-14 23:50:50.081 [http-nio-8002-exec-2] [39mDEBUG[0;39m [36mxiaozhi.modules.sys.dao.SysUserDao.selectById[0;39m - <==      Total: 1
2026-07-14 23:50:50.085 [http-nio-8002-exec-2] [39mDEBUG[0;39m [36mxiaozhi.modules.sys.dao.SysUserDao.selectById[0;39m - ==>  Preparing: SELECT id,username,password,super_admin,status,head_url,updater,update_date,creator,create_date FROM sys_user WHERE id=?
2026-07-14 23:50:50.087 [http-nio-8002-exec-2] [39mDEBUG[0;39m [36mxiaozhi.modules.sys.dao.SysUserDao.selectById[0;39m - ==> Parameters: 2076997049127047169(Long)
2026-07-14 23:50:50.091 [http-nio-8002-exec-2] [39mDEBUG[0;39m [36mxiaozhi.modules.sys.dao.SysUserDao.selectById[0;39m - <==      Total: 1
2026-07-14 23:50:51.214 [http-nio-8002-exec-1] [39mDEBUG[0;39m [36mx.modules.security.dao.SysUserTokenDao.getByToken[0;39m - ==>  Preparing: select * from sys_user_token where token = ?
2026-07-14 23:50:51.214 [http-nio-8002-exec-1] [39mDEBUG[0;39m [36mx.modules.security.dao.SysUserTokenDao.getByToken[0;39m - ==> Parameters: 0e24e93fd0ce496ebfe4759d9dcec3c5(String)
2026-07-14 23:50:51.219 [http-nio-8002-exec-1] [39mDEBUG[0;39m [36mx.modules.security.dao.SysUserTokenDao.getByToken[0;39m - <==      Total: 1
2026-07-14 23:50:51.221 [http-nio-8002-exec-1] [39mDEBUG[0;39m [36mxiaozhi.modules.sys.dao.SysUserDao.selectById[0;39m - ==>  Preparing: SELECT id,username,password,super_admin,status,head_url,updater,update_date,creator,create_date FROM sys_user WHERE id=?
2026-07-14 23:50:51.223 [http-nio-8002-exec-1] [39mDEBUG[0;39m [36mxiaozhi.modules.sys.dao.SysUserDao.selectById[0;39m - ==> Parameters: 2076997049127047169(Long)
2026-07-14 23:50:51.227 [http-nio-8002-exec-1] [39mDEBUG[0;39m [36mxiaozhi.modules.sys.dao.SysUserDao.selectById[0;39m - <==      Total: 1
2026-07-14 23:50:51.237 [http-nio-8002-exec-1] [39mDEBUG[0;39m [36mxiaozhi.modules.sys.dao.SysUserDao.selectById[0;39m - ==>  Preparing: SELECT id,username,password,super_admin,status,head_url,updater,update_date,creator,create_date FROM sys_user WHERE id=?
2026-07-14 23:50:51.238 [http-nio-8002-exec-1] [39mDEBUG[0;39m [36mxiaozhi.modules.sys.dao.SysUserDao.selectById[0;39m - ==> Parameters: 2076997049127047169(Long)
2026-07-14 23:50:51.241 [http-nio-8002-exec-1] [39mDEBUG[0;39m [36mxiaozhi.modules.sys.dao.SysUserDao.selectById[0;39m - <==      Total: 1
2026-07-14 23:50:51.519 [http-nio-8002-exec-4] [39mDEBUG[0;39m [36mx.modules.security.dao.SysUserTokenDao.getByToken[0;39m - ==>  Preparing: select * from sys_user_token where token = ?
2026-07-14 23:50:51.520 [http-nio-8002-exec-4] [39mDEBUG[0;39m [36mx.modules.security.dao.SysUserTokenDao.getByToken[0;39m - ==> Parameters: 0e24e93fd0ce496ebfe4759d9dcec3c5(String)
2026-07-14 23:50:51.523 [http-nio-8002-exec-4] [39mDEBUG[0;39m [36mx.modules.security.dao.SysUserTokenDao.getByToken[0;39m - <==      Total: 1
2026-07-14 23:50:51.524 [http-nio-8002-exec-4] [39mDEBUG[0;39m [36mxiaozhi.modules.sys.dao.SysUserDao.selectById[0;39m - ==>  Preparing: SELECT id,username,password,super_admin,status,head_url,updater,update_date,creator,create_date FROM sys_user WHERE id=?
2026-07-14 23:50:51.525 [http-nio-8002-exec-4] [39mDEBUG[0;39m [36mxiaozhi.modules.sys.dao.SysUserDao.selectById[0;39m - ==> Parameters: 2076997049127047169(Long)
2026-07-14 23:50:51.528 [http-nio-8002-exec-4] [39mDEBUG[0;39m [36mxiaozhi.modules.sys.dao.SysUserDao.selectById[0;39m - <==      Total: 1
2026-07-14 23:50:51.533 [http-nio-8002-exec-4] [39mDEBUG[0;39m [36mxiaozhi.modules.agent.dao.AgentDao.selectList[0;39m - ==>  Preparing: SELECT id,user_id,agent_code,agent_name,asr_model_id,vad_model_id,llm_model_id,vllm_model_id,tts_model_id,tts_voice_id,mem_model_id,intent_model_id,chat_history_conf,system_prompt,summary_memory,lang_code,language,sort,creator,created_at,updater,updated_at FROM ai_agent WHERE (user_id = ?)
2026-07-14 23:50:51.534 [http-nio-8002-exec-4] [39mDEBUG[0;39m [36mxiaozhi.modules.agent.dao.AgentDao.selectList[0;39m - ==> Parameters: 2076997049127047169(Long)
2026-07-14 23:50:51.564 [http-nio-8002-exec-4] [39mDEBUG[0;39m [36mxiaozhi.modules.agent.dao.AgentDao.selectList[0;39m - <==      Total: 1
2026-07-14 23:50:51.575 [http-nio-8002-exec-4] [39mDEBUG[0;39m [36mx.m.d.dao.DeviceDao.getAllLastConnectedAtByAgentId[0;39m - ==>  Preparing: SELECT last_connected_at FROM ai_device WHERE agent_id = ? order by last_connected_at desc limit 0,1
2026-07-14 23:50:51.576 [http-nio-8002-exec-4] [39mDEBUG[0;39m [36mx.m.d.dao.DeviceDao.getAllLastConnectedAtByAgentId[0;39m - ==> Parameters: 859ee126bade45d5a01efbad3fa4c1b0(String)
2026-07-14 23:50:51.578 [http-nio-8002-exec-4] [39mDEBUG[0;39m [36mx.m.d.dao.DeviceDao.getAllLastConnectedAtByAgentId[0;39m - <==      Total: 0
2026-07-14 23:50:57.040 [http-nio-8002-exec-5] [39mDEBUG[0;39m [36mx.modules.security.dao.SysUserTokenDao.getByToken[0;39m - ==>  Preparing: select * from sys_user_token where token = ?
2026-07-14 23:50:57.041 [http-nio-8002-exec-5] [39mDEBUG[0;39m [36mx.modules.security.dao.SysUserTokenDao.getByToken[0;39m - ==> Parameters: 0e24e93fd0ce496ebfe4759d9dcec3c5(String)
2026-07-14 23:50:57.044 [http-nio-8002-exec-5] [39mDEBUG[0;39m [36mx.modules.security.dao.SysUserTokenDao.getByToken[0;39m - <==      Total: 1
2026-07-14 23:50:57.045 [http-nio-8002-exec-5] [39mDEBUG[0;39m [36mxiaozhi.modules.sys.dao.SysUserDao.selectById[0;39m - ==>  Preparing: SELECT id,username,password,super_admin,status,head_url,updater,update_date,creator,create_date FROM sys_user WHERE id=?
2026-07-14 23:50:57.046 [http-nio-8002-exec-5] [39mDEBUG[0;39m [36mxiaozhi.modules.sys.dao.SysUserDao.selectById[0;39m - ==> Parameters: 2076997049127047169(Long)
2026-07-14 23:50:57.048 [http-nio-8002-exec-5] [39mDEBUG[0;39m [36mxiaozhi.modules.sys.dao.SysUserDao.selectById[0;39m - <==      Total: 1
2026-07-14 23:50:57.052 [http-nio-8002-exec-5] [39mDEBUG[0;39m [36mxiaozhi.modules.sys.dao.SysUserDao.selectById[0;39m - ==>  Preparing: SELECT id,username,password,super_admin,status,head_url,updater,update_date,creator,create_date FROM sys_user WHERE id=?
2026-07-14 23:50:57.053 [http-nio-8002-exec-5] [39mDEBUG[0;39m [36mxiaozhi.modules.sys.dao.SysUserDao.selectById[0;39m - ==> Parameters: 2076997049127047169(Long)
2026-07-14 23:50:57.056 [http-nio-8002-exec-5] [39mDEBUG[0;39m [36mxiaozhi.modules.sys.dao.SysUserDao.selectById[0;39m - <==      Total: 1
2026-07-14 23:50:59.508 [http-nio-8002-exec-6] [39mDEBUG[0;39m [36mx.modules.security.dao.SysUserTokenDao.getByToken[0;39m - ==>  Preparing: select * from sys_user_token where token = ?
2026-07-14 23:50:59.509 [http-nio-8002-exec-6] [39mDEBUG[0;39m [36mx.modules.security.dao.SysUserTokenDao.getByToken[0;39m - ==> Parameters: 0e24e93fd0ce496ebfe4759d9dcec3c5(String)
2026-07-14 23:50:59.515 [http-nio-8002-exec-6] [39mDEBUG[0;39m [36mx.modules.security.dao.SysUserTokenDao.getByToken[0;39m - <==      Total: 1
2026-07-14 23:50:59.516 [http-nio-8002-exec-6] [39mDEBUG[0;39m [36mxiaozhi.modules.sys.dao.SysUserDao.selectById[0;39m - ==>  Preparing: SELECT id,username,password,super_admin,status,head_url,updater,update_date,creator,create_date FROM sys_user WHERE id=?
2026-07-14 23:50:59.521 [http-nio-8002-exec-6] [39mDEBUG[0;39m [36mxiaozhi.modules.sys.dao.SysUserDao.selectById[0;39m - ==> Parameters: 2076997049127047169(Long)
2026-07-14 23:50:59.526 [http-nio-8002-exec-6] [39mDEBUG[0;39m [36mxiaozhi.modules.sys.dao.SysUserDao.selectById[0;39m - <==      Total: 1
2026-07-14 23:50:59.534 [http-nio-8002-exec-6] [39mDEBUG[0;39m [36mxiaozhi.modules.sys.dao.SysUserDao.selectById[0;39m - ==>  Preparing: SELECT id,username,password,super_admin,status,head_url,updater,update_date,creator,create_date FROM sys_user WHERE id=?
2026-07-14 23:50:59.535 [http-nio-8002-exec-6] [39mDEBUG[0;39m [36mxiaozhi.modules.sys.dao.SysUserDao.selectById[0;39m - ==> Parameters: 2076997049127047169(Long)
2026-07-14 23:50:59.542 [http-nio-8002-exec-6] [39mDEBUG[0;39m [36mxiaozhi.modules.sys.dao.SysUserDao.selectById[0;39m - <==      Total: 1
2026-07-14 23:51:01.997 [http-nio-8002-exec-9] [39mDEBUG[0;39m [36mx.modules.security.dao.SysUserTokenDao.getByToken[0;39m - ==>  Preparing: select * from sys_user_token where token = ?
2026-07-14 23:51:01.999 [http-nio-8002-exec-9] [39mDEBUG[0;39m [36mx.modules.security.dao.SysUserTokenDao.getByToken[0;39m - ==> Parameters: 0e24e93fd0ce496ebfe4759d9dcec3c5(String)
2026-07-14 23:51:01.999 [http-nio-8002-exec-10] [39mDEBUG[0;39m [36mx.modules.security.dao.SysUserTokenDao.getByToken[0;39m - ==>  Preparing: select * from sys_user_token where token = ?
2026-07-14 23:51:02.000 [http-nio-8002-exec-10] [39mDEBUG[0;39m [36mx.modules.security.dao.SysUserTokenDao.getByToken[0;39m - ==> Parameters: 0e24e93fd0ce496ebfe4759d9dcec3c5(String)
2026-07-14 23:51:02.001 [http-nio-8002-exec-9] [39mDEBUG[0;39m [36mx.modules.security.dao.SysUserTokenDao.getByToken[0;39m - <==      Total: 1
2026-07-14 23:51:02.003 [http-nio-8002-exec-9] [39mDEBUG[0;39m [36mxiaozhi.modules.sys.dao.SysUserDao.selectById[0;39m - ==>  Preparing: SELECT id,username,password,super_admin,status,head_url,updater,update_date,creator,create_date FROM sys_user WHERE id=?
2026-07-14 23:51:02.004 [http-nio-8002-exec-9] [39mDEBUG[0;39m [36mxiaozhi.modules.sys.dao.SysUserDao.selectById[0;39m - ==> Parameters: 2076997049127047169(Long)
2026-07-14 23:51:02.006 [http-nio-8002-exec-9] [39mDEBUG[0;39m [36mxiaozhi.modules.sys.dao.SysUserDao.selectById[0;39m - <==      Total: 1
2026-07-14 23:51:02.007 [http-nio-8002-exec-10] [39mDEBUG[0;39m [36mx.modules.security.dao.SysUserTokenDao.getByToken[0;39m - <==      Total: 1
2026-07-14 23:51:02.008 [http-nio-8002-exec-10] [39mDEBUG[0;39m [36mxiaozhi.modules.sys.dao.SysUserDao.selectById[0;39m - ==>  Preparing: SELECT id,username,password,super_admin,status,head_url,updater,update_date,creator,create_date FROM sys_user WHERE id=?
2026-07-14 23:51:02.010 [http-nio-8002-exec-9] [39mDEBUG[0;39m [36mxiaozhi.modules.sys.dao.SysUserDao.selectById[0;39m - ==>  Preparing: SELECT id,username,password,super_admin,status,head_url,updater,update_date,creator,create_date FROM sys_user WHERE id=?
2026-07-14 23:51:02.011 [http-nio-8002-exec-9] [39mDEBUG[0;39m [36mxiaozhi.modules.sys.dao.SysUserDao.selectById[0;39m - ==> Parameters: 2076997049127047169(Long)
2026-07-14 23:51:02.009 [http-nio-8002-exec-10] [39mDEBUG[0;39m [36mxiaozhi.modules.sys.dao.SysUserDao.selectById[0;39m - ==> Parameters: 2076997049127047169(Long)
2026-07-14 23:51:02.015 [http-nio-8002-exec-10] [39mDEBUG[0;39m [36mxiaozhi.modules.sys.dao.SysUserDao.selectById[0;39m - <==      Total: 1
2026-07-14 23:51:02.042 [http-nio-8002-exec-9] [39mDEBUG[0;39m [36mxiaozhi.modules.sys.dao.SysUserDao.selectById[0;39m - <==      Total: 1
2026-07-14 23:51:02.042 [http-nio-8002-exec-10] [39mDEBUG[0;39m [36mxiaozhi.modules.agent.dao.AgentDao.selectList[0;39m - ==>  Preparing: SELECT id,user_id,agent_code,agent_name,asr_model_id,vad_model_id,llm_model_id,vllm_model_id,tts_model_id,tts_voice_id,mem_model_id,intent_model_id,chat_history_conf,system_prompt,summary_memory,lang_code,language,sort,creator,created_at,updater,updated_at FROM ai_agent WHERE (user_id = ?)
2026-07-14 23:51:02.043 [http-nio-8002-exec-10] [39mDEBUG[0;39m [36mxiaozhi.modules.agent.dao.AgentDao.selectList[0;39m - ==> Parameters: 2076997049127047169(Long)
2026-07-14 23:51:02.051 [http-nio-8002-exec-10] [39mDEBUG[0;39m [36mxiaozhi.modules.agent.dao.AgentDao.selectList[0;39m - <==      Total: 1
2026-07-14 23:51:02.072 [http-nio-8002-exec-10] [39mDEBUG[0;39m [36mx.m.d.dao.DeviceDao.getAllLastConnectedAtByAgentId[0;39m - ==>  Preparing: SELECT last_connected_at FROM ai_device WHERE agent_id = ? order by last_connected_at desc limit 0,1
2026-07-14 23:51:02.073 [http-nio-8002-exec-10] [39mDEBUG[0;39m [36mx.m.d.dao.DeviceDao.getAllLastConnectedAtByAgentId[0;39m - ==> Parameters: 859ee126bade45d5a01efbad3fa4c1b0(String)
2026-07-14 23:51:02.075 [http-nio-8002-exec-10] [39mDEBUG[0;39m [36mx.m.d.dao.DeviceDao.getAllLastConnectedAtByAgentId[0;39m - <==      Total: 0
2026-07-14 23:51:20.725 [http-nio-8002-exec-8] [39mDEBUG[0;39m [36mx.modules.security.dao.SysUserTokenDao.getByToken[0;39m - ==>  Preparing: select * from sys_user_token where token = ?
2026-07-14 23:51:20.726 [http-nio-8002-exec-8] [39mDEBUG[0;39m [36mx.modules.security.dao.SysUserTokenDao.getByToken[0;39m - ==> Parameters: 0e24e93fd0ce496ebfe4759d9dcec3c5(String)
2026-07-14 23:51:20.730 [http-nio-8002-exec-8] [39mDEBUG[0;39m [36mx.modules.security.dao.SysUserTokenDao.getByToken[0;39m - <==      Total: 1
2026-07-14 23:51:20.731 [http-nio-8002-exec-8] [39mDEBUG[0;39m [36mxiaozhi.modules.sys.dao.SysUserDao.selectById[0;39m - ==>  Preparing: SELECT id,username,password,super_admin,status,head_url,updater,update_date,creator,create_date FROM sys_user WHERE id=?
2026-07-14 23:51:20.731 [http-nio-8002-exec-8] [39mDEBUG[0;39m [36mxiaozhi.modules.sys.dao.SysUserDao.selectById[0;39m - ==> Parameters: 2076997049127047169(Long)
2026-07-14 23:51:20.734 [http-nio-8002-exec-8] [39mDEBUG[0;39m [36mxiaozhi.modules.sys.dao.SysUserDao.selectById[0;39m - <==      Total: 1
2026-07-14 23:51:20.913 [http-nio-8002-exec-8] [39mDEBUG[0;39m [36mxiaozhi.modules.sys.dao.SysUserDao.updateById[0;39m - ==>  Preparing: UPDATE sys_user SET head_url=?, updater=?, update_date=? WHERE id=?
2026-07-14 23:51:20.915 [http-nio-8002-exec-8] [39mDEBUG[0;39m [36mxiaozhi.modules.sys.dao.SysUserDao.updateById[0;39m - ==> Parameters: /uploadfile/avatar/2076997049127047169_1784044280799.png(String), 2076997049127047169(Long), 2026-07-14 23:51:20.897(Timestamp), 2076997049127047169(Long)
2026-07-14 23:51:20.975 [http-nio-8002-exec-8] [39mDEBUG[0;39m [36mxiaozhi.modules.sys.dao.SysUserDao.updateById[0;39m - <==    Updates: 1
